surah,ayah,translation
1,1,SYNTHETIC TRAINING TEXT. Archive shelf 1:1 contains three folders.
1,2,SYNTHETIC TRAINING TEXT. Archive shelf 1:2 contains three folders.
1,4,SYNTHETIC TRAINING TEXT. Archive shelf 1:4 contains three folders.
1,6,SYNTHETIC TRAINING TEXT. Archive shelf 1:6 contains three folders.
1,5,SYNTHETIC TRAINING TEXT. Archive shelf 1:5 contains three folders.
1,7,SYNTHETIC TRAINING TEXT. Archive shelf 1:7 contains three folders.
2,1,SYNTHETIC TRAINING TEXT. Bob lends a bicycle to Alice. Alice does not lend a bicycle to Bob.
2,2,SYNTHETIC TRAINING TEXT. Alice approves Bob but Bob does not approve Alice.
2,3,SYNTHETIC TRAINING TEXT. The museum is not open on Monday.
2,4,SYNTHETIC TRAINING TEXT. The package contains a book.
2,5,SYNTHETIC TRAINING TEXT. Nora closed the door.
2,6,"SYNTHETIC TRAINING TEXT. The label reads ""Research, notes"".
The box is red & blue."
2,7,SYNTHETIC TRAINING TEXT. Archive shelf 2:7 contains three folders.
2,8,SYNTHETIC TRAINING TEXT. Archive shelf 2:8 contains three folders.
2,9,SYNTHETIC TRAINING TEXT. Archive shelf 2:9 contains three folders.
2,10,SYNTHETIC TRAINING TEXT. Archive shelf 2:10 contains three folders.
2,11,SYNTHETIC TRAINING TEXT. Archive shelf 2:11 contains three folders.
2,12,SYNTHETIC TRAINING TEXT. Archive shelf 2:12 contains three folders.
2,13,SYNTHETIC TRAINING TEXT. Archive shelf 2:13 contains three folders.
2,14,SYNTHETIC TRAINING TEXT. Archive shelf 2:14 contains three folders.
2,15,SYNTHETIC TRAINING TEXT. Archive shelf 2:15 contains three folders.
2,16,SYNTHETIC TRAINING TEXT. Archive shelf 2:16 contains three folders.
2,17,SYNTHETIC TRAINING TEXT. Archive shelf 2:17 contains three folders.
2,18,SYNTHETIC TRAINING TEXT. Archive shelf 2:18 contains three folders.
2,19,SYNTHETIC TRAINING TEXT. Archive shelf 2:19 contains three folders.
2,20,SYNTHETIC TRAINING TEXT. Archive shelf 2:20 contains three folders.
2,21,SYNTHETIC TRAINING TEXT. Archive shelf 2:21 contains three folders.
2,22,SYNTHETIC TRAINING TEXT. Archive shelf 2:22 contains three folders.
2,23,SYNTHETIC TRAINING TEXT. Archive shelf 2:23 contains three folders.
2,24,SYNTHETIC TRAINING TEXT. Archive shelf 2:24 contains three folders.
2,25,SYNTHETIC TRAINING TEXT. Archive shelf 2:25 contains three folders.
2,26,SYNTHETIC TRAINING TEXT. Archive shelf 2:26 contains three folders.
2,27,SYNTHETIC TRAINING TEXT. Archive shelf 2:27 contains three folders.
2,28,SYNTHETIC TRAINING TEXT. Archive shelf 2:28 contains three folders.
2,29,SYNTHETIC TRAINING TEXT. Archive shelf 2:29 contains three folders.
2,30,SYNTHETIC TRAINING TEXT. Archive shelf 2:30 contains three folders.
2,31,SYNTHETIC TRAINING TEXT. Archive shelf 2:31 contains three folders.
2,32,SYNTHETIC TRAINING TEXT. Archive shelf 2:32 contains three folders.
2,33,SYNTHETIC TRAINING TEXT. Archive shelf 2:33 contains three folders.
2,34,SYNTHETIC TRAINING TEXT. Archive shelf 2:34 contains three folders.
2,35,SYNTHETIC TRAINING TEXT. Archive shelf 2:35 contains three folders.
2,36,SYNTHETIC TRAINING TEXT. Archive shelf 2:36 contains three folders.
2,37,SYNTHETIC TRAINING TEXT. Archive shelf 2:37 contains three folders.
2,38,SYNTHETIC TRAINING TEXT. Archive shelf 2:38 contains three folders.
2,39,SYNTHETIC TRAINING TEXT. Archive shelf 2:39 contains three folders.
2,40,SYNTHETIC TRAINING TEXT. Archive shelf 2:40 contains three folders.
2,41,SYNTHETIC TRAINING TEXT. Archive shelf 2:41 contains three folders.
2,42,SYNTHETIC TRAINING TEXT. Archive shelf 2:42 contains three folders.
2,43,SYNTHETIC TRAINING TEXT. Archive shelf 2:43 contains three folders.
2,44,SYNTHETIC TRAINING TEXT. Archive shelf 2:44 contains three folders.
2,45,SYNTHETIC TRAINING TEXT. Archive shelf 2:45 contains three folders.
2,46,SYNTHETIC TRAINING TEXT. Archive shelf 2:46 contains three folders.
2,47,SYNTHETIC TRAINING TEXT. Archive shelf 2:47 contains three folders.
2,48,SYNTHETIC TRAINING TEXT. Archive shelf 2:48 contains three folders.
2,49,SYNTHETIC TRAINING TEXT. Archive shelf 2:49 contains three folders.
2,50,SYNTHETIC TRAINING TEXT. Archive shelf 2:50 contains three folders.
2,51,SYNTHETIC TRAINING TEXT. Archive shelf 2:51 contains three folders.
2,52,SYNTHETIC TRAINING TEXT. Archive shelf 2:52 contains three folders.
2,53,SYNTHETIC TRAINING TEXT. Archive shelf 2:53 contains three folders.
2,54,SYNTHETIC TRAINING TEXT. Archive shelf 2:54 contains three folders.
2,55,SYNTHETIC TRAINING TEXT. Archive shelf 2:55 contains three folders.
2,56,SYNTHETIC TRAINING TEXT. Archive shelf 2:56 contains three folders.
2,57,SYNTHETIC TRAINING TEXT. Archive shelf 2:57 contains three folders.
2,58,SYNTHETIC TRAINING TEXT. Archive shelf 2:58 contains three folders.
2,59,SYNTHETIC TRAINING TEXT. Archive shelf 2:59 contains three folders.
2,60,SYNTHETIC TRAINING TEXT. Archive shelf 2:60 contains three folders.
2,61,SYNTHETIC TRAINING TEXT. Archive shelf 2:61 contains three folders.
2,62,SYNTHETIC TRAINING TEXT. Archive shelf 2:62 contains three folders.
2,63,SYNTHETIC TRAINING TEXT. Archive shelf 2:63 contains three folders.
2,64,SYNTHETIC TRAINING TEXT. Archive shelf 2:64 contains three folders.
2,65,SYNTHETIC TRAINING TEXT. Archive shelf 2:65 contains three folders.
2,66,SYNTHETIC TRAINING TEXT. Archive shelf 2:66 contains three folders.
2,67,SYNTHETIC TRAINING TEXT. Archive shelf 2:67 contains three folders.
2,68,SYNTHETIC TRAINING TEXT. Archive shelf 2:68 contains three folders.
2,69,SYNTHETIC TRAINING TEXT. Archive shelf 2:69 contains three folders.
2,70,SYNTHETIC TRAINING TEXT. Archive shelf 2:70 contains three folders.
2,71,SYNTHETIC TRAINING TEXT. Archive shelf 2:71 contains three folders.
2,72,SYNTHETIC TRAINING TEXT. Archive shelf 2:72 contains three folders.
2,73,SYNTHETIC TRAINING TEXT. Archive shelf 2:73 contains three folders.
2,74,SYNTHETIC TRAINING TEXT. Archive shelf 2:74 contains three folders.
2,75,SYNTHETIC TRAINING TEXT. Archive shelf 2:75 contains three folders.
2,76,SYNTHETIC TRAINING TEXT. Archive shelf 2:76 contains three folders.
2,77,SYNTHETIC TRAINING TEXT. Archive shelf 2:77 contains three folders.
2,78,SYNTHETIC TRAINING TEXT. Archive shelf 2:78 contains three folders.
2,79,SYNTHETIC TRAINING TEXT. Archive shelf 2:79 contains three folders.
2,80,SYNTHETIC TRAINING TEXT. Archive shelf 2:80 contains three folders.
2,81,SYNTHETIC TRAINING TEXT. Archive shelf 2:81 contains three folders.
2,82,SYNTHETIC TRAINING TEXT. Archive shelf 2:82 contains three folders.
2,83,SYNTHETIC TRAINING TEXT. Archive shelf 2:83 contains three folders.
2,84,SYNTHETIC TRAINING TEXT. Archive shelf 2:84 contains three folders.
2,85,SYNTHETIC TRAINING TEXT. Archive shelf 2:85 contains three folders.
2,86,SYNTHETIC TRAINING TEXT. Archive shelf 2:86 contains three folders.
2,87,SYNTHETIC TRAINING TEXT. Archive shelf 2:87 contains three folders.
2,88,SYNTHETIC TRAINING TEXT. Archive shelf 2:88 contains three folders.
2,89,SYNTHETIC TRAINING TEXT. Archive shelf 2:89 contains three folders.
2,90,SYNTHETIC TRAINING TEXT. Archive shelf 2:90 contains three folders.
2,91,SYNTHETIC TRAINING TEXT. Archive shelf 2:91 contains three folders.
2,92,SYNTHETIC TRAINING TEXT. Archive shelf 2:92 contains three folders.
2,93,SYNTHETIC TRAINING TEXT. Archive shelf 2:93 contains three folders.
2,94,SYNTHETIC TRAINING TEXT. Archive shelf 2:94 contains three folders.
2,95,SYNTHETIC TRAINING TEXT. Archive shelf 2:95 contains three folders.
2,96,SYNTHETIC TRAINING TEXT. Archive shelf 2:96 contains three folders.
2,97,SYNTHETIC TRAINING TEXT. Archive shelf 2:97 contains three folders.
2,98,SYNTHETIC TRAINING TEXT. Archive shelf 2:98 contains three folders.
2,99,SYNTHETIC TRAINING TEXT. Archive shelf 2:99 contains three folders.
2,100,SYNTHETIC TRAINING TEXT. Archive shelf 2:100 contains three folders.
2,101,SYNTHETIC TRAINING TEXT. Archive shelf 2:101 contains three folders.
2,102,SYNTHETIC TRAINING TEXT. Archive shelf 2:102 contains three folders.
2,103,SYNTHETIC TRAINING TEXT. Archive shelf 2:103 contains three folders.
2,104,SYNTHETIC TRAINING TEXT. Archive shelf 2:104 contains three folders.
2,105,SYNTHETIC TRAINING TEXT. Archive shelf 2:105 contains three folders.
2,106,SYNTHETIC TRAINING TEXT. Archive shelf 2:106 contains three folders.
2,107,SYNTHETIC TRAINING TEXT. Archive shelf 2:107 contains three folders.
2,108,SYNTHETIC TRAINING TEXT. Archive shelf 2:108 contains three folders.
2,109,SYNTHETIC TRAINING TEXT. Archive shelf 2:109 contains three folders.
2,110,SYNTHETIC TRAINING TEXT. Archive shelf 2:110 contains three folders.
2,111,SYNTHETIC TRAINING TEXT. Archive shelf 2:111 contains three folders.
2,112,SYNTHETIC TRAINING TEXT. Archive shelf 2:112 contains three folders.
2,113,SYNTHETIC TRAINING TEXT. Archive shelf 2:113 contains three folders.
2,114,SYNTHETIC TRAINING TEXT. Archive shelf 2:114 contains three folders.
2,115,SYNTHETIC TRAINING TEXT. Archive shelf 2:115 contains three folders.
2,116,SYNTHETIC TRAINING TEXT. Archive shelf 2:116 contains three folders.
2,117,SYNTHETIC TRAINING TEXT. Archive shelf 2:117 contains three folders.
2,118,SYNTHETIC TRAINING TEXT. Archive shelf 2:118 contains three folders.
2,119,SYNTHETIC TRAINING TEXT. Archive shelf 2:119 contains three folders.
2,120,SYNTHETIC TRAINING TEXT. Archive shelf 2:120 contains three folders.
2,121,SYNTHETIC TRAINING TEXT. Archive shelf 2:121 contains three folders.
2,122,SYNTHETIC TRAINING TEXT. Archive shelf 2:122 contains three folders.
2,123,SYNTHETIC TRAINING TEXT. Archive shelf 2:123 contains three folders.
2,124,SYNTHETIC TRAINING TEXT. Archive shelf 2:124 contains three folders.
2,125,SYNTHETIC TRAINING TEXT. Archive shelf 2:125 contains three folders.
2,126,SYNTHETIC TRAINING TEXT. Archive shelf 2:126 contains three folders.
2,127,SYNTHETIC TRAINING TEXT. Archive shelf 2:127 contains three folders.
2,128,SYNTHETIC TRAINING TEXT. Archive shelf 2:128 contains three folders.
2,129,SYNTHETIC TRAINING TEXT. Archive shelf 2:129 contains three folders.
2,130,SYNTHETIC TRAINING TEXT. Archive shelf 2:130 contains three folders.
2,131,SYNTHETIC TRAINING TEXT. Archive shelf 2:131 contains three folders.
2,132,SYNTHETIC TRAINING TEXT. Archive shelf 2:132 contains three folders.
2,133,SYNTHETIC TRAINING TEXT. Archive shelf 2:133 contains three folders.
2,134,SYNTHETIC TRAINING TEXT. Archive shelf 2:134 contains three folders.
2,135,SYNTHETIC TRAINING TEXT. Archive shelf 2:135 contains three folders.
2,136,SYNTHETIC TRAINING TEXT. Archive shelf 2:136 contains three folders.
2,137,SYNTHETIC TRAINING TEXT. Archive shelf 2:137 contains three folders.
2,138,SYNTHETIC TRAINING TEXT. Archive shelf 2:138 contains three folders.
2,139,SYNTHETIC TRAINING TEXT. Archive shelf 2:139 contains three folders.
2,140,SYNTHETIC TRAINING TEXT. Archive shelf 2:140 contains three folders.
2,141,SYNTHETIC TRAINING TEXT. Archive shelf 2:141 contains three folders.
2,142,SYNTHETIC TRAINING TEXT. Archive shelf 2:142 contains three folders.
2,143,SYNTHETIC TRAINING TEXT. Archive shelf 2:143 contains three folders.
2,144,SYNTHETIC TRAINING TEXT. Archive shelf 2:144 contains three folders.
2,145,SYNTHETIC TRAINING TEXT. Archive shelf 2:145 contains three folders.
2,146,SYNTHETIC TRAINING TEXT. Archive shelf 2:146 contains three folders.
2,147,SYNTHETIC TRAINING TEXT. Archive shelf 2:147 contains three folders.
2,148,SYNTHETIC TRAINING TEXT. Archive shelf 2:148 contains three folders.
2,149,SYNTHETIC TRAINING TEXT. Archive shelf 2:149 contains three folders.
2,150,SYNTHETIC TRAINING TEXT. Archive shelf 2:150 contains three folders.
2,151,SYNTHETIC TRAINING TEXT. Archive shelf 2:151 contains three folders.
2,152,SYNTHETIC TRAINING TEXT. Archive shelf 2:152 contains three folders.
2,153,SYNTHETIC TRAINING TEXT. Archive shelf 2:153 contains three folders.
2,154,SYNTHETIC TRAINING TEXT. Archive shelf 2:154 contains three folders.
2,155,SYNTHETIC TRAINING TEXT. Archive shelf 2:155 contains three folders.
2,156,SYNTHETIC TRAINING TEXT. Archive shelf 2:156 contains three folders.
2,157,SYNTHETIC TRAINING TEXT. Archive shelf 2:157 contains three folders.
2,158,SYNTHETIC TRAINING TEXT. Archive shelf 2:158 contains three folders.
2,159,SYNTHETIC TRAINING TEXT. Archive shelf 2:159 contains three folders.
2,160,SYNTHETIC TRAINING TEXT. Archive shelf 2:160 contains three folders.
2,161,SYNTHETIC TRAINING TEXT. Archive shelf 2:161 contains three folders.
2,162,SYNTHETIC TRAINING TEXT. Archive shelf 2:162 contains three folders.
2,163,SYNTHETIC TRAINING TEXT. Archive shelf 2:163 contains three folders.
2,164,SYNTHETIC TRAINING TEXT. Archive shelf 2:164 contains three folders.
2,165,SYNTHETIC TRAINING TEXT. Archive shelf 2:165 contains three folders.
2,166,SYNTHETIC TRAINING TEXT. Archive shelf 2:166 contains three folders.
2,167,SYNTHETIC TRAINING TEXT. Archive shelf 2:167 contains three folders.
2,168,SYNTHETIC TRAINING TEXT. Archive shelf 2:168 contains three folders.
2,169,SYNTHETIC TRAINING TEXT. Archive shelf 2:169 contains three folders.
2,170,SYNTHETIC TRAINING TEXT. Archive shelf 2:170 contains three folders.
2,171,SYNTHETIC TRAINING TEXT. Archive shelf 2:171 contains three folders.
2,172,SYNTHETIC TRAINING TEXT. Archive shelf 2:172 contains three folders.
2,173,SYNTHETIC TRAINING TEXT. Archive shelf 2:173 contains three folders.
2,174,SYNTHETIC TRAINING TEXT. Archive shelf 2:174 contains three folders.
2,175,SYNTHETIC TRAINING TEXT. Archive shelf 2:175 contains three folders.
2,176,SYNTHETIC TRAINING TEXT. Archive shelf 2:176 contains three folders.
2,177,SYNTHETIC TRAINING TEXT. Archive shelf 2:177 contains three folders.
2,178,SYNTHETIC TRAINING TEXT. Archive shelf 2:178 contains three folders.
2,179,SYNTHETIC TRAINING TEXT. Archive shelf 2:179 contains three folders.
2,180,SYNTHETIC TRAINING TEXT. Archive shelf 2:180 contains three folders.
2,181,SYNTHETIC TRAINING TEXT. Archive shelf 2:181 contains three folders.
2,182,SYNTHETIC TRAINING TEXT. Archive shelf 2:182 contains three folders.
2,183,SYNTHETIC TRAINING TEXT. Archive shelf 2:183 contains three folders.
2,184,SYNTHETIC TRAINING TEXT. Archive shelf 2:184 contains three folders.
2,185,SYNTHETIC TRAINING TEXT. Archive shelf 2:185 contains three folders.
2,186,SYNTHETIC TRAINING TEXT. Archive shelf 2:186 contains three folders.
2,187,SYNTHETIC TRAINING TEXT. Archive shelf 2:187 contains three folders.
2,188,SYNTHETIC TRAINING TEXT. Archive shelf 2:188 contains three folders.
2,189,SYNTHETIC TRAINING TEXT. Archive shelf 2:189 contains three folders.
2,190,SYNTHETIC TRAINING TEXT. Archive shelf 2:190 contains three folders.
2,191,SYNTHETIC TRAINING TEXT. Archive shelf 2:191 contains three folders.
2,192,SYNTHETIC TRAINING TEXT. Archive shelf 2:192 contains three folders.
2,193,SYNTHETIC TRAINING TEXT. Archive shelf 2:193 contains three folders.
2,194,SYNTHETIC TRAINING TEXT. Archive shelf 2:194 contains three folders.
2,195,SYNTHETIC TRAINING TEXT. Archive shelf 2:195 contains three folders.
2,196,SYNTHETIC TRAINING TEXT. Archive shelf 2:196 contains three folders.
2,197,SYNTHETIC TRAINING TEXT. Archive shelf 2:197 contains three folders.
2,198,SYNTHETIC TRAINING TEXT. Archive shelf 2:198 contains three folders.
2,199,SYNTHETIC TRAINING TEXT. Archive shelf 2:199 contains three folders.
2,200,SYNTHETIC TRAINING TEXT. Archive shelf 2:200 contains three folders.
2,201,SYNTHETIC TRAINING TEXT. Archive shelf 2:201 contains three folders.
2,202,SYNTHETIC TRAINING TEXT. Archive shelf 2:202 contains three folders.
2,203,SYNTHETIC TRAINING TEXT. Archive shelf 2:203 contains three folders.
2,204,SYNTHETIC TRAINING TEXT. Archive shelf 2:204 contains three folders.
2,205,SYNTHETIC TRAINING TEXT. Archive shelf 2:205 contains three folders.
2,206,SYNTHETIC TRAINING TEXT. Archive shelf 2:206 contains three folders.
2,207,SYNTHETIC TRAINING TEXT. Archive shelf 2:207 contains three folders.
2,208,SYNTHETIC TRAINING TEXT. Archive shelf 2:208 contains three folders.
2,209,SYNTHETIC TRAINING TEXT. Archive shelf 2:209 contains three folders.
2,210,SYNTHETIC TRAINING TEXT. Archive shelf 2:210 contains three folders.
2,211,SYNTHETIC TRAINING TEXT. Archive shelf 2:211 contains three folders.
2,212,SYNTHETIC TRAINING TEXT. Archive shelf 2:212 contains three folders.
2,213,SYNTHETIC TRAINING TEXT. Archive shelf 2:213 contains three folders.
2,214,SYNTHETIC TRAINING TEXT. Archive shelf 2:214 contains three folders.
2,215,SYNTHETIC TRAINING TEXT. Archive shelf 2:215 contains three folders.
2,216,SYNTHETIC TRAINING TEXT. Archive shelf 2:216 contains three folders.
2,217,SYNTHETIC TRAINING TEXT. Archive shelf 2:217 contains three folders.
2,218,SYNTHETIC TRAINING TEXT. Archive shelf 2:218 contains three folders.
2,219,SYNTHETIC TRAINING TEXT. Archive shelf 2:219 contains three folders.
2,220,SYNTHETIC TRAINING TEXT. Archive shelf 2:220 contains three folders.
2,221,SYNTHETIC TRAINING TEXT. Archive shelf 2:221 contains three folders.
2,222,SYNTHETIC TRAINING TEXT. Archive shelf 2:222 contains three folders.
2,223,SYNTHETIC TRAINING TEXT. Archive shelf 2:223 contains three folders.
2,224,SYNTHETIC TRAINING TEXT. Archive shelf 2:224 contains three folders.
2,225,SYNTHETIC TRAINING TEXT. Archive shelf 2:225 contains three folders.
2,226,SYNTHETIC TRAINING TEXT. Archive shelf 2:226 contains three folders.
2,227,SYNTHETIC TRAINING TEXT. Archive shelf 2:227 contains three folders.
2,228,SYNTHETIC TRAINING TEXT. Archive shelf 2:228 contains three folders.
2,229,SYNTHETIC TRAINING TEXT. Archive shelf 2:229 contains three folders.
2,230,SYNTHETIC TRAINING TEXT. Archive shelf 2:230 contains three folders.
2,231,SYNTHETIC TRAINING TEXT. Archive shelf 2:231 contains three folders.
2,232,SYNTHETIC TRAINING TEXT. Archive shelf 2:232 contains three folders.
2,233,SYNTHETIC TRAINING TEXT. Archive shelf 2:233 contains three folders.
2,234,SYNTHETIC TRAINING TEXT. Archive shelf 2:234 contains three folders.
2,235,SYNTHETIC TRAINING TEXT. Archive shelf 2:235 contains three folders.
2,236,SYNTHETIC TRAINING TEXT. Archive shelf 2:236 contains three folders.
2,237,SYNTHETIC TRAINING TEXT. Archive shelf 2:237 contains three folders.
2,238,SYNTHETIC TRAINING TEXT. Archive shelf 2:238 contains three folders.
2,239,SYNTHETIC TRAINING TEXT. Archive shelf 2:239 contains three folders.
2,240,SYNTHETIC TRAINING TEXT. Archive shelf 2:240 contains three folders.
2,241,SYNTHETIC TRAINING TEXT. Archive shelf 2:241 contains three folders.
2,242,SYNTHETIC TRAINING TEXT. Archive shelf 2:242 contains three folders.
2,243,SYNTHETIC TRAINING TEXT. Archive shelf 2:243 contains three folders.
2,244,SYNTHETIC TRAINING TEXT. Archive shelf 2:244 contains three folders.
2,245,SYNTHETIC TRAINING TEXT. Archive shelf 2:245 contains three folders.
2,246,SYNTHETIC TRAINING TEXT. Archive shelf 2:246 contains three folders.
2,247,SYNTHETIC TRAINING TEXT. Archive shelf 2:247 contains three folders.
2,248,SYNTHETIC TRAINING TEXT. Archive shelf 2:248 contains three folders.
2,249,SYNTHETIC TRAINING TEXT. Archive shelf 2:249 contains three folders.
2,250,SYNTHETIC TRAINING TEXT. Archive shelf 2:250 contains three folders.
2,251,SYNTHETIC TRAINING TEXT. Archive shelf 2:251 contains three folders.
2,252,SYNTHETIC TRAINING TEXT. Archive shelf 2:252 contains three folders.
2,253,SYNTHETIC TRAINING TEXT. Archive shelf 2:253 contains three folders.
2,254,SYNTHETIC TRAINING TEXT. Archive shelf 2:254 contains three folders.
2,255,SYNTHETIC TRAINING TEXT. Archive shelf 2:255 contains three folders.
2,256,SYNTHETIC TRAINING TEXT. Archive shelf 2:256 contains three folders.
2,257,SYNTHETIC TRAINING TEXT. Archive shelf 2:257 contains three folders.
2,258,SYNTHETIC TRAINING TEXT. Archive shelf 2:258 contains three folders.
2,259,SYNTHETIC TRAINING TEXT. Archive shelf 2:259 contains three folders.
2,260,SYNTHETIC TRAINING TEXT. Archive shelf 2:260 contains three folders.
2,261,SYNTHETIC TRAINING TEXT. Archive shelf 2:261 contains three folders.
2,262,SYNTHETIC TRAINING TEXT. Archive shelf 2:262 contains three folders.
2,263,SYNTHETIC TRAINING TEXT. Archive shelf 2:263 contains three folders.
2,264,SYNTHETIC TRAINING TEXT. Archive shelf 2:264 contains three folders.
2,265,SYNTHETIC TRAINING TEXT. Archive shelf 2:265 contains three folders.
2,266,SYNTHETIC TRAINING TEXT. Archive shelf 2:266 contains three folders.
2,267,SYNTHETIC TRAINING TEXT. Archive shelf 2:267 contains three folders.
2,268,SYNTHETIC TRAINING TEXT. Archive shelf 2:268 contains three folders.
2,269,SYNTHETIC TRAINING TEXT. Archive shelf 2:269 contains three folders.
2,270,SYNTHETIC TRAINING TEXT. Archive shelf 2:270 contains three folders.
2,271,SYNTHETIC TRAINING TEXT. Archive shelf 2:271 contains three folders.
2,272,SYNTHETIC TRAINING TEXT. Archive shelf 2:272 contains three folders.
2,273,SYNTHETIC TRAINING TEXT. Archive shelf 2:273 contains three folders.
2,274,SYNTHETIC TRAINING TEXT. Archive shelf 2:274 contains three folders.
2,275,SYNTHETIC TRAINING TEXT. Archive shelf 2:275 contains three folders.
2,276,SYNTHETIC TRAINING TEXT. Archive shelf 2:276 contains three folders.
2,277,SYNTHETIC TRAINING TEXT. Archive shelf 2:277 contains three folders.
2,278,SYNTHETIC TRAINING TEXT. Archive shelf 2:278 contains three folders.
2,279,SYNTHETIC TRAINING TEXT. Archive shelf 2:279 contains three folders.
2,280,SYNTHETIC TRAINING TEXT. Archive shelf 2:280 contains three folders.
2,281,SYNTHETIC TRAINING TEXT. Archive shelf 2:281 contains three folders.
2,282,SYNTHETIC TRAINING TEXT. Archive shelf 2:282 contains three folders.
2,283,SYNTHETIC TRAINING TEXT. Archive shelf 2:283 contains three folders.
2,284,SYNTHETIC TRAINING TEXT. Archive shelf 2:284 contains three folders.
2,285,SYNTHETIC TRAINING TEXT. Archive shelf 2:285 contains three folders.
2,286,SYNTHETIC TRAINING TEXT. Archive shelf 2:286 contains three folders.
3,1,SYNTHETIC TRAINING TEXT. Archive shelf 3:1 contains three folders.
3,2,SYNTHETIC TRAINING TEXT. Archive shelf 3:2 contains three folders.
3,3,SYNTHETIC TRAINING TEXT. Archive shelf 3:3 contains three folders.
3,4,SYNTHETIC TRAINING TEXT. Archive shelf 3:4 contains three folders.
3,5,SYNTHETIC TRAINING TEXT. Archive shelf 3:5 contains three folders.
3,6,SYNTHETIC TRAINING TEXT. Archive shelf 3:6 contains three folders.
3,7,SYNTHETIC TRAINING TEXT. Archive shelf 3:7 contains three folders.
3,8,SYNTHETIC TRAINING TEXT. Archive shelf 3:8 contains three folders.
3,9,SYNTHETIC TRAINING TEXT. Archive shelf 3:9 contains three folders.
3,10,SYNTHETIC TRAINING TEXT. Archive shelf 3:10 contains three folders.
3,11,SYNTHETIC TRAINING TEXT. Archive shelf 3:11 contains three folders.
3,12,SYNTHETIC TRAINING TEXT. Archive shelf 3:12 contains three folders.
3,13,SYNTHETIC TRAINING TEXT. Archive shelf 3:13 contains three folders.
3,14,SYNTHETIC TRAINING TEXT. Archive shelf 3:14 contains three folders.
3,15,SYNTHETIC TRAINING TEXT. Archive shelf 3:15 contains three folders.
3,16,SYNTHETIC TRAINING TEXT. Archive shelf 3:16 contains three folders.
3,17,SYNTHETIC TRAINING TEXT. Archive shelf 3:17 contains three folders.
3,18,SYNTHETIC TRAINING TEXT. Archive shelf 3:18 contains three folders.
3,19,SYNTHETIC TRAINING TEXT. Archive shelf 3:19 contains three folders.
3,20,SYNTHETIC TRAINING TEXT. Archive shelf 3:20 contains three folders.
3,21,SYNTHETIC TRAINING TEXT. Archive shelf 3:21 contains three folders.
3,22,SYNTHETIC TRAINING TEXT. Archive shelf 3:22 contains three folders.
3,23,SYNTHETIC TRAINING TEXT. Archive shelf 3:23 contains three folders.
3,24,SYNTHETIC TRAINING TEXT. Archive shelf 3:24 contains three folders.
3,25,SYNTHETIC TRAINING TEXT. Archive shelf 3:25 contains three folders.
3,26,SYNTHETIC TRAINING TEXT. Archive shelf 3:26 contains three folders.
3,27,SYNTHETIC TRAINING TEXT. Archive shelf 3:27 contains three folders.
3,28,SYNTHETIC TRAINING TEXT. Archive shelf 3:28 contains three folders.
3,29,SYNTHETIC TRAINING TEXT. Archive shelf 3:29 contains three folders.
3,30,SYNTHETIC TRAINING TEXT. Archive shelf 3:30 contains three folders.
3,31,SYNTHETIC TRAINING TEXT. Archive shelf 3:31 contains three folders.
3,32,SYNTHETIC TRAINING TEXT. Archive shelf 3:32 contains three folders.
3,33,SYNTHETIC TRAINING TEXT. Archive shelf 3:33 contains three folders.
3,34,SYNTHETIC TRAINING TEXT. Archive shelf 3:34 contains three folders.
3,35,SYNTHETIC TRAINING TEXT. Archive shelf 3:35 contains three folders.
3,36,SYNTHETIC TRAINING TEXT. Archive shelf 3:36 contains three folders.
3,37,SYNTHETIC TRAINING TEXT. Archive shelf 3:37 contains three folders.
3,38,SYNTHETIC TRAINING TEXT. Archive shelf 3:38 contains three folders.
3,39,SYNTHETIC TRAINING TEXT. Archive shelf 3:39 contains three folders.
3,40,SYNTHETIC TRAINING TEXT. Archive shelf 3:40 contains three folders.
3,41,SYNTHETIC TRAINING TEXT. Archive shelf 3:41 contains three folders.
3,42,SYNTHETIC TRAINING TEXT. Archive shelf 3:42 contains three folders.
3,43,SYNTHETIC TRAINING TEXT. Archive shelf 3:43 contains three folders.
3,44,SYNTHETIC TRAINING TEXT. Archive shelf 3:44 contains three folders.
3,45,SYNTHETIC TRAINING TEXT. Archive shelf 3:45 contains three folders.
3,46,SYNTHETIC TRAINING TEXT. Archive shelf 3:46 contains three folders.
3,47,SYNTHETIC TRAINING TEXT. Archive shelf 3:47 contains three folders.
3,48,SYNTHETIC TRAINING TEXT. Archive shelf 3:48 contains three folders.
3,49,SYNTHETIC TRAINING TEXT. Archive shelf 3:49 contains three folders.
3,50,SYNTHETIC TRAINING TEXT. Archive shelf 3:50 contains three folders.
3,51,SYNTHETIC TRAINING TEXT. Archive shelf 3:51 contains three folders.
3,52,SYNTHETIC TRAINING TEXT. Archive shelf 3:52 contains three folders.
3,53,SYNTHETIC TRAINING TEXT. Archive shelf 3:53 contains three folders.
3,54,SYNTHETIC TRAINING TEXT. Archive shelf 3:54 contains three folders.
3,55,SYNTHETIC TRAINING TEXT. Archive shelf 3:55 contains three folders.
3,56,SYNTHETIC TRAINING TEXT. Archive shelf 3:56 contains three folders.
3,57,SYNTHETIC TRAINING TEXT. Archive shelf 3:57 contains three folders.
3,58,SYNTHETIC TRAINING TEXT. Archive shelf 3:58 contains three folders.
3,59,SYNTHETIC TRAINING TEXT. Archive shelf 3:59 contains three folders.
3,60,SYNTHETIC TRAINING TEXT. Archive shelf 3:60 contains three folders.
3,61,SYNTHETIC TRAINING TEXT. Archive shelf 3:61 contains three folders.
3,62,SYNTHETIC TRAINING TEXT. Archive shelf 3:62 contains three folders.
3,63,SYNTHETIC TRAINING TEXT. Archive shelf 3:63 contains three folders.
3,64,SYNTHETIC TRAINING TEXT. Archive shelf 3:64 contains three folders.
3,65,SYNTHETIC TRAINING TEXT. Archive shelf 3:65 contains three folders.
3,66,SYNTHETIC TRAINING TEXT. Archive shelf 3:66 contains three folders.
3,67,SYNTHETIC TRAINING TEXT. Archive shelf 3:67 contains three folders.
3,68,SYNTHETIC TRAINING TEXT. Archive shelf 3:68 contains three folders.
3,69,SYNTHETIC TRAINING TEXT. Archive shelf 3:69 contains three folders.
3,70,SYNTHETIC TRAINING TEXT. Archive shelf 3:70 contains three folders.
3,71,SYNTHETIC TRAINING TEXT. Archive shelf 3:71 contains three folders.
3,72,SYNTHETIC TRAINING TEXT. Archive shelf 3:72 contains three folders.
3,73,SYNTHETIC TRAINING TEXT. Archive shelf 3:73 contains three folders.
3,74,SYNTHETIC TRAINING TEXT. Archive shelf 3:74 contains three folders.
3,75,SYNTHETIC TRAINING TEXT. Archive shelf 3:75 contains three folders.
3,76,SYNTHETIC TRAINING TEXT. Archive shelf 3:76 contains three folders.
3,77,SYNTHETIC TRAINING TEXT. Archive shelf 3:77 contains three folders.
3,78,SYNTHETIC TRAINING TEXT. Archive shelf 3:78 contains three folders.
3,79,SYNTHETIC TRAINING TEXT. Archive shelf 3:79 contains three folders.
3,80,SYNTHETIC TRAINING TEXT. Archive shelf 3:80 contains three folders.
3,81,SYNTHETIC TRAINING TEXT. Archive shelf 3:81 contains three folders.
3,82,SYNTHETIC TRAINING TEXT. Archive shelf 3:82 contains three folders.
3,83,SYNTHETIC TRAINING TEXT. Archive shelf 3:83 contains three folders.
3,84,SYNTHETIC TRAINING TEXT. Archive shelf 3:84 contains three folders.
3,85,SYNTHETIC TRAINING TEXT. Archive shelf 3:85 contains three folders.
3,86,SYNTHETIC TRAINING TEXT. Archive shelf 3:86 contains three folders.
3,87,SYNTHETIC TRAINING TEXT. Archive shelf 3:87 contains three folders.
3,88,SYNTHETIC TRAINING TEXT. Archive shelf 3:88 contains three folders.
3,89,SYNTHETIC TRAINING TEXT. Archive shelf 3:89 contains three folders.
3,90,SYNTHETIC TRAINING TEXT. Archive shelf 3:90 contains three folders.
3,91,SYNTHETIC TRAINING TEXT. Archive shelf 3:91 contains three folders.
3,92,SYNTHETIC TRAINING TEXT. Archive shelf 3:92 contains three folders.
3,93,SYNTHETIC TRAINING TEXT. Archive shelf 3:93 contains three folders.
3,94,SYNTHETIC TRAINING TEXT. Archive shelf 3:94 contains three folders.
3,95,SYNTHETIC TRAINING TEXT. Archive shelf 3:95 contains three folders.
3,96,SYNTHETIC TRAINING TEXT. Archive shelf 3:96 contains three folders.
3,97,SYNTHETIC TRAINING TEXT. Archive shelf 3:97 contains three folders.
3,98,SYNTHETIC TRAINING TEXT. Archive shelf 3:98 contains three folders.
3,99,SYNTHETIC TRAINING TEXT. Archive shelf 3:99 contains three folders.
3,100,SYNTHETIC TRAINING TEXT. Archive shelf 3:100 contains three folders.
3,101,SYNTHETIC TRAINING TEXT. Archive shelf 3:101 contains three folders.
3,102,SYNTHETIC TRAINING TEXT. Archive shelf 3:102 contains three folders.
3,103,SYNTHETIC TRAINING TEXT. Archive shelf 3:103 contains three folders.
3,104,SYNTHETIC TRAINING TEXT. Archive shelf 3:104 contains three folders.
3,105,SYNTHETIC TRAINING TEXT. Archive shelf 3:105 contains three folders.
3,106,SYNTHETIC TRAINING TEXT. Archive shelf 3:106 contains three folders.
3,107,SYNTHETIC TRAINING TEXT. Archive shelf 3:107 contains three folders.
3,108,SYNTHETIC TRAINING TEXT. Archive shelf 3:108 contains three folders.
3,109,SYNTHETIC TRAINING TEXT. Archive shelf 3:109 contains three folders.
3,110,SYNTHETIC TRAINING TEXT. Archive shelf 3:110 contains three folders.
3,111,SYNTHETIC TRAINING TEXT. Archive shelf 3:111 contains three folders.
3,112,SYNTHETIC TRAINING TEXT. Archive shelf 3:112 contains three folders.
3,113,SYNTHETIC TRAINING TEXT. Archive shelf 3:113 contains three folders.
3,114,SYNTHETIC TRAINING TEXT. Archive shelf 3:114 contains three folders.
3,115,SYNTHETIC TRAINING TEXT. Archive shelf 3:115 contains three folders.
3,116,SYNTHETIC TRAINING TEXT. Archive shelf 3:116 contains three folders.
3,117,SYNTHETIC TRAINING TEXT. Archive shelf 3:117 contains three folders.
3,118,SYNTHETIC TRAINING TEXT. Archive shelf 3:118 contains three folders.
3,119,SYNTHETIC TRAINING TEXT. Archive shelf 3:119 contains three folders.
3,120,SYNTHETIC TRAINING TEXT. Archive shelf 3:120 contains three folders.
3,121,SYNTHETIC TRAINING TEXT. Archive shelf 3:121 contains three folders.
3,122,SYNTHETIC TRAINING TEXT. Archive shelf 3:122 contains three folders.
3,123,SYNTHETIC TRAINING TEXT. Archive shelf 3:123 contains three folders.
3,124,SYNTHETIC TRAINING TEXT. Archive shelf 3:124 contains three folders.
3,125,SYNTHETIC TRAINING TEXT. Archive shelf 3:125 contains three folders.
3,126,SYNTHETIC TRAINING TEXT. Archive shelf 3:126 contains three folders.
3,127,SYNTHETIC TRAINING TEXT. Archive shelf 3:127 contains three folders.
3,128,SYNTHETIC TRAINING TEXT. Archive shelf 3:128 contains three folders.
3,129,SYNTHETIC TRAINING TEXT. Archive shelf 3:129 contains three folders.
3,130,SYNTHETIC TRAINING TEXT. Archive shelf 3:130 contains three folders.
3,131,SYNTHETIC TRAINING TEXT. Archive shelf 3:131 contains three folders.
3,132,SYNTHETIC TRAINING TEXT. Archive shelf 3:132 contains three folders.
3,133,SYNTHETIC TRAINING TEXT. Archive shelf 3:133 contains three folders.
3,134,SYNTHETIC TRAINING TEXT. Archive shelf 3:134 contains three folders.
3,135,SYNTHETIC TRAINING TEXT. Archive shelf 3:135 contains three folders.
3,136,SYNTHETIC TRAINING TEXT. Archive shelf 3:136 contains three folders.
3,137,SYNTHETIC TRAINING TEXT. Archive shelf 3:137 contains three folders.
3,138,SYNTHETIC TRAINING TEXT. Archive shelf 3:138 contains three folders.
3,139,SYNTHETIC TRAINING TEXT. Archive shelf 3:139 contains three folders.
3,140,SYNTHETIC TRAINING TEXT. Archive shelf 3:140 contains three folders.
3,141,SYNTHETIC TRAINING TEXT. Archive shelf 3:141 contains three folders.
3,142,SYNTHETIC TRAINING TEXT. Archive shelf 3:142 contains three folders.
3,143,SYNTHETIC TRAINING TEXT. Archive shelf 3:143 contains three folders.
3,144,SYNTHETIC TRAINING TEXT. Archive shelf 3:144 contains three folders.
3,145,SYNTHETIC TRAINING TEXT. Archive shelf 3:145 contains three folders.
3,146,SYNTHETIC TRAINING TEXT. Archive shelf 3:146 contains three folders.
3,147,SYNTHETIC TRAINING TEXT. Archive shelf 3:147 contains three folders.
3,148,SYNTHETIC TRAINING TEXT. Archive shelf 3:148 contains three folders.
3,149,SYNTHETIC TRAINING TEXT. Archive shelf 3:149 contains three folders.
3,150,SYNTHETIC TRAINING TEXT. Archive shelf 3:150 contains three folders.
3,151,SYNTHETIC TRAINING TEXT. Archive shelf 3:151 contains three folders.
3,152,SYNTHETIC TRAINING TEXT. Archive shelf 3:152 contains three folders.
3,153,SYNTHETIC TRAINING TEXT. Archive shelf 3:153 contains three folders.
3,154,SYNTHETIC TRAINING TEXT. Archive shelf 3:154 contains three folders.
3,155,SYNTHETIC TRAINING TEXT. Archive shelf 3:155 contains three folders.
3,156,SYNTHETIC TRAINING TEXT. Archive shelf 3:156 contains three folders.
3,157,SYNTHETIC TRAINING TEXT. Archive shelf 3:157 contains three folders.
3,158,SYNTHETIC TRAINING TEXT. Archive shelf 3:158 contains three folders.
3,159,SYNTHETIC TRAINING TEXT. Archive shelf 3:159 contains three folders.
3,160,SYNTHETIC TRAINING TEXT. Archive shelf 3:160 contains three folders.
3,161,SYNTHETIC TRAINING TEXT. Archive shelf 3:161 contains three folders.
3,162,SYNTHETIC TRAINING TEXT. Archive shelf 3:162 contains three folders.
3,163,SYNTHETIC TRAINING TEXT. Archive shelf 3:163 contains three folders.
3,164,SYNTHETIC TRAINING TEXT. Archive shelf 3:164 contains three folders.
3,165,SYNTHETIC TRAINING TEXT. Archive shelf 3:165 contains three folders.
3,166,SYNTHETIC TRAINING TEXT. Archive shelf 3:166 contains three folders.
3,167,SYNTHETIC TRAINING TEXT. Archive shelf 3:167 contains three folders.
3,168,SYNTHETIC TRAINING TEXT. Archive shelf 3:168 contains three folders.
3,169,SYNTHETIC TRAINING TEXT. Archive shelf 3:169 contains three folders.
3,170,SYNTHETIC TRAINING TEXT. Archive shelf 3:170 contains three folders.
3,171,SYNTHETIC TRAINING TEXT. Archive shelf 3:171 contains three folders.
3,172,SYNTHETIC TRAINING TEXT. Archive shelf 3:172 contains three folders.
3,173,SYNTHETIC TRAINING TEXT. Archive shelf 3:173 contains three folders.
3,174,SYNTHETIC TRAINING TEXT. Archive shelf 3:174 contains three folders.
3,175,SYNTHETIC TRAINING TEXT. Archive shelf 3:175 contains three folders.
3,176,SYNTHETIC TRAINING TEXT. Archive shelf 3:176 contains three folders.
3,177,SYNTHETIC TRAINING TEXT. Archive shelf 3:177 contains three folders.
3,178,SYNTHETIC TRAINING TEXT. Archive shelf 3:178 contains three folders.
3,179,SYNTHETIC TRAINING TEXT. Archive shelf 3:179 contains three folders.
3,180,SYNTHETIC TRAINING TEXT. Archive shelf 3:180 contains three folders.
3,181,SYNTHETIC TRAINING TEXT. Archive shelf 3:181 contains three folders.
3,182,SYNTHETIC TRAINING TEXT. Archive shelf 3:182 contains three folders.
3,183,SYNTHETIC TRAINING TEXT. Archive shelf 3:183 contains three folders.
3,184,SYNTHETIC TRAINING TEXT. Archive shelf 3:184 contains three folders.
3,185,SYNTHETIC TRAINING TEXT. Archive shelf 3:185 contains three folders.
3,186,SYNTHETIC TRAINING TEXT. Archive shelf 3:186 contains three folders.
3,187,SYNTHETIC TRAINING TEXT. Archive shelf 3:187 contains three folders.
3,188,SYNTHETIC TRAINING TEXT. Archive shelf 3:188 contains three folders.
3,189,SYNTHETIC TRAINING TEXT. Archive shelf 3:189 contains three folders.
3,190,SYNTHETIC TRAINING TEXT. Archive shelf 3:190 contains three folders.
3,191,SYNTHETIC TRAINING TEXT. Archive shelf 3:191 contains three folders.
3,192,SYNTHETIC TRAINING TEXT. Archive shelf 3:192 contains three folders.
3,193,SYNTHETIC TRAINING TEXT. Archive shelf 3:193 contains three folders.
3,194,SYNTHETIC TRAINING TEXT. Archive shelf 3:194 contains three folders.
3,195,SYNTHETIC TRAINING TEXT. Archive shelf 3:195 contains three folders.
3,196,SYNTHETIC TRAINING TEXT. Archive shelf 3:196 contains three folders.
3,197,SYNTHETIC TRAINING TEXT. Archive shelf 3:197 contains three folders.
3,198,SYNTHETIC TRAINING TEXT. Archive shelf 3:198 contains three folders.
3,199,SYNTHETIC TRAINING TEXT. Archive shelf 3:199 contains three folders.
3,200,SYNTHETIC TRAINING TEXT. Archive shelf 3:200 contains three folders.
4,1,SYNTHETIC TRAINING TEXT. Archive shelf 4:1 contains three folders.
4,2,SYNTHETIC TRAINING TEXT. Archive shelf 4:2 contains three folders.
4,3,SYNTHETIC TRAINING TEXT. Archive shelf 4:3 contains three folders.
4,4,SYNTHETIC TRAINING TEXT. Archive shelf 4:4 contains three folders.
4,5,SYNTHETIC TRAINING TEXT. Archive shelf 4:5 contains three folders.
4,6,SYNTHETIC TRAINING TEXT. Archive shelf 4:6 contains three folders.
4,7,SYNTHETIC TRAINING TEXT. Archive shelf 4:7 contains three folders.
4,8,SYNTHETIC TRAINING TEXT. Archive shelf 4:8 contains three folders.
4,9,SYNTHETIC TRAINING TEXT. Archive shelf 4:9 contains three folders.
4,10,SYNTHETIC TRAINING TEXT. Archive shelf 4:10 contains three folders.
4,11,SYNTHETIC TRAINING TEXT. Archive shelf 4:11 contains three folders.
4,12,SYNTHETIC TRAINING TEXT. Archive shelf 4:12 contains three folders.
4,13,SYNTHETIC TRAINING TEXT. Archive shelf 4:13 contains three folders.
4,14,SYNTHETIC TRAINING TEXT. Archive shelf 4:14 contains three folders.
4,15,SYNTHETIC TRAINING TEXT. Archive shelf 4:15 contains three folders.
4,16,SYNTHETIC TRAINING TEXT. Archive shelf 4:16 contains three folders.
4,17,SYNTHETIC TRAINING TEXT. Archive shelf 4:17 contains three folders.
4,18,SYNTHETIC TRAINING TEXT. Archive shelf 4:18 contains three folders.
4,19,SYNTHETIC TRAINING TEXT. Archive shelf 4:19 contains three folders.
4,20,SYNTHETIC TRAINING TEXT. Archive shelf 4:20 contains three folders.
4,21,SYNTHETIC TRAINING TEXT. Archive shelf 4:21 contains three folders.
4,22,SYNTHETIC TRAINING TEXT. Archive shelf 4:22 contains three folders.
4,23,SYNTHETIC TRAINING TEXT. Archive shelf 4:23 contains three folders.
4,24,SYNTHETIC TRAINING TEXT. Archive shelf 4:24 contains three folders.
4,25,SYNTHETIC TRAINING TEXT. Archive shelf 4:25 contains three folders.
4,26,SYNTHETIC TRAINING TEXT. Archive shelf 4:26 contains three folders.
4,27,SYNTHETIC TRAINING TEXT. Archive shelf 4:27 contains three folders.
4,28,SYNTHETIC TRAINING TEXT. Archive shelf 4:28 contains three folders.
4,29,SYNTHETIC TRAINING TEXT. Archive shelf 4:29 contains three folders.
4,30,SYNTHETIC TRAINING TEXT. Archive shelf 4:30 contains three folders.
4,31,SYNTHETIC TRAINING TEXT. Archive shelf 4:31 contains three folders.
4,32,SYNTHETIC TRAINING TEXT. Archive shelf 4:32 contains three folders.
4,33,SYNTHETIC TRAINING TEXT. Archive shelf 4:33 contains three folders.
4,34,SYNTHETIC TRAINING TEXT. Archive shelf 4:34 contains three folders.
4,35,SYNTHETIC TRAINING TEXT. Archive shelf 4:35 contains three folders.
4,36,SYNTHETIC TRAINING TEXT. Archive shelf 4:36 contains three folders.
4,37,SYNTHETIC TRAINING TEXT. Archive shelf 4:37 contains three folders.
4,38,SYNTHETIC TRAINING TEXT. Archive shelf 4:38 contains three folders.
4,39,SYNTHETIC TRAINING TEXT. Archive shelf 4:39 contains three folders.
4,40,SYNTHETIC TRAINING TEXT. Archive shelf 4:40 contains three folders.
4,41,SYNTHETIC TRAINING TEXT. Archive shelf 4:41 contains three folders.
4,42,SYNTHETIC TRAINING TEXT. Archive shelf 4:42 contains three folders.
4,43,SYNTHETIC TRAINING TEXT. Archive shelf 4:43 contains three folders.
4,44,SYNTHETIC TRAINING TEXT. Archive shelf 4:44 contains three folders.
4,45,SYNTHETIC TRAINING TEXT. Archive shelf 4:45 contains three folders.
4,46,SYNTHETIC TRAINING TEXT. Archive shelf 4:46 contains three folders.
4,47,SYNTHETIC TRAINING TEXT. Archive shelf 4:47 contains three folders.
4,48,SYNTHETIC TRAINING TEXT. Archive shelf 4:48 contains three folders.
4,49,SYNTHETIC TRAINING TEXT. Archive shelf 4:49 contains three folders.
4,50,SYNTHETIC TRAINING TEXT. Archive shelf 4:50 contains three folders.
4,51,SYNTHETIC TRAINING TEXT. Archive shelf 4:51 contains three folders.
4,52,SYNTHETIC TRAINING TEXT. Archive shelf 4:52 contains three folders.
4,53,SYNTHETIC TRAINING TEXT. Archive shelf 4:53 contains three folders.
4,54,SYNTHETIC TRAINING TEXT. Archive shelf 4:54 contains three folders.
4,55,SYNTHETIC TRAINING TEXT. Archive shelf 4:55 contains three folders.
4,56,SYNTHETIC TRAINING TEXT. Archive shelf 4:56 contains three folders.
4,57,SYNTHETIC TRAINING TEXT. Archive shelf 4:57 contains three folders.
4,58,SYNTHETIC TRAINING TEXT. Archive shelf 4:58 contains three folders.
4,59,SYNTHETIC TRAINING TEXT. Archive shelf 4:59 contains three folders.
4,60,SYNTHETIC TRAINING TEXT. Archive shelf 4:60 contains three folders.
4,61,SYNTHETIC TRAINING TEXT. Archive shelf 4:61 contains three folders.
4,62,SYNTHETIC TRAINING TEXT. Archive shelf 4:62 contains three folders.
4,63,SYNTHETIC TRAINING TEXT. Archive shelf 4:63 contains three folders.
4,64,SYNTHETIC TRAINING TEXT. Archive shelf 4:64 contains three folders.
4,65,SYNTHETIC TRAINING TEXT. Archive shelf 4:65 contains three folders.
4,66,SYNTHETIC TRAINING TEXT. Archive shelf 4:66 contains three folders.
4,67,SYNTHETIC TRAINING TEXT. Archive shelf 4:67 contains three folders.
4,68,SYNTHETIC TRAINING TEXT. Archive shelf 4:68 contains three folders.
4,69,SYNTHETIC TRAINING TEXT. Archive shelf 4:69 contains three folders.
4,70,SYNTHETIC TRAINING TEXT. Archive shelf 4:70 contains three folders.
4,71,SYNTHETIC TRAINING TEXT. Archive shelf 4:71 contains three folders.
4,72,SYNTHETIC TRAINING TEXT. Archive shelf 4:72 contains three folders.
4,73,SYNTHETIC TRAINING TEXT. Archive shelf 4:73 contains three folders.
4,74,SYNTHETIC TRAINING TEXT. Archive shelf 4:74 contains three folders.
4,75,SYNTHETIC TRAINING TEXT. Archive shelf 4:75 contains three folders.
4,76,SYNTHETIC TRAINING TEXT. Archive shelf 4:76 contains three folders.
4,77,SYNTHETIC TRAINING TEXT. Archive shelf 4:77 contains three folders.
4,78,SYNTHETIC TRAINING TEXT. Archive shelf 4:78 contains three folders.
4,79,SYNTHETIC TRAINING TEXT. Archive shelf 4:79 contains three folders.
4,80,SYNTHETIC TRAINING TEXT. Archive shelf 4:80 contains three folders.
4,81,SYNTHETIC TRAINING TEXT. Archive shelf 4:81 contains three folders.
4,82,SYNTHETIC TRAINING TEXT. Archive shelf 4:82 contains three folders.
4,83,SYNTHETIC TRAINING TEXT. Archive shelf 4:83 contains three folders.
4,84,SYNTHETIC TRAINING TEXT. Archive shelf 4:84 contains three folders.
4,85,SYNTHETIC TRAINING TEXT. Archive shelf 4:85 contains three folders.
4,86,SYNTHETIC TRAINING TEXT. Archive shelf 4:86 contains three folders.
4,87,SYNTHETIC TRAINING TEXT. Archive shelf 4:87 contains three folders.
4,88,SYNTHETIC TRAINING TEXT. Archive shelf 4:88 contains three folders.
4,89,SYNTHETIC TRAINING TEXT. Archive shelf 4:89 contains three folders.
4,90,SYNTHETIC TRAINING TEXT. Archive shelf 4:90 contains three folders.
4,91,SYNTHETIC TRAINING TEXT. Archive shelf 4:91 contains three folders.
4,92,SYNTHETIC TRAINING TEXT. Archive shelf 4:92 contains three folders.
4,93,SYNTHETIC TRAINING TEXT. Archive shelf 4:93 contains three folders.
4,94,SYNTHETIC TRAINING TEXT. Archive shelf 4:94 contains three folders.
4,95,SYNTHETIC TRAINING TEXT. Archive shelf 4:95 contains three folders.
4,96,SYNTHETIC TRAINING TEXT. Archive shelf 4:96 contains three folders.
4,97,SYNTHETIC TRAINING TEXT. Archive shelf 4:97 contains three folders.
4,98,SYNTHETIC TRAINING TEXT. Archive shelf 4:98 contains three folders.
4,99,SYNTHETIC TRAINING TEXT. Archive shelf 4:99 contains three folders.
4,100,SYNTHETIC TRAINING TEXT. Archive shelf 4:100 contains three folders.
4,101,SYNTHETIC TRAINING TEXT. Archive shelf 4:101 contains three folders.
4,102,SYNTHETIC TRAINING TEXT. Archive shelf 4:102 contains three folders.
4,103,SYNTHETIC TRAINING TEXT. Archive shelf 4:103 contains three folders.
4,104,SYNTHETIC TRAINING TEXT. Archive shelf 4:104 contains three folders.
4,105,SYNTHETIC TRAINING TEXT. Archive shelf 4:105 contains three folders.
4,106,SYNTHETIC TRAINING TEXT. Archive shelf 4:106 contains three folders.
4,107,SYNTHETIC TRAINING TEXT. Archive shelf 4:107 contains three folders.
4,108,SYNTHETIC TRAINING TEXT. Archive shelf 4:108 contains three folders.
4,109,SYNTHETIC TRAINING TEXT. Archive shelf 4:109 contains three folders.
4,110,SYNTHETIC TRAINING TEXT. Archive shelf 4:110 contains three folders.
4,111,SYNTHETIC TRAINING TEXT. Archive shelf 4:111 contains three folders.
4,112,SYNTHETIC TRAINING TEXT. Archive shelf 4:112 contains three folders.
4,113,SYNTHETIC TRAINING TEXT. Archive shelf 4:113 contains three folders.
4,114,SYNTHETIC TRAINING TEXT. Archive shelf 4:114 contains three folders.
4,115,SYNTHETIC TRAINING TEXT. Archive shelf 4:115 contains three folders.
4,116,SYNTHETIC TRAINING TEXT. Archive shelf 4:116 contains three folders.
4,117,SYNTHETIC TRAINING TEXT. Archive shelf 4:117 contains three folders.
4,118,SYNTHETIC TRAINING TEXT. Archive shelf 4:118 contains three folders.
4,119,SYNTHETIC TRAINING TEXT. Archive shelf 4:119 contains three folders.
4,120,SYNTHETIC TRAINING TEXT. Archive shelf 4:120 contains three folders.
4,121,SYNTHETIC TRAINING TEXT. Archive shelf 4:121 contains three folders.
4,122,SYNTHETIC TRAINING TEXT. Archive shelf 4:122 contains three folders.
4,123,SYNTHETIC TRAINING TEXT. Archive shelf 4:123 contains three folders.
4,124,SYNTHETIC TRAINING TEXT. Archive shelf 4:124 contains three folders.
4,125,SYNTHETIC TRAINING TEXT. Archive shelf 4:125 contains three folders.
4,126,SYNTHETIC TRAINING TEXT. Archive shelf 4:126 contains three folders.
4,127,SYNTHETIC TRAINING TEXT. Archive shelf 4:127 contains three folders.
4,128,SYNTHETIC TRAINING TEXT. Archive shelf 4:128 contains three folders.
4,129,SYNTHETIC TRAINING TEXT. Archive shelf 4:129 contains three folders.
4,130,SYNTHETIC TRAINING TEXT. Archive shelf 4:130 contains three folders.
4,131,SYNTHETIC TRAINING TEXT. Archive shelf 4:131 contains three folders.
4,132,SYNTHETIC TRAINING TEXT. Archive shelf 4:132 contains three folders.
4,133,SYNTHETIC TRAINING TEXT. Archive shelf 4:133 contains three folders.
4,134,SYNTHETIC TRAINING TEXT. Archive shelf 4:134 contains three folders.
4,135,SYNTHETIC TRAINING TEXT. Archive shelf 4:135 contains three folders.
4,136,SYNTHETIC TRAINING TEXT. Archive shelf 4:136 contains three folders.
4,137,SYNTHETIC TRAINING TEXT. Archive shelf 4:137 contains three folders.
4,138,SYNTHETIC TRAINING TEXT. Archive shelf 4:138 contains three folders.
4,139,SYNTHETIC TRAINING TEXT. Archive shelf 4:139 contains three folders.
4,140,SYNTHETIC TRAINING TEXT. Archive shelf 4:140 contains three folders.
4,141,SYNTHETIC TRAINING TEXT. Archive shelf 4:141 contains three folders.
4,142,SYNTHETIC TRAINING TEXT. Archive shelf 4:142 contains three folders.
4,143,SYNTHETIC TRAINING TEXT. Archive shelf 4:143 contains three folders.
4,144,SYNTHETIC TRAINING TEXT. Archive shelf 4:144 contains three folders.
4,145,SYNTHETIC TRAINING TEXT. Archive shelf 4:145 contains three folders.
4,146,SYNTHETIC TRAINING TEXT. Archive shelf 4:146 contains three folders.
4,147,SYNTHETIC TRAINING TEXT. Archive shelf 4:147 contains three folders.
4,148,SYNTHETIC TRAINING TEXT. Archive shelf 4:148 contains three folders.
4,149,SYNTHETIC TRAINING TEXT. Archive shelf 4:149 contains three folders.
4,150,SYNTHETIC TRAINING TEXT. Archive shelf 4:150 contains three folders.
4,151,SYNTHETIC TRAINING TEXT. Archive shelf 4:151 contains three folders.
4,152,SYNTHETIC TRAINING TEXT. Archive shelf 4:152 contains three folders.
4,153,SYNTHETIC TRAINING TEXT. Archive shelf 4:153 contains three folders.
4,154,SYNTHETIC TRAINING TEXT. Archive shelf 4:154 contains three folders.
4,155,SYNTHETIC TRAINING TEXT. Archive shelf 4:155 contains three folders.
4,156,SYNTHETIC TRAINING TEXT. Archive shelf 4:156 contains three folders.
4,157,SYNTHETIC TRAINING TEXT. Archive shelf 4:157 contains three folders.
4,158,SYNTHETIC TRAINING TEXT. Archive shelf 4:158 contains three folders.
4,159,SYNTHETIC TRAINING TEXT. Archive shelf 4:159 contains three folders.
4,160,SYNTHETIC TRAINING TEXT. Archive shelf 4:160 contains three folders.
4,161,SYNTHETIC TRAINING TEXT. Archive shelf 4:161 contains three folders.
4,162,SYNTHETIC TRAINING TEXT. Archive shelf 4:162 contains three folders.
4,163,SYNTHETIC TRAINING TEXT. Archive shelf 4:163 contains three folders.
4,164,SYNTHETIC TRAINING TEXT. Archive shelf 4:164 contains three folders.
4,165,SYNTHETIC TRAINING TEXT. Archive shelf 4:165 contains three folders.
4,166,SYNTHETIC TRAINING TEXT. Archive shelf 4:166 contains three folders.
4,167,SYNTHETIC TRAINING TEXT. Archive shelf 4:167 contains three folders.
4,168,SYNTHETIC TRAINING TEXT. Archive shelf 4:168 contains three folders.
4,169,SYNTHETIC TRAINING TEXT. Archive shelf 4:169 contains three folders.
4,170,SYNTHETIC TRAINING TEXT. Archive shelf 4:170 contains three folders.
4,171,SYNTHETIC TRAINING TEXT. Archive shelf 4:171 contains three folders.
4,172,SYNTHETIC TRAINING TEXT. Archive shelf 4:172 contains three folders.
4,173,SYNTHETIC TRAINING TEXT. Archive shelf 4:173 contains three folders.
4,174,SYNTHETIC TRAINING TEXT. Archive shelf 4:174 contains three folders.
4,175,SYNTHETIC TRAINING TEXT. Archive shelf 4:175 contains three folders.
4,176,SYNTHETIC TRAINING TEXT. Archive shelf 4:176 contains three folders.
5,1,
5,2,SYNTHETIC TRAINING TEXT. Archive shelf 5:2 contains three folders.
5,3,SYNTHETIC TRAINING TEXT. Archive shelf 5:3 contains three folders.
5,4,SYNTHETIC TRAINING TEXT. Archive shelf 5:4 contains three folders.
5,5,SYNTHETIC TRAINING TEXT. Archive shelf 5:5 contains three folders.
5,6,SYNTHETIC TRAINING TEXT. Archive shelf 5:6 contains three folders.
5,7,SYNTHETIC TRAINING TEXT. Archive shelf 5:7 contains three folders.
5,8,SYNTHETIC TRAINING TEXT. Archive shelf 5:8 contains three folders.
5,9,SYNTHETIC TRAINING TEXT. Archive shelf 5:9 contains three folders.
5,10,SYNTHETIC TRAINING TEXT. Archive shelf 5:10 contains three folders.
5,11,SYNTHETIC TRAINING TEXT. Archive shelf 5:11 contains three folders.
5,12,SYNTHETIC TRAINING TEXT. Archive shelf 5:12 contains three folders.
5,13,SYNTHETIC TRAINING TEXT. Archive shelf 5:13 contains three folders.
5,14,SYNTHETIC TRAINING TEXT. Archive shelf 5:14 contains three folders.
5,15,SYNTHETIC TRAINING TEXT. Archive shelf 5:15 contains three folders.
5,16,SYNTHETIC TRAINING TEXT. Archive shelf 5:16 contains three folders.
5,17,SYNTHETIC TRAINING TEXT. Archive shelf 5:17 contains three folders.
5,18,SYNTHETIC TRAINING TEXT. Archive shelf 5:18 contains three folders.
5,19,SYNTHETIC TRAINING TEXT. Archive shelf 5:19 contains three folders.
5,20,SYNTHETIC TRAINING TEXT. Archive shelf 5:20 contains three folders.
5,21,SYNTHETIC TRAINING TEXT. Archive shelf 5:21 contains three folders.
5,22,SYNTHETIC TRAINING TEXT. Archive shelf 5:22 contains three folders.
5,23,SYNTHETIC TRAINING TEXT. Archive shelf 5:23 contains three folders.
5,24,SYNTHETIC TRAINING TEXT. Archive shelf 5:24 contains three folders.
5,25,SYNTHETIC TRAINING TEXT. Archive shelf 5:25 contains three folders.
5,26,SYNTHETIC TRAINING TEXT. Archive shelf 5:26 contains three folders.
5,27,SYNTHETIC TRAINING TEXT. Archive shelf 5:27 contains three folders.
5,28,SYNTHETIC TRAINING TEXT. Archive shelf 5:28 contains three folders.
5,29,SYNTHETIC TRAINING TEXT. Archive shelf 5:29 contains three folders.
5,30,SYNTHETIC TRAINING TEXT. Archive shelf 5:30 contains three folders.
5,31,SYNTHETIC TRAINING TEXT. Archive shelf 5:31 contains three folders.
5,32,SYNTHETIC TRAINING TEXT. Archive shelf 5:32 contains three folders.
5,33,SYNTHETIC TRAINING TEXT. Archive shelf 5:33 contains three folders.
5,34,SYNTHETIC TRAINING TEXT. Archive shelf 5:34 contains three folders.
5,35,SYNTHETIC TRAINING TEXT. Archive shelf 5:35 contains three folders.
5,36,SYNTHETIC TRAINING TEXT. Archive shelf 5:36 contains three folders.
5,37,SYNTHETIC TRAINING TEXT. Archive shelf 5:37 contains three folders.
5,38,SYNTHETIC TRAINING TEXT. Archive shelf 5:38 contains three folders.
5,39,SYNTHETIC TRAINING TEXT. Archive shelf 5:39 contains three folders.
5,40,SYNTHETIC TRAINING TEXT. Archive shelf 5:40 contains three folders.
5,41,SYNTHETIC TRAINING TEXT. Archive shelf 5:41 contains three folders.
5,42,SYNTHETIC TRAINING TEXT. Archive shelf 5:42 contains three folders.
5,43,SYNTHETIC TRAINING TEXT. Archive shelf 5:43 contains three folders.
5,44,SYNTHETIC TRAINING TEXT. Archive shelf 5:44 contains three folders.
5,45,SYNTHETIC TRAINING TEXT. Archive shelf 5:45 contains three folders.
5,46,SYNTHETIC TRAINING TEXT. Archive shelf 5:46 contains three folders.
5,47,SYNTHETIC TRAINING TEXT. Archive shelf 5:47 contains three folders.
5,48,SYNTHETIC TRAINING TEXT. Archive shelf 5:48 contains three folders.
5,49,SYNTHETIC TRAINING TEXT. Archive shelf 5:49 contains three folders.
5,50,SYNTHETIC TRAINING TEXT. Archive shelf 5:50 contains three folders.
5,51,SYNTHETIC TRAINING TEXT. Archive shelf 5:51 contains three folders.
5,52,SYNTHETIC TRAINING TEXT. Archive shelf 5:52 contains three folders.
5,53,SYNTHETIC TRAINING TEXT. Archive shelf 5:53 contains three folders.
5,54,SYNTHETIC TRAINING TEXT. Archive shelf 5:54 contains three folders.
5,55,SYNTHETIC TRAINING TEXT. Archive shelf 5:55 contains three folders.
5,56,SYNTHETIC TRAINING TEXT. Archive shelf 5:56 contains three folders.
5,57,SYNTHETIC TRAINING TEXT. Archive shelf 5:57 contains three folders.
5,58,SYNTHETIC TRAINING TEXT. Archive shelf 5:58 contains three folders.
5,59,SYNTHETIC TRAINING TEXT. Archive shelf 5:59 contains three folders.
5,60,SYNTHETIC TRAINING TEXT. Archive shelf 5:60 contains three folders.
5,61,SYNTHETIC TRAINING TEXT. Archive shelf 5:61 contains three folders.
5,62,SYNTHETIC TRAINING TEXT. Archive shelf 5:62 contains three folders.
5,63,SYNTHETIC TRAINING TEXT. Archive shelf 5:63 contains three folders.
5,64,SYNTHETIC TRAINING TEXT. Archive shelf 5:64 contains three folders.
5,65,SYNTHETIC TRAINING TEXT. Archive shelf 5:65 contains three folders.
5,66,SYNTHETIC TRAINING TEXT. Archive shelf 5:66 contains three folders.
5,67,SYNTHETIC TRAINING TEXT. Archive shelf 5:67 contains three folders.
5,68,SYNTHETIC TRAINING TEXT. Archive shelf 5:68 contains three folders.
5,69,SYNTHETIC TRAINING TEXT. Archive shelf 5:69 contains three folders.
5,70,SYNTHETIC TRAINING TEXT. Archive shelf 5:70 contains three folders.
5,71,SYNTHETIC TRAINING TEXT. Archive shelf 5:71 contains three folders.
5,72,SYNTHETIC TRAINING TEXT. Archive shelf 5:72 contains three folders.
5,73,SYNTHETIC TRAINING TEXT. Archive shelf 5:73 contains three folders.
5,74,SYNTHETIC TRAINING TEXT. Archive shelf 5:74 contains three folders.
5,75,SYNTHETIC TRAINING TEXT. Archive shelf 5:75 contains three folders.
5,76,SYNTHETIC TRAINING TEXT. Archive shelf 5:76 contains three folders.
5,77,SYNTHETIC TRAINING TEXT. Archive shelf 5:77 contains three folders.
5,78,SYNTHETIC TRAINING TEXT. Archive shelf 5:78 contains three folders.
5,79,SYNTHETIC TRAINING TEXT. Archive shelf 5:79 contains three folders.
5,80,SYNTHETIC TRAINING TEXT. Archive shelf 5:80 contains three folders.
5,81,SYNTHETIC TRAINING TEXT. Archive shelf 5:81 contains three folders.
5,82,SYNTHETIC TRAINING TEXT. Archive shelf 5:82 contains three folders.
5,83,SYNTHETIC TRAINING TEXT. Archive shelf 5:83 contains three folders.
5,84,SYNTHETIC TRAINING TEXT. Archive shelf 5:84 contains three folders.
5,85,SYNTHETIC TRAINING TEXT. Archive shelf 5:85 contains three folders.
5,86,SYNTHETIC TRAINING TEXT. Archive shelf 5:86 contains three folders.
5,87,SYNTHETIC TRAINING TEXT. Archive shelf 5:87 contains three folders.
5,88,SYNTHETIC TRAINING TEXT. Archive shelf 5:88 contains three folders.
5,89,SYNTHETIC TRAINING TEXT. Archive shelf 5:89 contains three folders.
5,90,SYNTHETIC TRAINING TEXT. Archive shelf 5:90 contains three folders.
5,91,SYNTHETIC TRAINING TEXT. Archive shelf 5:91 contains three folders.
5,92,SYNTHETIC TRAINING TEXT. Archive shelf 5:92 contains three folders.
5,93,SYNTHETIC TRAINING TEXT. Archive shelf 5:93 contains three folders.
5,94,SYNTHETIC TRAINING TEXT. Archive shelf 5:94 contains three folders.
5,95,SYNTHETIC TRAINING TEXT. Archive shelf 5:95 contains three folders.
5,96,SYNTHETIC TRAINING TEXT. Archive shelf 5:96 contains three folders.
5,97,SYNTHETIC TRAINING TEXT. Archive shelf 5:97 contains three folders.
5,98,SYNTHETIC TRAINING TEXT. Archive shelf 5:98 contains three folders.
5,99,SYNTHETIC TRAINING TEXT. Archive shelf 5:99 contains three folders.
5,100,SYNTHETIC TRAINING TEXT. Archive shelf 5:100 contains three folders.
5,101,SYNTHETIC TRAINING TEXT. Archive shelf 5:101 contains three folders.
5,102,SYNTHETIC TRAINING TEXT. Archive shelf 5:102 contains three folders.
5,103,SYNTHETIC TRAINING TEXT. Archive shelf 5:103 contains three folders.
5,104,SYNTHETIC TRAINING TEXT. Archive shelf 5:104 contains three folders.
5,105,SYNTHETIC TRAINING TEXT. Archive shelf 5:105 contains three folders.
5,106,SYNTHETIC TRAINING TEXT. Archive shelf 5:106 contains three folders.
5,107,SYNTHETIC TRAINING TEXT. Archive shelf 5:107 contains three folders.
5,108,SYNTHETIC TRAINING TEXT. Archive shelf 5:108 contains three folders.
5,109,SYNTHETIC TRAINING TEXT. Archive shelf 5:109 contains three folders.
5,110,SYNTHETIC TRAINING TEXT. Archive shelf 5:110 contains three folders.
5,111,SYNTHETIC TRAINING TEXT. Archive shelf 5:111 contains three folders.
5,112,SYNTHETIC TRAINING TEXT. Archive shelf 5:112 contains three folders.
5,113,SYNTHETIC TRAINING TEXT. Archive shelf 5:113 contains three folders.
5,114,SYNTHETIC TRAINING TEXT. Archive shelf 5:114 contains three folders.
5,115,SYNTHETIC TRAINING TEXT. Archive shelf 5:115 contains three folders.
5,116,SYNTHETIC TRAINING TEXT. Archive shelf 5:116 contains three folders.
5,117,SYNTHETIC TRAINING TEXT. Archive shelf 5:117 contains three folders.
5,118,SYNTHETIC TRAINING TEXT. Archive shelf 5:118 contains three folders.
5,119,SYNTHETIC TRAINING TEXT. Archive shelf 5:119 contains three folders.
5,120,SYNTHETIC TRAINING TEXT. Archive shelf 5:120 contains three folders.
6,1,SYNTHETIC TRAINING TEXT. Archive shelf 6:1 contains three folders.
6,2,SYNTHETIC TRAINING TEXT. Archive shelf 6:2 contains three folders.
6,3,SYNTHETIC TRAINING TEXT. Archive shelf 6:3 contains three folders.
6,4,SYNTHETIC TRAINING TEXT. Archive shelf 6:4 contains three folders.
6,5,SYNTHETIC TRAINING TEXT. Archive shelf 6:5 contains three folders.
6,6,SYNTHETIC TRAINING TEXT. Archive shelf 6:6 contains three folders.
6,7,SYNTHETIC TRAINING TEXT. Archive shelf 6:7 contains three folders.
6,8,SYNTHETIC TRAINING TEXT. Archive shelf 6:8 contains three folders.
6,9,SYNTHETIC TRAINING TEXT. Archive shelf 6:9 contains three folders.
6,10,SYNTHETIC TRAINING TEXT. Archive shelf 6:10 contains three folders.
6,11,SYNTHETIC TRAINING TEXT. Archive shelf 6:11 contains three folders.
6,12,SYNTHETIC TRAINING TEXT. Archive shelf 6:12 contains three folders.
6,13,SYNTHETIC TRAINING TEXT. Archive shelf 6:13 contains three folders.
6,14,SYNTHETIC TRAINING TEXT. Archive shelf 6:14 contains three folders.
6,15,SYNTHETIC TRAINING TEXT. Archive shelf 6:15 contains three folders.
6,16,SYNTHETIC TRAINING TEXT. Archive shelf 6:16 contains three folders.
6,17,SYNTHETIC TRAINING TEXT. Archive shelf 6:17 contains three folders.
6,18,SYNTHETIC TRAINING TEXT. Archive shelf 6:18 contains three folders.
6,19,SYNTHETIC TRAINING TEXT. Archive shelf 6:19 contains three folders.
6,20,SYNTHETIC TRAINING TEXT. Archive shelf 6:20 contains three folders.
6,21,SYNTHETIC TRAINING TEXT. Archive shelf 6:21 contains three folders.
6,22,SYNTHETIC TRAINING TEXT. Archive shelf 6:22 contains three folders.
6,23,SYNTHETIC TRAINING TEXT. Archive shelf 6:23 contains three folders.
6,24,SYNTHETIC TRAINING TEXT. Archive shelf 6:24 contains three folders.
6,25,SYNTHETIC TRAINING TEXT. Archive shelf 6:25 contains three folders.
6,26,SYNTHETIC TRAINING TEXT. Archive shelf 6:26 contains three folders.
6,27,SYNTHETIC TRAINING TEXT. Archive shelf 6:27 contains three folders.
6,28,SYNTHETIC TRAINING TEXT. Archive shelf 6:28 contains three folders.
6,29,SYNTHETIC TRAINING TEXT. Archive shelf 6:29 contains three folders.
6,30,SYNTHETIC TRAINING TEXT. Archive shelf 6:30 contains three folders.
6,31,SYNTHETIC TRAINING TEXT. Archive shelf 6:31 contains three folders.
6,32,SYNTHETIC TRAINING TEXT. Archive shelf 6:32 contains three folders.
6,33,SYNTHETIC TRAINING TEXT. Archive shelf 6:33 contains three folders.
6,34,SYNTHETIC TRAINING TEXT. Archive shelf 6:34 contains three folders.
6,35,SYNTHETIC TRAINING TEXT. Archive shelf 6:35 contains three folders.
6,36,SYNTHETIC TRAINING TEXT. Archive shelf 6:36 contains three folders.
6,37,SYNTHETIC TRAINING TEXT. Archive shelf 6:37 contains three folders.
6,38,SYNTHETIC TRAINING TEXT. Archive shelf 6:38 contains three folders.
6,39,SYNTHETIC TRAINING TEXT. Archive shelf 6:39 contains three folders.
6,40,SYNTHETIC TRAINING TEXT. Archive shelf 6:40 contains three folders.
6,41,SYNTHETIC TRAINING TEXT. Archive shelf 6:41 contains three folders.
6,42,SYNTHETIC TRAINING TEXT. Archive shelf 6:42 contains three folders.
6,43,SYNTHETIC TRAINING TEXT. Archive shelf 6:43 contains three folders.
6,44,SYNTHETIC TRAINING TEXT. Archive shelf 6:44 contains three folders.
6,45,SYNTHETIC TRAINING TEXT. Archive shelf 6:45 contains three folders.
6,46,SYNTHETIC TRAINING TEXT. Archive shelf 6:46 contains three folders.
6,47,SYNTHETIC TRAINING TEXT. Archive shelf 6:47 contains three folders.
6,48,SYNTHETIC TRAINING TEXT. Archive shelf 6:48 contains three folders.
6,49,SYNTHETIC TRAINING TEXT. Archive shelf 6:49 contains three folders.
6,50,SYNTHETIC TRAINING TEXT. Archive shelf 6:50 contains three folders.
6,51,SYNTHETIC TRAINING TEXT. Archive shelf 6:51 contains three folders.
6,52,SYNTHETIC TRAINING TEXT. Archive shelf 6:52 contains three folders.
6,53,SYNTHETIC TRAINING TEXT. Archive shelf 6:53 contains three folders.
6,54,SYNTHETIC TRAINING TEXT. Archive shelf 6:54 contains three folders.
6,55,SYNTHETIC TRAINING TEXT. Archive shelf 6:55 contains three folders.
6,56,SYNTHETIC TRAINING TEXT. Archive shelf 6:56 contains three folders.
6,57,SYNTHETIC TRAINING TEXT. Archive shelf 6:57 contains three folders.
6,58,SYNTHETIC TRAINING TEXT. Archive shelf 6:58 contains three folders.
6,59,SYNTHETIC TRAINING TEXT. Archive shelf 6:59 contains three folders.
6,60,SYNTHETIC TRAINING TEXT. Archive shelf 6:60 contains three folders.
6,61,SYNTHETIC TRAINING TEXT. Archive shelf 6:61 contains three folders.
6,62,SYNTHETIC TRAINING TEXT. Archive shelf 6:62 contains three folders.
6,63,SYNTHETIC TRAINING TEXT. Archive shelf 6:63 contains three folders.
6,64,SYNTHETIC TRAINING TEXT. Archive shelf 6:64 contains three folders.
6,65,SYNTHETIC TRAINING TEXT. Archive shelf 6:65 contains three folders.
6,66,SYNTHETIC TRAINING TEXT. Archive shelf 6:66 contains three folders.
6,67,SYNTHETIC TRAINING TEXT. Archive shelf 6:67 contains three folders.
6,68,SYNTHETIC TRAINING TEXT. Archive shelf 6:68 contains three folders.
6,69,SYNTHETIC TRAINING TEXT. Archive shelf 6:69 contains three folders.
6,70,SYNTHETIC TRAINING TEXT. Archive shelf 6:70 contains three folders.
6,71,SYNTHETIC TRAINING TEXT. Archive shelf 6:71 contains three folders.
6,72,SYNTHETIC TRAINING TEXT. Archive shelf 6:72 contains three folders.
6,73,SYNTHETIC TRAINING TEXT. Archive shelf 6:73 contains three folders.
6,74,SYNTHETIC TRAINING TEXT. Archive shelf 6:74 contains three folders.
6,75,SYNTHETIC TRAINING TEXT. Archive shelf 6:75 contains three folders.
6,76,SYNTHETIC TRAINING TEXT. Archive shelf 6:76 contains three folders.
6,77,SYNTHETIC TRAINING TEXT. Archive shelf 6:77 contains three folders.
6,78,SYNTHETIC TRAINING TEXT. Archive shelf 6:78 contains three folders.
6,79,SYNTHETIC TRAINING TEXT. Archive shelf 6:79 contains three folders.
6,80,SYNTHETIC TRAINING TEXT. Archive shelf 6:80 contains three folders.
6,81,SYNTHETIC TRAINING TEXT. Archive shelf 6:81 contains three folders.
6,82,SYNTHETIC TRAINING TEXT. Archive shelf 6:82 contains three folders.
6,83,SYNTHETIC TRAINING TEXT. Archive shelf 6:83 contains three folders.
6,84,SYNTHETIC TRAINING TEXT. Archive shelf 6:84 contains three folders.
6,85,SYNTHETIC TRAINING TEXT. Archive shelf 6:85 contains three folders.
6,86,SYNTHETIC TRAINING TEXT. Archive shelf 6:86 contains three folders.
6,87,SYNTHETIC TRAINING TEXT. Archive shelf 6:87 contains three folders.
6,88,SYNTHETIC TRAINING TEXT. Archive shelf 6:88 contains three folders.
6,89,SYNTHETIC TRAINING TEXT. Archive shelf 6:89 contains three folders.
6,90,SYNTHETIC TRAINING TEXT. Archive shelf 6:90 contains three folders.
6,91,SYNTHETIC TRAINING TEXT. Archive shelf 6:91 contains three folders.
6,92,SYNTHETIC TRAINING TEXT. Archive shelf 6:92 contains three folders.
6,93,SYNTHETIC TRAINING TEXT. Archive shelf 6:93 contains three folders.
6,94,SYNTHETIC TRAINING TEXT. Archive shelf 6:94 contains three folders.
6,95,SYNTHETIC TRAINING TEXT. Archive shelf 6:95 contains three folders.
6,96,SYNTHETIC TRAINING TEXT. Archive shelf 6:96 contains three folders.
6,97,SYNTHETIC TRAINING TEXT. Archive shelf 6:97 contains three folders.
6,98,SYNTHETIC TRAINING TEXT. Archive shelf 6:98 contains three folders.
6,99,SYNTHETIC TRAINING TEXT. Archive shelf 6:99 contains three folders.
6,100,SYNTHETIC TRAINING TEXT. Archive shelf 6:100 contains three folders.
6,101,SYNTHETIC TRAINING TEXT. Archive shelf 6:101 contains three folders.
6,102,SYNTHETIC TRAINING TEXT. Archive shelf 6:102 contains three folders.
6,103,SYNTHETIC TRAINING TEXT. Archive shelf 6:103 contains three folders.
6,104,SYNTHETIC TRAINING TEXT. Archive shelf 6:104 contains three folders.
6,105,SYNTHETIC TRAINING TEXT. Archive shelf 6:105 contains three folders.
6,106,SYNTHETIC TRAINING TEXT. Archive shelf 6:106 contains three folders.
6,107,SYNTHETIC TRAINING TEXT. Archive shelf 6:107 contains three folders.
6,108,SYNTHETIC TRAINING TEXT. Archive shelf 6:108 contains three folders.
6,109,SYNTHETIC TRAINING TEXT. Archive shelf 6:109 contains three folders.
6,110,SYNTHETIC TRAINING TEXT. Archive shelf 6:110 contains three folders.
6,111,SYNTHETIC TRAINING TEXT. Archive shelf 6:111 contains three folders.
6,112,SYNTHETIC TRAINING TEXT. Archive shelf 6:112 contains three folders.
6,113,SYNTHETIC TRAINING TEXT. Archive shelf 6:113 contains three folders.
6,114,SYNTHETIC TRAINING TEXT. Archive shelf 6:114 contains three folders.
6,115,SYNTHETIC TRAINING TEXT. Archive shelf 6:115 contains three folders.
6,116,SYNTHETIC TRAINING TEXT. Archive shelf 6:116 contains three folders.
6,117,SYNTHETIC TRAINING TEXT. Archive shelf 6:117 contains three folders.
6,118,SYNTHETIC TRAINING TEXT. Archive shelf 6:118 contains three folders.
6,119,SYNTHETIC TRAINING TEXT. Archive shelf 6:119 contains three folders.
6,120,SYNTHETIC TRAINING TEXT. Archive shelf 6:120 contains three folders.
6,121,SYNTHETIC TRAINING TEXT. Archive shelf 6:121 contains three folders.
6,122,SYNTHETIC TRAINING TEXT. Archive shelf 6:122 contains three folders.
6,123,SYNTHETIC TRAINING TEXT. Archive shelf 6:123 contains three folders.
6,124,SYNTHETIC TRAINING TEXT. Archive shelf 6:124 contains three folders.
6,125,SYNTHETIC TRAINING TEXT. Archive shelf 6:125 contains three folders.
6,126,SYNTHETIC TRAINING TEXT. Archive shelf 6:126 contains three folders.
6,127,SYNTHETIC TRAINING TEXT. Archive shelf 6:127 contains three folders.
6,128,SYNTHETIC TRAINING TEXT. Archive shelf 6:128 contains three folders.
6,129,SYNTHETIC TRAINING TEXT. Archive shelf 6:129 contains three folders.
6,130,SYNTHETIC TRAINING TEXT. Archive shelf 6:130 contains three folders.
6,131,SYNTHETIC TRAINING TEXT. Archive shelf 6:131 contains three folders.
6,132,SYNTHETIC TRAINING TEXT. Archive shelf 6:132 contains three folders.
6,133,SYNTHETIC TRAINING TEXT. Archive shelf 6:133 contains three folders.
6,134,SYNTHETIC TRAINING TEXT. Archive shelf 6:134 contains three folders.
6,135,SYNTHETIC TRAINING TEXT. Archive shelf 6:135 contains three folders.
6,136,SYNTHETIC TRAINING TEXT. Archive shelf 6:136 contains three folders.
6,137,SYNTHETIC TRAINING TEXT. Archive shelf 6:137 contains three folders.
6,138,SYNTHETIC TRAINING TEXT. Archive shelf 6:138 contains three folders.
6,139,SYNTHETIC TRAINING TEXT. Archive shelf 6:139 contains three folders.
6,140,SYNTHETIC TRAINING TEXT. Archive shelf 6:140 contains three folders.
6,141,SYNTHETIC TRAINING TEXT. Archive shelf 6:141 contains three folders.
6,142,SYNTHETIC TRAINING TEXT. Archive shelf 6:142 contains three folders.
6,143,SYNTHETIC TRAINING TEXT. Archive shelf 6:143 contains three folders.
6,144,SYNTHETIC TRAINING TEXT. Archive shelf 6:144 contains three folders.
6,145,SYNTHETIC TRAINING TEXT. Archive shelf 6:145 contains three folders.
6,146,SYNTHETIC TRAINING TEXT. Archive shelf 6:146 contains three folders.
6,147,SYNTHETIC TRAINING TEXT. Archive shelf 6:147 contains three folders.
6,148,SYNTHETIC TRAINING TEXT. Archive shelf 6:148 contains three folders.
6,149,SYNTHETIC TRAINING TEXT. Archive shelf 6:149 contains three folders.
6,150,SYNTHETIC TRAINING TEXT. Archive shelf 6:150 contains three folders.
6,151,SYNTHETIC TRAINING TEXT. Archive shelf 6:151 contains three folders.
6,152,SYNTHETIC TRAINING TEXT. Archive shelf 6:152 contains three folders.
6,153,SYNTHETIC TRAINING TEXT. Archive shelf 6:153 contains three folders.
6,154,SYNTHETIC TRAINING TEXT. Archive shelf 6:154 contains three folders.
6,155,SYNTHETIC TRAINING TEXT. Archive shelf 6:155 contains three folders.
6,156,SYNTHETIC TRAINING TEXT. Archive shelf 6:156 contains three folders.
6,157,SYNTHETIC TRAINING TEXT. Archive shelf 6:157 contains three folders.
6,158,SYNTHETIC TRAINING TEXT. Archive shelf 6:158 contains three folders.
6,159,SYNTHETIC TRAINING TEXT. Archive shelf 6:159 contains three folders.
6,160,SYNTHETIC TRAINING TEXT. Archive shelf 6:160 contains three folders.
6,161,SYNTHETIC TRAINING TEXT. Archive shelf 6:161 contains three folders.
6,162,SYNTHETIC TRAINING TEXT. Archive shelf 6:162 contains three folders.
6,163,SYNTHETIC TRAINING TEXT. Archive shelf 6:163 contains three folders.
6,164,SYNTHETIC TRAINING TEXT. Archive shelf 6:164 contains three folders.
6,165,SYNTHETIC TRAINING TEXT. Archive shelf 6:165 contains three folders.
7,1,SYNTHETIC TRAINING TEXT. Archive shelf 7:1 contains three folders.
7,2,SYNTHETIC TRAINING TEXT. Archive shelf 7:2 contains three folders.
7,3,SYNTHETIC TRAINING TEXT. Archive shelf 7:3 contains three folders.
7,4,SYNTHETIC TRAINING TEXT. Archive shelf 7:4 contains three folders.
7,5,SYNTHETIC TRAINING TEXT. Archive shelf 7:5 contains three folders.
7,6,SYNTHETIC TRAINING TEXT. Archive shelf 7:6 contains three folders.
7,7,SYNTHETIC TRAINING TEXT. Archive shelf 7:7 contains three folders.
7,8,SYNTHETIC TRAINING TEXT. Archive shelf 7:8 contains three folders.
7,9,SYNTHETIC TRAINING TEXT. Archive shelf 7:9 contains three folders.
7,10,SYNTHETIC TRAINING TEXT. Archive shelf 7:10 contains three folders.
7,11,SYNTHETIC TRAINING TEXT. Archive shelf 7:11 contains three folders.
7,12,SYNTHETIC TRAINING TEXT. Archive shelf 7:12 contains three folders.
7,13,SYNTHETIC TRAINING TEXT. Archive shelf 7:13 contains three folders.
7,14,SYNTHETIC TRAINING TEXT. Archive shelf 7:14 contains three folders.
7,15,SYNTHETIC TRAINING TEXT. Archive shelf 7:15 contains three folders.
7,16,SYNTHETIC TRAINING TEXT. Archive shelf 7:16 contains three folders.
7,17,SYNTHETIC TRAINING TEXT. Archive shelf 7:17 contains three folders.
7,18,SYNTHETIC TRAINING TEXT. Archive shelf 7:18 contains three folders.
7,19,SYNTHETIC TRAINING TEXT. Archive shelf 7:19 contains three folders.
7,20,SYNTHETIC TRAINING TEXT. Archive shelf 7:20 contains three folders.
7,21,SYNTHETIC TRAINING TEXT. Archive shelf 7:21 contains three folders.
7,22,SYNTHETIC TRAINING TEXT. Archive shelf 7:22 contains three folders.
7,23,SYNTHETIC TRAINING TEXT. Archive shelf 7:23 contains three folders.
7,24,SYNTHETIC TRAINING TEXT. Archive shelf 7:24 contains three folders.
7,25,SYNTHETIC TRAINING TEXT. Archive shelf 7:25 contains three folders.
7,26,SYNTHETIC TRAINING TEXT. Archive shelf 7:26 contains three folders.
7,27,SYNTHETIC TRAINING TEXT. Archive shelf 7:27 contains three folders.
7,28,SYNTHETIC TRAINING TEXT. Archive shelf 7:28 contains three folders.
7,29,SYNTHETIC TRAINING TEXT. Archive shelf 7:29 contains three folders.
7,30,SYNTHETIC TRAINING TEXT. Archive shelf 7:30 contains three folders.
7,31,SYNTHETIC TRAINING TEXT. Archive shelf 7:31 contains three folders.
7,32,SYNTHETIC TRAINING TEXT. Archive shelf 7:32 contains three folders.
7,33,SYNTHETIC TRAINING TEXT. Archive shelf 7:33 contains three folders.
7,34,SYNTHETIC TRAINING TEXT. Archive shelf 7:34 contains three folders.
7,35,SYNTHETIC TRAINING TEXT. Archive shelf 7:35 contains three folders.
7,36,SYNTHETIC TRAINING TEXT. Archive shelf 7:36 contains three folders.
7,37,SYNTHETIC TRAINING TEXT. Archive shelf 7:37 contains three folders.
7,38,SYNTHETIC TRAINING TEXT. Archive shelf 7:38 contains three folders.
7,39,SYNTHETIC TRAINING TEXT. Archive shelf 7:39 contains three folders.
7,40,SYNTHETIC TRAINING TEXT. Archive shelf 7:40 contains three folders.
7,41,SYNTHETIC TRAINING TEXT. Archive shelf 7:41 contains three folders.
7,42,SYNTHETIC TRAINING TEXT. Archive shelf 7:42 contains three folders.
7,43,SYNTHETIC TRAINING TEXT. Archive shelf 7:43 contains three folders.
7,44,SYNTHETIC TRAINING TEXT. Archive shelf 7:44 contains three folders.
7,45,SYNTHETIC TRAINING TEXT. Archive shelf 7:45 contains three folders.
7,46,SYNTHETIC TRAINING TEXT. Archive shelf 7:46 contains three folders.
7,47,SYNTHETIC TRAINING TEXT. Archive shelf 7:47 contains three folders.
7,48,SYNTHETIC TRAINING TEXT. Archive shelf 7:48 contains three folders.
7,49,SYNTHETIC TRAINING TEXT. Archive shelf 7:49 contains three folders.
7,50,SYNTHETIC TRAINING TEXT. Archive shelf 7:50 contains three folders.
7,51,SYNTHETIC TRAINING TEXT. Archive shelf 7:51 contains three folders.
7,52,SYNTHETIC TRAINING TEXT. Archive shelf 7:52 contains three folders.
7,53,SYNTHETIC TRAINING TEXT. Archive shelf 7:53 contains three folders.
7,54,SYNTHETIC TRAINING TEXT. Archive shelf 7:54 contains three folders.
7,55,SYNTHETIC TRAINING TEXT. Archive shelf 7:55 contains three folders.
7,56,SYNTHETIC TRAINING TEXT. Archive shelf 7:56 contains three folders.
7,57,SYNTHETIC TRAINING TEXT. Archive shelf 7:57 contains three folders.
7,58,SYNTHETIC TRAINING TEXT. Archive shelf 7:58 contains three folders.
7,59,SYNTHETIC TRAINING TEXT. Archive shelf 7:59 contains three folders.
7,60,SYNTHETIC TRAINING TEXT. Archive shelf 7:60 contains three folders.
7,61,SYNTHETIC TRAINING TEXT. Archive shelf 7:61 contains three folders.
7,62,SYNTHETIC TRAINING TEXT. Archive shelf 7:62 contains three folders.
7,63,SYNTHETIC TRAINING TEXT. Archive shelf 7:63 contains three folders.
7,64,SYNTHETIC TRAINING TEXT. Archive shelf 7:64 contains three folders.
7,65,SYNTHETIC TRAINING TEXT. Archive shelf 7:65 contains three folders.
7,66,SYNTHETIC TRAINING TEXT. Archive shelf 7:66 contains three folders.
7,67,SYNTHETIC TRAINING TEXT. Archive shelf 7:67 contains three folders.
7,68,SYNTHETIC TRAINING TEXT. Archive shelf 7:68 contains three folders.
7,69,SYNTHETIC TRAINING TEXT. Archive shelf 7:69 contains three folders.
7,70,SYNTHETIC TRAINING TEXT. Archive shelf 7:70 contains three folders.
7,71,SYNTHETIC TRAINING TEXT. Archive shelf 7:71 contains three folders.
7,72,SYNTHETIC TRAINING TEXT. Archive shelf 7:72 contains three folders.
7,73,SYNTHETIC TRAINING TEXT. Archive shelf 7:73 contains three folders.
7,74,SYNTHETIC TRAINING TEXT. Archive shelf 7:74 contains three folders.
7,75,SYNTHETIC TRAINING TEXT. Archive shelf 7:75 contains three folders.
7,76,SYNTHETIC TRAINING TEXT. Archive shelf 7:76 contains three folders.
7,77,SYNTHETIC TRAINING TEXT. Archive shelf 7:77 contains three folders.
7,78,SYNTHETIC TRAINING TEXT. Archive shelf 7:78 contains three folders.
7,79,SYNTHETIC TRAINING TEXT. Archive shelf 7:79 contains three folders.
7,80,SYNTHETIC TRAINING TEXT. Archive shelf 7:80 contains three folders.
7,81,SYNTHETIC TRAINING TEXT. Archive shelf 7:81 contains three folders.
7,82,SYNTHETIC TRAINING TEXT. Archive shelf 7:82 contains three folders.
7,83,SYNTHETIC TRAINING TEXT. Archive shelf 7:83 contains three folders.
7,84,SYNTHETIC TRAINING TEXT. Archive shelf 7:84 contains three folders.
7,85,SYNTHETIC TRAINING TEXT. Archive shelf 7:85 contains three folders.
7,86,SYNTHETIC TRAINING TEXT. Archive shelf 7:86 contains three folders.
7,87,SYNTHETIC TRAINING TEXT. Archive shelf 7:87 contains three folders.
7,88,SYNTHETIC TRAINING TEXT. Archive shelf 7:88 contains three folders.
7,89,SYNTHETIC TRAINING TEXT. Archive shelf 7:89 contains three folders.
7,90,SYNTHETIC TRAINING TEXT. Archive shelf 7:90 contains three folders.
7,91,SYNTHETIC TRAINING TEXT. Archive shelf 7:91 contains three folders.
7,92,SYNTHETIC TRAINING TEXT. Archive shelf 7:92 contains three folders.
7,93,SYNTHETIC TRAINING TEXT. Archive shelf 7:93 contains three folders.
7,94,SYNTHETIC TRAINING TEXT. Archive shelf 7:94 contains three folders.
7,95,SYNTHETIC TRAINING TEXT. Archive shelf 7:95 contains three folders.
7,96,SYNTHETIC TRAINING TEXT. Archive shelf 7:96 contains three folders.
7,97,SYNTHETIC TRAINING TEXT. Archive shelf 7:97 contains three folders.
7,98,SYNTHETIC TRAINING TEXT. Archive shelf 7:98 contains three folders.
7,99,SYNTHETIC TRAINING TEXT. Archive shelf 7:99 contains three folders.
7,100,SYNTHETIC TRAINING TEXT. Archive shelf 7:100 contains three folders.
7,101,SYNTHETIC TRAINING TEXT. Archive shelf 7:101 contains three folders.
7,102,SYNTHETIC TRAINING TEXT. Archive shelf 7:102 contains three folders.
7,103,SYNTHETIC TRAINING TEXT. Archive shelf 7:103 contains three folders.
7,104,SYNTHETIC TRAINING TEXT. Archive shelf 7:104 contains three folders.
7,105,SYNTHETIC TRAINING TEXT. Archive shelf 7:105 contains three folders.
7,106,SYNTHETIC TRAINING TEXT. Archive shelf 7:106 contains three folders.
7,107,SYNTHETIC TRAINING TEXT. Archive shelf 7:107 contains three folders.
7,108,SYNTHETIC TRAINING TEXT. Archive shelf 7:108 contains three folders.
7,109,SYNTHETIC TRAINING TEXT. Archive shelf 7:109 contains three folders.
7,110,SYNTHETIC TRAINING TEXT. Archive shelf 7:110 contains three folders.
7,111,SYNTHETIC TRAINING TEXT. Archive shelf 7:111 contains three folders.
7,112,SYNTHETIC TRAINING TEXT. Archive shelf 7:112 contains three folders.
7,113,SYNTHETIC TRAINING TEXT. Archive shelf 7:113 contains three folders.
7,114,SYNTHETIC TRAINING TEXT. Archive shelf 7:114 contains three folders.
7,115,SYNTHETIC TRAINING TEXT. Archive shelf 7:115 contains three folders.
7,116,SYNTHETIC TRAINING TEXT. Archive shelf 7:116 contains three folders.
7,117,SYNTHETIC TRAINING TEXT. Archive shelf 7:117 contains three folders.
7,118,SYNTHETIC TRAINING TEXT. Archive shelf 7:118 contains three folders.
7,119,SYNTHETIC TRAINING TEXT. Archive shelf 7:119 contains three folders.
7,120,SYNTHETIC TRAINING TEXT. Archive shelf 7:120 contains three folders.
7,121,SYNTHETIC TRAINING TEXT. Archive shelf 7:121 contains three folders.
7,122,SYNTHETIC TRAINING TEXT. Archive shelf 7:122 contains three folders.
7,123,SYNTHETIC TRAINING TEXT. Archive shelf 7:123 contains three folders.
7,124,SYNTHETIC TRAINING TEXT. Archive shelf 7:124 contains three folders.
7,125,SYNTHETIC TRAINING TEXT. Archive shelf 7:125 contains three folders.
7,126,SYNTHETIC TRAINING TEXT. Archive shelf 7:126 contains three folders.
7,127,SYNTHETIC TRAINING TEXT. Archive shelf 7:127 contains three folders.
7,128,SYNTHETIC TRAINING TEXT. Archive shelf 7:128 contains three folders.
7,129,SYNTHETIC TRAINING TEXT. Archive shelf 7:129 contains three folders.
7,130,SYNTHETIC TRAINING TEXT. Archive shelf 7:130 contains three folders.
7,131,SYNTHETIC TRAINING TEXT. Archive shelf 7:131 contains three folders.
7,132,SYNTHETIC TRAINING TEXT. Archive shelf 7:132 contains three folders.
7,133,SYNTHETIC TRAINING TEXT. Archive shelf 7:133 contains three folders.
7,134,SYNTHETIC TRAINING TEXT. Archive shelf 7:134 contains three folders.
7,135,SYNTHETIC TRAINING TEXT. Archive shelf 7:135 contains three folders.
7,136,SYNTHETIC TRAINING TEXT. Archive shelf 7:136 contains three folders.
7,137,SYNTHETIC TRAINING TEXT. Archive shelf 7:137 contains three folders.
7,138,SYNTHETIC TRAINING TEXT. Archive shelf 7:138 contains three folders.
7,139,SYNTHETIC TRAINING TEXT. Archive shelf 7:139 contains three folders.
7,140,SYNTHETIC TRAINING TEXT. Archive shelf 7:140 contains three folders.
7,141,SYNTHETIC TRAINING TEXT. Archive shelf 7:141 contains three folders.
7,142,SYNTHETIC TRAINING TEXT. Archive shelf 7:142 contains three folders.
7,143,SYNTHETIC TRAINING TEXT. Archive shelf 7:143 contains three folders.
7,144,SYNTHETIC TRAINING TEXT. Archive shelf 7:144 contains three folders.
7,145,SYNTHETIC TRAINING TEXT. Archive shelf 7:145 contains three folders.
7,146,SYNTHETIC TRAINING TEXT. Archive shelf 7:146 contains three folders.
7,147,SYNTHETIC TRAINING TEXT. Archive shelf 7:147 contains three folders.
7,148,SYNTHETIC TRAINING TEXT. Archive shelf 7:148 contains three folders.
7,149,SYNTHETIC TRAINING TEXT. Archive shelf 7:149 contains three folders.
7,150,SYNTHETIC TRAINING TEXT. Archive shelf 7:150 contains three folders.
7,151,SYNTHETIC TRAINING TEXT. Archive shelf 7:151 contains three folders.
7,152,SYNTHETIC TRAINING TEXT. Archive shelf 7:152 contains three folders.
7,153,SYNTHETIC TRAINING TEXT. Archive shelf 7:153 contains three folders.
7,154,SYNTHETIC TRAINING TEXT. Archive shelf 7:154 contains three folders.
7,155,SYNTHETIC TRAINING TEXT. Archive shelf 7:155 contains three folders.
7,156,SYNTHETIC TRAINING TEXT. Archive shelf 7:156 contains three folders.
7,157,SYNTHETIC TRAINING TEXT. Archive shelf 7:157 contains three folders.
7,158,SYNTHETIC TRAINING TEXT. Archive shelf 7:158 contains three folders.
7,159,SYNTHETIC TRAINING TEXT. Archive shelf 7:159 contains three folders.
7,160,SYNTHETIC TRAINING TEXT. Archive shelf 7:160 contains three folders.
7,161,SYNTHETIC TRAINING TEXT. Archive shelf 7:161 contains three folders.
7,162,SYNTHETIC TRAINING TEXT. Archive shelf 7:162 contains three folders.
7,163,SYNTHETIC TRAINING TEXT. Archive shelf 7:163 contains three folders.
7,164,SYNTHETIC TRAINING TEXT. Archive shelf 7:164 contains three folders.
7,165,SYNTHETIC TRAINING TEXT. Archive shelf 7:165 contains three folders.
7,166,SYNTHETIC TRAINING TEXT. Archive shelf 7:166 contains three folders.
7,167,SYNTHETIC TRAINING TEXT. Archive shelf 7:167 contains three folders.
7,168,SYNTHETIC TRAINING TEXT. Archive shelf 7:168 contains three folders.
7,169,SYNTHETIC TRAINING TEXT. Archive shelf 7:169 contains three folders.
7,170,SYNTHETIC TRAINING TEXT. Archive shelf 7:170 contains three folders.
7,171,SYNTHETIC TRAINING TEXT. Archive shelf 7:171 contains three folders.
7,172,SYNTHETIC TRAINING TEXT. Archive shelf 7:172 contains three folders.
7,173,SYNTHETIC TRAINING TEXT. Archive shelf 7:173 contains three folders.
7,174,SYNTHETIC TRAINING TEXT. Archive shelf 7:174 contains three folders.
7,175,SYNTHETIC TRAINING TEXT. Archive shelf 7:175 contains three folders.
7,176,SYNTHETIC TRAINING TEXT. Archive shelf 7:176 contains three folders.
7,177,SYNTHETIC TRAINING TEXT. Archive shelf 7:177 contains three folders.
7,178,SYNTHETIC TRAINING TEXT. Archive shelf 7:178 contains three folders.
7,179,SYNTHETIC TRAINING TEXT. Archive shelf 7:179 contains three folders.
7,180,SYNTHETIC TRAINING TEXT. Archive shelf 7:180 contains three folders.
7,181,SYNTHETIC TRAINING TEXT. Archive shelf 7:181 contains three folders.
7,182,SYNTHETIC TRAINING TEXT. Archive shelf 7:182 contains three folders.
7,183,SYNTHETIC TRAINING TEXT. Archive shelf 7:183 contains three folders.
7,184,SYNTHETIC TRAINING TEXT. Archive shelf 7:184 contains three folders.
7,185,SYNTHETIC TRAINING TEXT. Archive shelf 7:185 contains three folders.
7,186,SYNTHETIC TRAINING TEXT. Archive shelf 7:186 contains three folders.
7,187,SYNTHETIC TRAINING TEXT. Archive shelf 7:187 contains three folders.
7,188,SYNTHETIC TRAINING TEXT. Archive shelf 7:188 contains three folders.
7,189,SYNTHETIC TRAINING TEXT. Archive shelf 7:189 contains three folders.
7,190,SYNTHETIC TRAINING TEXT. Archive shelf 7:190 contains three folders.
7,191,SYNTHETIC TRAINING TEXT. Archive shelf 7:191 contains three folders.
7,192,SYNTHETIC TRAINING TEXT. Archive shelf 7:192 contains three folders.
7,193,SYNTHETIC TRAINING TEXT. Archive shelf 7:193 contains three folders.
7,194,SYNTHETIC TRAINING TEXT. Archive shelf 7:194 contains three folders.
7,195,SYNTHETIC TRAINING TEXT. Archive shelf 7:195 contains three folders.
7,196,SYNTHETIC TRAINING TEXT. Archive shelf 7:196 contains three folders.
7,197,SYNTHETIC TRAINING TEXT. Archive shelf 7:197 contains three folders.
7,198,SYNTHETIC TRAINING TEXT. Archive shelf 7:198 contains three folders.
7,199,SYNTHETIC TRAINING TEXT. Archive shelf 7:199 contains three folders.
7,200,SYNTHETIC TRAINING TEXT. Archive shelf 7:200 contains three folders.
7,201,SYNTHETIC TRAINING TEXT. Archive shelf 7:201 contains three folders.
7,202,SYNTHETIC TRAINING TEXT. Archive shelf 7:202 contains three folders.
7,203,SYNTHETIC TRAINING TEXT. Archive shelf 7:203 contains three folders.
7,204,SYNTHETIC TRAINING TEXT. Archive shelf 7:204 contains three folders.
7,205,SYNTHETIC TRAINING TEXT. Archive shelf 7:205 contains three folders.
7,206,SYNTHETIC TRAINING TEXT. Archive shelf 7:206 contains three folders.
8,1,SYNTHETIC TRAINING TEXT. Archive shelf 8:1 contains three folders.
8,2,SYNTHETIC TRAINING TEXT. Archive shelf 8:2 contains three folders.
8,3,SYNTHETIC TRAINING TEXT. Archive shelf 8:3 contains three folders.
8,4,SYNTHETIC TRAINING TEXT. Archive shelf 8:4 contains three folders.
8,5,SYNTHETIC TRAINING TEXT. Archive shelf 8:5 contains three folders.
8,6,SYNTHETIC TRAINING TEXT. Archive shelf 8:6 contains three folders.
8,7,SYNTHETIC TRAINING TEXT. Archive shelf 8:7 contains three folders.
8,8,SYNTHETIC TRAINING TEXT. Archive shelf 8:8 contains three folders.
8,9,SYNTHETIC TRAINING TEXT. Archive shelf 8:9 contains three folders.
8,10,SYNTHETIC TRAINING TEXT. Archive shelf 8:10 contains three folders.
8,11,SYNTHETIC TRAINING TEXT. Archive shelf 8:11 contains three folders.
8,12,SYNTHETIC TRAINING TEXT. Archive shelf 8:12 contains three folders.
8,13,SYNTHETIC TRAINING TEXT. Archive shelf 8:13 contains three folders.
8,14,SYNTHETIC TRAINING TEXT. Archive shelf 8:14 contains three folders.
8,15,SYNTHETIC TRAINING TEXT. Archive shelf 8:15 contains three folders.
8,16,SYNTHETIC TRAINING TEXT. Archive shelf 8:16 contains three folders.
8,17,SYNTHETIC TRAINING TEXT. Archive shelf 8:17 contains three folders.
8,18,SYNTHETIC TRAINING TEXT. Archive shelf 8:18 contains three folders.
8,19,SYNTHETIC TRAINING TEXT. Archive shelf 8:19 contains three folders.
8,20,SYNTHETIC TRAINING TEXT. Archive shelf 8:20 contains three folders.
8,21,SYNTHETIC TRAINING TEXT. Archive shelf 8:21 contains three folders.
8,22,SYNTHETIC TRAINING TEXT. Archive shelf 8:22 contains three folders.
8,23,SYNTHETIC TRAINING TEXT. Archive shelf 8:23 contains three folders.
8,24,SYNTHETIC TRAINING TEXT. Archive shelf 8:24 contains three folders.
8,25,SYNTHETIC TRAINING TEXT. Archive shelf 8:25 contains three folders.
8,26,SYNTHETIC TRAINING TEXT. Archive shelf 8:26 contains three folders.
8,27,SYNTHETIC TRAINING TEXT. Archive shelf 8:27 contains three folders.
8,28,SYNTHETIC TRAINING TEXT. Archive shelf 8:28 contains three folders.
8,29,SYNTHETIC TRAINING TEXT. Archive shelf 8:29 contains three folders.
8,30,SYNTHETIC TRAINING TEXT. Archive shelf 8:30 contains three folders.
8,31,SYNTHETIC TRAINING TEXT. Archive shelf 8:31 contains three folders.
8,32,SYNTHETIC TRAINING TEXT. Archive shelf 8:32 contains three folders.
8,33,SYNTHETIC TRAINING TEXT. Archive shelf 8:33 contains three folders.
8,34,SYNTHETIC TRAINING TEXT. Archive shelf 8:34 contains three folders.
8,35,SYNTHETIC TRAINING TEXT. Archive shelf 8:35 contains three folders.
8,36,SYNTHETIC TRAINING TEXT. Archive shelf 8:36 contains three folders.
8,37,SYNTHETIC TRAINING TEXT. Archive shelf 8:37 contains three folders.
8,38,SYNTHETIC TRAINING TEXT. Archive shelf 8:38 contains three folders.
8,39,SYNTHETIC TRAINING TEXT. Archive shelf 8:39 contains three folders.
8,40,SYNTHETIC TRAINING TEXT. Archive shelf 8:40 contains three folders.
8,41,SYNTHETIC TRAINING TEXT. Archive shelf 8:41 contains three folders.
8,42,SYNTHETIC TRAINING TEXT. Archive shelf 8:42 contains three folders.
8,43,SYNTHETIC TRAINING TEXT. Archive shelf 8:43 contains three folders.
8,44,SYNTHETIC TRAINING TEXT. Archive shelf 8:44 contains three folders.
8,45,SYNTHETIC TRAINING TEXT. Archive shelf 8:45 contains three folders.
8,46,SYNTHETIC TRAINING TEXT. Archive shelf 8:46 contains three folders.
8,47,SYNTHETIC TRAINING TEXT. Archive shelf 8:47 contains three folders.
8,48,SYNTHETIC TRAINING TEXT. Archive shelf 8:48 contains three folders.
8,49,SYNTHETIC TRAINING TEXT. Archive shelf 8:49 contains three folders.
8,50,SYNTHETIC TRAINING TEXT. Archive shelf 8:50 contains three folders.
8,51,SYNTHETIC TRAINING TEXT. Archive shelf 8:51 contains three folders.
8,52,SYNTHETIC TRAINING TEXT. Archive shelf 8:52 contains three folders.
8,53,SYNTHETIC TRAINING TEXT. Archive shelf 8:53 contains three folders.
8,54,SYNTHETIC TRAINING TEXT. Archive shelf 8:54 contains three folders.
8,55,SYNTHETIC TRAINING TEXT. Archive shelf 8:55 contains three folders.
8,56,SYNTHETIC TRAINING TEXT. Archive shelf 8:56 contains three folders.
8,57,SYNTHETIC TRAINING TEXT. Archive shelf 8:57 contains three folders.
8,58,SYNTHETIC TRAINING TEXT. Archive shelf 8:58 contains three folders.
8,59,SYNTHETIC TRAINING TEXT. Archive shelf 8:59 contains three folders.
8,60,SYNTHETIC TRAINING TEXT. Archive shelf 8:60 contains three folders.
8,61,SYNTHETIC TRAINING TEXT. Archive shelf 8:61 contains three folders.
8,62,SYNTHETIC TRAINING TEXT. Archive shelf 8:62 contains three folders.
8,63,SYNTHETIC TRAINING TEXT. Archive shelf 8:63 contains three folders.
8,64,SYNTHETIC TRAINING TEXT. Archive shelf 8:64 contains three folders.
8,65,SYNTHETIC TRAINING TEXT. Archive shelf 8:65 contains three folders.
8,66,SYNTHETIC TRAINING TEXT. Archive shelf 8:66 contains three folders.
8,67,SYNTHETIC TRAINING TEXT. Archive shelf 8:67 contains three folders.
8,68,SYNTHETIC TRAINING TEXT. Archive shelf 8:68 contains three folders.
8,69,SYNTHETIC TRAINING TEXT. Archive shelf 8:69 contains three folders.
8,70,SYNTHETIC TRAINING TEXT. Archive shelf 8:70 contains three folders.
8,71,SYNTHETIC TRAINING TEXT. Archive shelf 8:71 contains three folders.
8,72,SYNTHETIC TRAINING TEXT. Archive shelf 8:72 contains three folders.
8,73,SYNTHETIC TRAINING TEXT. Archive shelf 8:73 contains three folders.
8,74,SYNTHETIC TRAINING TEXT. Archive shelf 8:74 contains three folders.
8,75,SYNTHETIC TRAINING TEXT. Archive shelf 8:75 contains three folders.
9,1,SYNTHETIC TRAINING TEXT. Archive shelf 9:1 contains three folders.
9,2,SYNTHETIC TRAINING TEXT. Archive shelf 9:2 contains three folders.
9,3,SYNTHETIC TRAINING TEXT. Archive shelf 9:3 contains three folders.
9,4,SYNTHETIC TRAINING TEXT. Archive shelf 9:4 contains three folders.
9,5,SYNTHETIC TRAINING TEXT. Archive shelf 9:5 contains three folders.
9,6,SYNTHETIC TRAINING TEXT. Archive shelf 9:6 contains three folders.
9,7,SYNTHETIC TRAINING TEXT. Archive shelf 9:7 contains three folders.
9,8,SYNTHETIC TRAINING TEXT. Archive shelf 9:8 contains three folders.
9,9,SYNTHETIC TRAINING TEXT. Archive shelf 9:9 contains three folders.
9,10,SYNTHETIC TRAINING TEXT. Archive shelf 9:10 contains three folders.
9,11,SYNTHETIC TRAINING TEXT. Archive shelf 9:11 contains three folders.
9,12,SYNTHETIC TRAINING TEXT. Archive shelf 9:12 contains three folders.
9,13,SYNTHETIC TRAINING TEXT. Archive shelf 9:13 contains three folders.
9,14,SYNTHETIC TRAINING TEXT. Archive shelf 9:14 contains three folders.
9,15,SYNTHETIC TRAINING TEXT. Archive shelf 9:15 contains three folders.
9,16,SYNTHETIC TRAINING TEXT. Archive shelf 9:16 contains three folders.
9,17,SYNTHETIC TRAINING TEXT. Archive shelf 9:17 contains three folders.
9,18,SYNTHETIC TRAINING TEXT. Archive shelf 9:18 contains three folders.
9,19,SYNTHETIC TRAINING TEXT. Archive shelf 9:19 contains three folders.
9,20,SYNTHETIC TRAINING TEXT. Archive shelf 9:20 contains three folders.
9,21,SYNTHETIC TRAINING TEXT. Archive shelf 9:21 contains three folders.
9,22,SYNTHETIC TRAINING TEXT. Archive shelf 9:22 contains three folders.
9,23,SYNTHETIC TRAINING TEXT. Archive shelf 9:23 contains three folders.
9,24,SYNTHETIC TRAINING TEXT. Archive shelf 9:24 contains three folders.
9,25,SYNTHETIC TRAINING TEXT. Archive shelf 9:25 contains three folders.
9,26,SYNTHETIC TRAINING TEXT. Archive shelf 9:26 contains three folders.
9,27,SYNTHETIC TRAINING TEXT. Archive shelf 9:27 contains three folders.
9,28,SYNTHETIC TRAINING TEXT. Archive shelf 9:28 contains three folders.
9,29,SYNTHETIC TRAINING TEXT. Archive shelf 9:29 contains three folders.
9,30,SYNTHETIC TRAINING TEXT. Archive shelf 9:30 contains three folders.
9,31,SYNTHETIC TRAINING TEXT. Archive shelf 9:31 contains three folders.
9,32,SYNTHETIC TRAINING TEXT. Archive shelf 9:32 contains three folders.
9,33,SYNTHETIC TRAINING TEXT. Archive shelf 9:33 contains three folders.
9,34,SYNTHETIC TRAINING TEXT. Archive shelf 9:34 contains three folders.
9,35,SYNTHETIC TRAINING TEXT. Archive shelf 9:35 contains three folders.
9,36,SYNTHETIC TRAINING TEXT. Archive shelf 9:36 contains three folders.
9,37,SYNTHETIC TRAINING TEXT. Archive shelf 9:37 contains three folders.
9,38,SYNTHETIC TRAINING TEXT. Archive shelf 9:38 contains three folders.
9,39,SYNTHETIC TRAINING TEXT. Archive shelf 9:39 contains three folders.
9,40,SYNTHETIC TRAINING TEXT. Archive shelf 9:40 contains three folders.
9,41,SYNTHETIC TRAINING TEXT. Archive shelf 9:41 contains three folders.
9,42,SYNTHETIC TRAINING TEXT. Archive shelf 9:42 contains three folders.
9,43,SYNTHETIC TRAINING TEXT. Archive shelf 9:43 contains three folders.
9,44,SYNTHETIC TRAINING TEXT. Archive shelf 9:44 contains three folders.
9,45,SYNTHETIC TRAINING TEXT. Archive shelf 9:45 contains three folders.
9,46,SYNTHETIC TRAINING TEXT. Archive shelf 9:46 contains three folders.
9,47,SYNTHETIC TRAINING TEXT. Archive shelf 9:47 contains three folders.
9,48,SYNTHETIC TRAINING TEXT. Archive shelf 9:48 contains three folders.
9,49,SYNTHETIC TRAINING TEXT. Archive shelf 9:49 contains three folders.
9,50,SYNTHETIC TRAINING TEXT. Archive shelf 9:50 contains three folders.
9,51,SYNTHETIC TRAINING TEXT. Archive shelf 9:51 contains three folders.
9,52,SYNTHETIC TRAINING TEXT. Archive shelf 9:52 contains three folders.
9,53,SYNTHETIC TRAINING TEXT. Archive shelf 9:53 contains three folders.
9,54,SYNTHETIC TRAINING TEXT. Archive shelf 9:54 contains three folders.
9,55,SYNTHETIC TRAINING TEXT. Archive shelf 9:55 contains three folders.
9,56,SYNTHETIC TRAINING TEXT. Archive shelf 9:56 contains three folders.
9,57,SYNTHETIC TRAINING TEXT. Archive shelf 9:57 contains three folders.
9,58,SYNTHETIC TRAINING TEXT. Archive shelf 9:58 contains three folders.
9,59,SYNTHETIC TRAINING TEXT. Archive shelf 9:59 contains three folders.
9,60,SYNTHETIC TRAINING TEXT. Archive shelf 9:60 contains three folders.
9,61,SYNTHETIC TRAINING TEXT. Archive shelf 9:61 contains three folders.
9,62,SYNTHETIC TRAINING TEXT. Archive shelf 9:62 contains three folders.
9,63,SYNTHETIC TRAINING TEXT. Archive shelf 9:63 contains three folders.
9,64,SYNTHETIC TRAINING TEXT. Archive shelf 9:64 contains three folders.
9,65,SYNTHETIC TRAINING TEXT. Archive shelf 9:65 contains three folders.
9,66,SYNTHETIC TRAINING TEXT. Archive shelf 9:66 contains three folders.
9,67,SYNTHETIC TRAINING TEXT. Archive shelf 9:67 contains three folders.
9,68,SYNTHETIC TRAINING TEXT. Archive shelf 9:68 contains three folders.
9,69,SYNTHETIC TRAINING TEXT. Archive shelf 9:69 contains three folders.
9,70,SYNTHETIC TRAINING TEXT. Archive shelf 9:70 contains three folders.
9,71,SYNTHETIC TRAINING TEXT. Archive shelf 9:71 contains three folders.
9,72,SYNTHETIC TRAINING TEXT. Archive shelf 9:72 contains three folders.
9,73,SYNTHETIC TRAINING TEXT. Archive shelf 9:73 contains three folders.
9,74,SYNTHETIC TRAINING TEXT. Archive shelf 9:74 contains three folders.
9,75,SYNTHETIC TRAINING TEXT. Archive shelf 9:75 contains three folders.
9,76,SYNTHETIC TRAINING TEXT. Archive shelf 9:76 contains three folders.
9,77,SYNTHETIC TRAINING TEXT. Archive shelf 9:77 contains three folders.
9,78,SYNTHETIC TRAINING TEXT. Archive shelf 9:78 contains three folders.
9,79,SYNTHETIC TRAINING TEXT. Archive shelf 9:79 contains three folders.
9,80,SYNTHETIC TRAINING TEXT. Archive shelf 9:80 contains three folders.
9,81,SYNTHETIC TRAINING TEXT. Archive shelf 9:81 contains three folders.
9,82,SYNTHETIC TRAINING TEXT. Archive shelf 9:82 contains three folders.
9,83,SYNTHETIC TRAINING TEXT. Archive shelf 9:83 contains three folders.
9,84,SYNTHETIC TRAINING TEXT. Archive shelf 9:84 contains three folders.
9,85,SYNTHETIC TRAINING TEXT. Archive shelf 9:85 contains three folders.
9,86,SYNTHETIC TRAINING TEXT. Archive shelf 9:86 contains three folders.
9,87,SYNTHETIC TRAINING TEXT. Archive shelf 9:87 contains three folders.
9,88,SYNTHETIC TRAINING TEXT. Archive shelf 9:88 contains three folders.
9,89,SYNTHETIC TRAINING TEXT. Archive shelf 9:89 contains three folders.
9,90,SYNTHETIC TRAINING TEXT. Archive shelf 9:90 contains three folders.
9,91,SYNTHETIC TRAINING TEXT. Archive shelf 9:91 contains three folders.
9,92,SYNTHETIC TRAINING TEXT. Archive shelf 9:92 contains three folders.
9,93,SYNTHETIC TRAINING TEXT. Archive shelf 9:93 contains three folders.
9,94,SYNTHETIC TRAINING TEXT. Archive shelf 9:94 contains three folders.
9,95,SYNTHETIC TRAINING TEXT. Archive shelf 9:95 contains three folders.
9,96,SYNTHETIC TRAINING TEXT. Archive shelf 9:96 contains three folders.
9,97,SYNTHETIC TRAINING TEXT. Archive shelf 9:97 contains three folders.
9,98,SYNTHETIC TRAINING TEXT. Archive shelf 9:98 contains three folders.
9,99,SYNTHETIC TRAINING TEXT. Archive shelf 9:99 contains three folders.
9,100,SYNTHETIC TRAINING TEXT. Archive shelf 9:100 contains three folders.
9,101,SYNTHETIC TRAINING TEXT. Archive shelf 9:101 contains three folders.
9,102,SYNTHETIC TRAINING TEXT. Archive shelf 9:102 contains three folders.
9,103,SYNTHETIC TRAINING TEXT. Archive shelf 9:103 contains three folders.
9,104,SYNTHETIC TRAINING TEXT. Archive shelf 9:104 contains three folders.
9,105,SYNTHETIC TRAINING TEXT. Archive shelf 9:105 contains three folders.
9,106,SYNTHETIC TRAINING TEXT. Archive shelf 9:106 contains three folders.
9,107,SYNTHETIC TRAINING TEXT. Archive shelf 9:107 contains three folders.
9,108,SYNTHETIC TRAINING TEXT. Archive shelf 9:108 contains three folders.
9,109,SYNTHETIC TRAINING TEXT. Archive shelf 9:109 contains three folders.
9,110,SYNTHETIC TRAINING TEXT. Archive shelf 9:110 contains three folders.
9,111,SYNTHETIC TRAINING TEXT. Archive shelf 9:111 contains three folders.
9,112,SYNTHETIC TRAINING TEXT. Archive shelf 9:112 contains three folders.
9,113,SYNTHETIC TRAINING TEXT. Archive shelf 9:113 contains three folders.
9,114,SYNTHETIC TRAINING TEXT. Archive shelf 9:114 contains three folders.
9,115,SYNTHETIC TRAINING TEXT. Archive shelf 9:115 contains three folders.
9,116,SYNTHETIC TRAINING TEXT. Archive shelf 9:116 contains three folders.
9,117,SYNTHETIC TRAINING TEXT. Archive shelf 9:117 contains three folders.
9,118,SYNTHETIC TRAINING TEXT. Archive shelf 9:118 contains three folders.
9,119,SYNTHETIC TRAINING TEXT. Archive shelf 9:119 contains three folders.
9,120,SYNTHETIC TRAINING TEXT. Archive shelf 9:120 contains three folders.
9,121,SYNTHETIC TRAINING TEXT. Archive shelf 9:121 contains three folders.
9,122,SYNTHETIC TRAINING TEXT. Archive shelf 9:122 contains three folders.
9,123,SYNTHETIC TRAINING TEXT. Archive shelf 9:123 contains three folders.
9,124,SYNTHETIC TRAINING TEXT. Archive shelf 9:124 contains three folders.
9,125,SYNTHETIC TRAINING TEXT. Archive shelf 9:125 contains three folders.
9,126,SYNTHETIC TRAINING TEXT. Archive shelf 9:126 contains three folders.
9,127,SYNTHETIC TRAINING TEXT. Archive shelf 9:127 contains three folders.
9,128,SYNTHETIC TRAINING TEXT. Archive shelf 9:128 contains three folders.
9,129,SYNTHETIC TRAINING TEXT. Archive shelf 9:129 contains three folders.
10,1,SYNTHETIC TRAINING TEXT. Archive shelf 10:1 contains three folders.
10,2,SYNTHETIC TRAINING TEXT. Archive shelf 10:2 contains three folders.
10,3,SYNTHETIC TRAINING TEXT. Archive shelf 10:3 contains three folders.
10,4,SYNTHETIC TRAINING TEXT. Archive shelf 10:4 contains three folders.
10,5,SYNTHETIC TRAINING TEXT. Archive shelf 10:5 contains three folders.
10,6,SYNTHETIC TRAINING TEXT. Archive shelf 10:6 contains three folders.
10,7,SYNTHETIC TRAINING TEXT. Archive shelf 10:7 contains three folders.
10,8,SYNTHETIC TRAINING TEXT. Archive shelf 10:8 contains three folders.
10,9,SYNTHETIC TRAINING TEXT. Archive shelf 10:9 contains three folders.
10,10,SYNTHETIC TRAINING TEXT. Archive shelf 10:10 contains three folders.
10,11,SYNTHETIC TRAINING TEXT. Archive shelf 10:11 contains three folders.
10,12,SYNTHETIC TRAINING TEXT. Archive shelf 10:12 contains three folders.
10,13,SYNTHETIC TRAINING TEXT. Archive shelf 10:13 contains three folders.
10,14,SYNTHETIC TRAINING TEXT. Archive shelf 10:14 contains three folders.
10,15,SYNTHETIC TRAINING TEXT. Archive shelf 10:15 contains three folders.
10,16,SYNTHETIC TRAINING TEXT. Archive shelf 10:16 contains three folders.
10,17,SYNTHETIC TRAINING TEXT. Archive shelf 10:17 contains three folders.
10,18,SYNTHETIC TRAINING TEXT. Archive shelf 10:18 contains three folders.
10,19,SYNTHETIC TRAINING TEXT. Archive shelf 10:19 contains three folders.
10,20,SYNTHETIC TRAINING TEXT. Archive shelf 10:20 contains three folders.
10,21,SYNTHETIC TRAINING TEXT. Archive shelf 10:21 contains three folders.
10,22,SYNTHETIC TRAINING TEXT. Archive shelf 10:22 contains three folders.
10,23,SYNTHETIC TRAINING TEXT. Archive shelf 10:23 contains three folders.
10,24,SYNTHETIC TRAINING TEXT. Archive shelf 10:24 contains three folders.
10,25,SYNTHETIC TRAINING TEXT. Archive shelf 10:25 contains three folders.
10,26,SYNTHETIC TRAINING TEXT. Archive shelf 10:26 contains three folders.
10,27,SYNTHETIC TRAINING TEXT. Archive shelf 10:27 contains three folders.
10,28,SYNTHETIC TRAINING TEXT. Archive shelf 10:28 contains three folders.
10,29,SYNTHETIC TRAINING TEXT. Archive shelf 10:29 contains three folders.
10,30,SYNTHETIC TRAINING TEXT. Archive shelf 10:30 contains three folders.
10,31,SYNTHETIC TRAINING TEXT. Archive shelf 10:31 contains three folders.
10,32,SYNTHETIC TRAINING TEXT. Archive shelf 10:32 contains three folders.
10,33,SYNTHETIC TRAINING TEXT. Archive shelf 10:33 contains three folders.
10,34,SYNTHETIC TRAINING TEXT. Archive shelf 10:34 contains three folders.
10,35,SYNTHETIC TRAINING TEXT. Archive shelf 10:35 contains three folders.
10,36,SYNTHETIC TRAINING TEXT. Archive shelf 10:36 contains three folders.
10,37,SYNTHETIC TRAINING TEXT. Archive shelf 10:37 contains three folders.
10,38,SYNTHETIC TRAINING TEXT. Archive shelf 10:38 contains three folders.
10,39,SYNTHETIC TRAINING TEXT. Archive shelf 10:39 contains three folders.
10,40,SYNTHETIC TRAINING TEXT. Archive shelf 10:40 contains three folders.
10,41,SYNTHETIC TRAINING TEXT. Archive shelf 10:41 contains three folders.
10,42,SYNTHETIC TRAINING TEXT. Archive shelf 10:42 contains three folders.
10,43,SYNTHETIC TRAINING TEXT. Archive shelf 10:43 contains three folders.
10,44,SYNTHETIC TRAINING TEXT. Archive shelf 10:44 contains three folders.
10,45,SYNTHETIC TRAINING TEXT. Archive shelf 10:45 contains three folders.
10,46,SYNTHETIC TRAINING TEXT. Archive shelf 10:46 contains three folders.
10,47,SYNTHETIC TRAINING TEXT. Archive shelf 10:47 contains three folders.
10,48,SYNTHETIC TRAINING TEXT. Archive shelf 10:48 contains three folders.
10,49,SYNTHETIC TRAINING TEXT. Archive shelf 10:49 contains three folders.
10,50,SYNTHETIC TRAINING TEXT. Archive shelf 10:50 contains three folders.
10,51,SYNTHETIC TRAINING TEXT. Archive shelf 10:51 contains three folders.
10,52,SYNTHETIC TRAINING TEXT. Archive shelf 10:52 contains three folders.
10,53,SYNTHETIC TRAINING TEXT. Archive shelf 10:53 contains three folders.
10,54,SYNTHETIC TRAINING TEXT. Archive shelf 10:54 contains three folders.
10,55,SYNTHETIC TRAINING TEXT. Archive shelf 10:55 contains three folders.
10,56,SYNTHETIC TRAINING TEXT. Archive shelf 10:56 contains three folders.
10,57,SYNTHETIC TRAINING TEXT. Archive shelf 10:57 contains three folders.
10,58,SYNTHETIC TRAINING TEXT. Archive shelf 10:58 contains three folders.
10,59,SYNTHETIC TRAINING TEXT. Archive shelf 10:59 contains three folders.
10,60,SYNTHETIC TRAINING TEXT. Archive shelf 10:60 contains three folders.
10,61,SYNTHETIC TRAINING TEXT. Archive shelf 10:61 contains three folders.
10,62,SYNTHETIC TRAINING TEXT. Archive shelf 10:62 contains three folders.
10,63,SYNTHETIC TRAINING TEXT. Archive shelf 10:63 contains three folders.
10,64,SYNTHETIC TRAINING TEXT. Archive shelf 10:64 contains three folders.
10,65,SYNTHETIC TRAINING TEXT. Archive shelf 10:65 contains three folders.
10,66,SYNTHETIC TRAINING TEXT. Archive shelf 10:66 contains three folders.
10,67,SYNTHETIC TRAINING TEXT. Archive shelf 10:67 contains three folders.
10,68,SYNTHETIC TRAINING TEXT. Archive shelf 10:68 contains three folders.
10,69,SYNTHETIC TRAINING TEXT. Archive shelf 10:69 contains three folders.
10,70,SYNTHETIC TRAINING TEXT. Archive shelf 10:70 contains three folders.
10,71,SYNTHETIC TRAINING TEXT. Archive shelf 10:71 contains three folders.
10,72,SYNTHETIC TRAINING TEXT. Archive shelf 10:72 contains three folders.
10,73,SYNTHETIC TRAINING TEXT. Archive shelf 10:73 contains three folders.
10,74,SYNTHETIC TRAINING TEXT. Archive shelf 10:74 contains three folders.
10,75,SYNTHETIC TRAINING TEXT. Archive shelf 10:75 contains three folders.
10,76,SYNTHETIC TRAINING TEXT. Archive shelf 10:76 contains three folders.
10,77,SYNTHETIC TRAINING TEXT. Archive shelf 10:77 contains three folders.
10,78,SYNTHETIC TRAINING TEXT. Archive shelf 10:78 contains three folders.
10,79,SYNTHETIC TRAINING TEXT. Archive shelf 10:79 contains three folders.
10,80,SYNTHETIC TRAINING TEXT. Archive shelf 10:80 contains three folders.
10,81,SYNTHETIC TRAINING TEXT. Archive shelf 10:81 contains three folders.
10,82,SYNTHETIC TRAINING TEXT. Archive shelf 10:82 contains three folders.
10,83,SYNTHETIC TRAINING TEXT. Archive shelf 10:83 contains three folders.
10,84,SYNTHETIC TRAINING TEXT. Archive shelf 10:84 contains three folders.
10,85,SYNTHETIC TRAINING TEXT. Archive shelf 10:85 contains three folders.
10,86,SYNTHETIC TRAINING TEXT. Archive shelf 10:86 contains three folders.
10,87,SYNTHETIC TRAINING TEXT. Archive shelf 10:87 contains three folders.
10,88,SYNTHETIC TRAINING TEXT. Archive shelf 10:88 contains three folders.
10,89,SYNTHETIC TRAINING TEXT. Archive shelf 10:89 contains three folders.
10,90,SYNTHETIC TRAINING TEXT. Archive shelf 10:90 contains three folders.
10,91,SYNTHETIC TRAINING TEXT. Archive shelf 10:91 contains three folders.
10,92,SYNTHETIC TRAINING TEXT. Archive shelf 10:92 contains three folders.
10,93,SYNTHETIC TRAINING TEXT. Archive shelf 10:93 contains three folders.
10,94,SYNTHETIC TRAINING TEXT. Archive shelf 10:94 contains three folders.
10,95,SYNTHETIC TRAINING TEXT. Archive shelf 10:95 contains three folders.
10,96,SYNTHETIC TRAINING TEXT. Archive shelf 10:96 contains three folders.
10,97,SYNTHETIC TRAINING TEXT. Archive shelf 10:97 contains three folders.
10,98,SYNTHETIC TRAINING TEXT. Archive shelf 10:98 contains three folders.
10,99,SYNTHETIC TRAINING TEXT. Archive shelf 10:99 contains three folders.
10,100,SYNTHETIC TRAINING TEXT. Archive shelf 10:100 contains three folders.
10,101,SYNTHETIC TRAINING TEXT. Archive shelf 10:101 contains three folders.
10,102,SYNTHETIC TRAINING TEXT. Archive shelf 10:102 contains three folders.
10,103,SYNTHETIC TRAINING TEXT. Archive shelf 10:103 contains three folders.
10,104,SYNTHETIC TRAINING TEXT. Archive shelf 10:104 contains three folders.
10,105,SYNTHETIC TRAINING TEXT. Archive shelf 10:105 contains three folders.
10,106,SYNTHETIC TRAINING TEXT. Archive shelf 10:106 contains three folders.
10,107,SYNTHETIC TRAINING TEXT. Archive shelf 10:107 contains three folders.
10,108,SYNTHETIC TRAINING TEXT. Archive shelf 10:108 contains three folders.
10,109,SYNTHETIC TRAINING TEXT. Archive shelf 10:109 contains three folders.
11,1,SYNTHETIC TRAINING TEXT. Archive shelf 11:1 contains three folders.
11,2,SYNTHETIC TRAINING TEXT. Archive shelf 11:2 contains three folders.
11,3,SYNTHETIC TRAINING TEXT. Archive shelf 11:3 contains three folders.
11,4,SYNTHETIC TRAINING TEXT. Archive shelf 11:4 contains three folders.
11,5,SYNTHETIC TRAINING TEXT. Archive shelf 11:5 contains three folders.
11,6,SYNTHETIC TRAINING TEXT. Archive shelf 11:6 contains three folders.
11,7,SYNTHETIC TRAINING TEXT. Archive shelf 11:7 contains three folders.
11,8,SYNTHETIC TRAINING TEXT. Archive shelf 11:8 contains three folders.
11,9,SYNTHETIC TRAINING TEXT. Archive shelf 11:9 contains three folders.
11,10,SYNTHETIC TRAINING TEXT. Archive shelf 11:10 contains three folders.
11,11,SYNTHETIC TRAINING TEXT. Archive shelf 11:11 contains three folders.
11,12,SYNTHETIC TRAINING TEXT. Archive shelf 11:12 contains three folders.
11,13,SYNTHETIC TRAINING TEXT. Archive shelf 11:13 contains three folders.
11,14,SYNTHETIC TRAINING TEXT. Archive shelf 11:14 contains three folders.
11,15,SYNTHETIC TRAINING TEXT. Archive shelf 11:15 contains three folders.
11,16,SYNTHETIC TRAINING TEXT. Archive shelf 11:16 contains three folders.
11,17,SYNTHETIC TRAINING TEXT. Archive shelf 11:17 contains three folders.
11,18,SYNTHETIC TRAINING TEXT. Archive shelf 11:18 contains three folders.
11,19,SYNTHETIC TRAINING TEXT. Archive shelf 11:19 contains three folders.
11,20,SYNTHETIC TRAINING TEXT. Archive shelf 11:20 contains three folders.
11,21,SYNTHETIC TRAINING TEXT. Archive shelf 11:21 contains three folders.
11,22,SYNTHETIC TRAINING TEXT. Archive shelf 11:22 contains three folders.
11,23,SYNTHETIC TRAINING TEXT. Archive shelf 11:23 contains three folders.
11,24,SYNTHETIC TRAINING TEXT. Archive shelf 11:24 contains three folders.
11,25,SYNTHETIC TRAINING TEXT. Archive shelf 11:25 contains three folders.
11,26,SYNTHETIC TRAINING TEXT. Archive shelf 11:26 contains three folders.
11,27,SYNTHETIC TRAINING TEXT. Archive shelf 11:27 contains three folders.
11,28,SYNTHETIC TRAINING TEXT. Archive shelf 11:28 contains three folders.
11,29,SYNTHETIC TRAINING TEXT. Archive shelf 11:29 contains three folders.
11,30,SYNTHETIC TRAINING TEXT. Archive shelf 11:30 contains three folders.
11,31,SYNTHETIC TRAINING TEXT. Archive shelf 11:31 contains three folders.
11,32,SYNTHETIC TRAINING TEXT. Archive shelf 11:32 contains three folders.
11,33,SYNTHETIC TRAINING TEXT. Archive shelf 11:33 contains three folders.
11,34,SYNTHETIC TRAINING TEXT. Archive shelf 11:34 contains three folders.
11,35,SYNTHETIC TRAINING TEXT. Archive shelf 11:35 contains three folders.
11,36,SYNTHETIC TRAINING TEXT. Archive shelf 11:36 contains three folders.
11,37,SYNTHETIC TRAINING TEXT. Archive shelf 11:37 contains three folders.
11,38,SYNTHETIC TRAINING TEXT. Archive shelf 11:38 contains three folders.
11,39,SYNTHETIC TRAINING TEXT. Archive shelf 11:39 contains three folders.
11,40,SYNTHETIC TRAINING TEXT. Archive shelf 11:40 contains three folders.
11,41,SYNTHETIC TRAINING TEXT. Archive shelf 11:41 contains three folders.
11,42,SYNTHETIC TRAINING TEXT. Archive shelf 11:42 contains three folders.
11,43,SYNTHETIC TRAINING TEXT. Archive shelf 11:43 contains three folders.
11,44,SYNTHETIC TRAINING TEXT. Archive shelf 11:44 contains three folders.
11,45,SYNTHETIC TRAINING TEXT. Archive shelf 11:45 contains three folders.
11,46,SYNTHETIC TRAINING TEXT. Archive shelf 11:46 contains three folders.
11,47,SYNTHETIC TRAINING TEXT. Archive shelf 11:47 contains three folders.
11,48,SYNTHETIC TRAINING TEXT. Archive shelf 11:48 contains three folders.
11,49,SYNTHETIC TRAINING TEXT. Archive shelf 11:49 contains three folders.
11,50,SYNTHETIC TRAINING TEXT. Archive shelf 11:50 contains three folders.
11,51,SYNTHETIC TRAINING TEXT. Archive shelf 11:51 contains three folders.
11,52,SYNTHETIC TRAINING TEXT. Archive shelf 11:52 contains three folders.
11,53,SYNTHETIC TRAINING TEXT. Archive shelf 11:53 contains three folders.
11,54,SYNTHETIC TRAINING TEXT. Archive shelf 11:54 contains three folders.
11,55,SYNTHETIC TRAINING TEXT. Archive shelf 11:55 contains three folders.
11,56,SYNTHETIC TRAINING TEXT. Archive shelf 11:56 contains three folders.
11,57,SYNTHETIC TRAINING TEXT. Archive shelf 11:57 contains three folders.
11,58,SYNTHETIC TRAINING TEXT. Archive shelf 11:58 contains three folders.
11,59,SYNTHETIC TRAINING TEXT. Archive shelf 11:59 contains three folders.
11,60,SYNTHETIC TRAINING TEXT. Archive shelf 11:60 contains three folders.
11,61,SYNTHETIC TRAINING TEXT. Archive shelf 11:61 contains three folders.
11,62,SYNTHETIC TRAINING TEXT. Archive shelf 11:62 contains three folders.
11,63,SYNTHETIC TRAINING TEXT. Archive shelf 11:63 contains three folders.
11,64,SYNTHETIC TRAINING TEXT. Archive shelf 11:64 contains three folders.
11,65,SYNTHETIC TRAINING TEXT. Archive shelf 11:65 contains three folders.
11,66,SYNTHETIC TRAINING TEXT. Archive shelf 11:66 contains three folders.
11,67,SYNTHETIC TRAINING TEXT. Archive shelf 11:67 contains three folders.
11,68,SYNTHETIC TRAINING TEXT. Archive shelf 11:68 contains three folders.
11,69,SYNTHETIC TRAINING TEXT. Archive shelf 11:69 contains three folders.
11,70,SYNTHETIC TRAINING TEXT. Archive shelf 11:70 contains three folders.
11,71,SYNTHETIC TRAINING TEXT. Archive shelf 11:71 contains three folders.
11,72,SYNTHETIC TRAINING TEXT. Archive shelf 11:72 contains three folders.
11,73,SYNTHETIC TRAINING TEXT. Archive shelf 11:73 contains three folders.
11,74,SYNTHETIC TRAINING TEXT. Archive shelf 11:74 contains three folders.
11,75,SYNTHETIC TRAINING TEXT. Archive shelf 11:75 contains three folders.
11,76,SYNTHETIC TRAINING TEXT. Archive shelf 11:76 contains three folders.
11,77,SYNTHETIC TRAINING TEXT. Archive shelf 11:77 contains three folders.
11,78,SYNTHETIC TRAINING TEXT. Archive shelf 11:78 contains three folders.
11,79,SYNTHETIC TRAINING TEXT. Archive shelf 11:79 contains three folders.
11,80,SYNTHETIC TRAINING TEXT. Archive shelf 11:80 contains three folders.
11,81,SYNTHETIC TRAINING TEXT. Archive shelf 11:81 contains three folders.
11,82,SYNTHETIC TRAINING TEXT. Archive shelf 11:82 contains three folders.
11,83,SYNTHETIC TRAINING TEXT. Archive shelf 11:83 contains three folders.
11,84,SYNTHETIC TRAINING TEXT. Archive shelf 11:84 contains three folders.
11,85,SYNTHETIC TRAINING TEXT. Archive shelf 11:85 contains three folders.
11,86,SYNTHETIC TRAINING TEXT. Archive shelf 11:86 contains three folders.
11,87,SYNTHETIC TRAINING TEXT. Archive shelf 11:87 contains three folders.
11,88,SYNTHETIC TRAINING TEXT. Archive shelf 11:88 contains three folders.
11,89,SYNTHETIC TRAINING TEXT. Archive shelf 11:89 contains three folders.
11,90,SYNTHETIC TRAINING TEXT. Archive shelf 11:90 contains three folders.
11,91,SYNTHETIC TRAINING TEXT. Archive shelf 11:91 contains three folders.
11,92,SYNTHETIC TRAINING TEXT. Archive shelf 11:92 contains three folders.
11,93,SYNTHETIC TRAINING TEXT. Archive shelf 11:93 contains three folders.
11,94,SYNTHETIC TRAINING TEXT. Archive shelf 11:94 contains three folders.
11,95,SYNTHETIC TRAINING TEXT. Archive shelf 11:95 contains three folders.
11,96,SYNTHETIC TRAINING TEXT. Archive shelf 11:96 contains three folders.
11,97,SYNTHETIC TRAINING TEXT. Archive shelf 11:97 contains three folders.
11,98,SYNTHETIC TRAINING TEXT. Archive shelf 11:98 contains three folders.
11,99,SYNTHETIC TRAINING TEXT. Archive shelf 11:99 contains three folders.
11,100,SYNTHETIC TRAINING TEXT. Archive shelf 11:100 contains three folders.
11,101,SYNTHETIC TRAINING TEXT. Archive shelf 11:101 contains three folders.
11,102,SYNTHETIC TRAINING TEXT. Archive shelf 11:102 contains three folders.
11,103,SYNTHETIC TRAINING TEXT. Archive shelf 11:103 contains three folders.
11,104,SYNTHETIC TRAINING TEXT. Archive shelf 11:104 contains three folders.
11,105,SYNTHETIC TRAINING TEXT. Archive shelf 11:105 contains three folders.
11,106,SYNTHETIC TRAINING TEXT. Archive shelf 11:106 contains three folders.
11,107,SYNTHETIC TRAINING TEXT. Archive shelf 11:107 contains three folders.
11,108,SYNTHETIC TRAINING TEXT. Archive shelf 11:108 contains three folders.
11,109,SYNTHETIC TRAINING TEXT. Archive shelf 11:109 contains three folders.
11,110,SYNTHETIC TRAINING TEXT. Archive shelf 11:110 contains three folders.
11,111,SYNTHETIC TRAINING TEXT. Archive shelf 11:111 contains three folders.
11,112,SYNTHETIC TRAINING TEXT. Archive shelf 11:112 contains three folders.
11,113,SYNTHETIC TRAINING TEXT. Archive shelf 11:113 contains three folders.
11,114,SYNTHETIC TRAINING TEXT. Archive shelf 11:114 contains three folders.
11,115,SYNTHETIC TRAINING TEXT. Archive shelf 11:115 contains three folders.
11,116,SYNTHETIC TRAINING TEXT. Archive shelf 11:116 contains three folders.
11,117,SYNTHETIC TRAINING TEXT. Archive shelf 11:117 contains three folders.
11,118,SYNTHETIC TRAINING TEXT. Archive shelf 11:118 contains three folders.
11,119,SYNTHETIC TRAINING TEXT. Archive shelf 11:119 contains three folders.
11,120,SYNTHETIC TRAINING TEXT. Archive shelf 11:120 contains three folders.
11,121,SYNTHETIC TRAINING TEXT. Archive shelf 11:121 contains three folders.
11,122,SYNTHETIC TRAINING TEXT. Archive shelf 11:122 contains three folders.
11,123,SYNTHETIC TRAINING TEXT. Archive shelf 11:123 contains three folders.
12,1,SYNTHETIC TRAINING TEXT. Archive shelf 12:1 contains three folders.
12,2,SYNTHETIC TRAINING TEXT. Archive shelf 12:2 contains three folders.
12,3,SYNTHETIC TRAINING TEXT. Archive shelf 12:3 contains three folders.
12,4,SYNTHETIC TRAINING TEXT. Archive shelf 12:4 contains three folders.
12,5,SYNTHETIC TRAINING TEXT. Archive shelf 12:5 contains three folders.
12,6,SYNTHETIC TRAINING TEXT. Archive shelf 12:6 contains three folders.
12,7,SYNTHETIC TRAINING TEXT. Archive shelf 12:7 contains three folders.
12,8,SYNTHETIC TRAINING TEXT. Archive shelf 12:8 contains three folders.
12,9,SYNTHETIC TRAINING TEXT. Archive shelf 12:9 contains three folders.
12,10,SYNTHETIC TRAINING TEXT. Archive shelf 12:10 contains three folders.
12,11,SYNTHETIC TRAINING TEXT. Archive shelf 12:11 contains three folders.
12,12,SYNTHETIC TRAINING TEXT. Archive shelf 12:12 contains three folders.
12,13,SYNTHETIC TRAINING TEXT. Archive shelf 12:13 contains three folders.
12,14,SYNTHETIC TRAINING TEXT. Archive shelf 12:14 contains three folders.
12,15,SYNTHETIC TRAINING TEXT. Archive shelf 12:15 contains three folders.
12,16,SYNTHETIC TRAINING TEXT. Archive shelf 12:16 contains three folders.
12,17,SYNTHETIC TRAINING TEXT. Archive shelf 12:17 contains three folders.
12,18,SYNTHETIC TRAINING TEXT. Archive shelf 12:18 contains three folders.
12,19,SYNTHETIC TRAINING TEXT. Archive shelf 12:19 contains three folders.
12,20,SYNTHETIC TRAINING TEXT. Archive shelf 12:20 contains three folders.
12,21,SYNTHETIC TRAINING TEXT. Archive shelf 12:21 contains three folders.
12,22,SYNTHETIC TRAINING TEXT. Archive shelf 12:22 contains three folders.
12,23,SYNTHETIC TRAINING TEXT. Archive shelf 12:23 contains three folders.
12,24,SYNTHETIC TRAINING TEXT. Archive shelf 12:24 contains three folders.
12,25,SYNTHETIC TRAINING TEXT. Archive shelf 12:25 contains three folders.
12,26,SYNTHETIC TRAINING TEXT. Archive shelf 12:26 contains three folders.
12,27,SYNTHETIC TRAINING TEXT. Archive shelf 12:27 contains three folders.
12,28,SYNTHETIC TRAINING TEXT. Archive shelf 12:28 contains three folders.
12,29,SYNTHETIC TRAINING TEXT. Archive shelf 12:29 contains three folders.
12,30,SYNTHETIC TRAINING TEXT. Archive shelf 12:30 contains three folders.
12,31,SYNTHETIC TRAINING TEXT. Archive shelf 12:31 contains three folders.
12,32,SYNTHETIC TRAINING TEXT. Archive shelf 12:32 contains three folders.
12,33,SYNTHETIC TRAINING TEXT. Archive shelf 12:33 contains three folders.
12,34,SYNTHETIC TRAINING TEXT. Archive shelf 12:34 contains three folders.
12,35,SYNTHETIC TRAINING TEXT. Archive shelf 12:35 contains three folders.
12,36,SYNTHETIC TRAINING TEXT. Archive shelf 12:36 contains three folders.
12,37,SYNTHETIC TRAINING TEXT. Archive shelf 12:37 contains three folders.
12,38,SYNTHETIC TRAINING TEXT. Archive shelf 12:38 contains three folders.
12,39,SYNTHETIC TRAINING TEXT. Archive shelf 12:39 contains three folders.
12,40,SYNTHETIC TRAINING TEXT. Archive shelf 12:40 contains three folders.
12,41,SYNTHETIC TRAINING TEXT. Archive shelf 12:41 contains three folders.
12,42,SYNTHETIC TRAINING TEXT. Archive shelf 12:42 contains three folders.
12,43,SYNTHETIC TRAINING TEXT. Archive shelf 12:43 contains three folders.
12,44,SYNTHETIC TRAINING TEXT. Archive shelf 12:44 contains three folders.
12,45,SYNTHETIC TRAINING TEXT. Archive shelf 12:45 contains three folders.
12,46,SYNTHETIC TRAINING TEXT. Archive shelf 12:46 contains three folders.
12,47,SYNTHETIC TRAINING TEXT. Archive shelf 12:47 contains three folders.
12,48,SYNTHETIC TRAINING TEXT. Archive shelf 12:48 contains three folders.
12,49,SYNTHETIC TRAINING TEXT. Archive shelf 12:49 contains three folders.
12,50,SYNTHETIC TRAINING TEXT. Archive shelf 12:50 contains three folders.
12,51,SYNTHETIC TRAINING TEXT. Archive shelf 12:51 contains three folders.
12,52,SYNTHETIC TRAINING TEXT. Archive shelf 12:52 contains three folders.
12,53,SYNTHETIC TRAINING TEXT. Archive shelf 12:53 contains three folders.
12,54,SYNTHETIC TRAINING TEXT. Archive shelf 12:54 contains three folders.
12,55,SYNTHETIC TRAINING TEXT. Archive shelf 12:55 contains three folders.
12,56,SYNTHETIC TRAINING TEXT. Archive shelf 12:56 contains three folders.
12,57,SYNTHETIC TRAINING TEXT. Archive shelf 12:57 contains three folders.
12,58,SYNTHETIC TRAINING TEXT. Archive shelf 12:58 contains three folders.
12,59,SYNTHETIC TRAINING TEXT. Archive shelf 12:59 contains three folders.
12,60,SYNTHETIC TRAINING TEXT. Archive shelf 12:60 contains three folders.
12,61,SYNTHETIC TRAINING TEXT. Archive shelf 12:61 contains three folders.
12,62,SYNTHETIC TRAINING TEXT. Archive shelf 12:62 contains three folders.
12,63,SYNTHETIC TRAINING TEXT. Archive shelf 12:63 contains three folders.
12,64,SYNTHETIC TRAINING TEXT. Archive shelf 12:64 contains three folders.
12,65,SYNTHETIC TRAINING TEXT. Archive shelf 12:65 contains three folders.
12,66,SYNTHETIC TRAINING TEXT. Archive shelf 12:66 contains three folders.
12,67,SYNTHETIC TRAINING TEXT. Archive shelf 12:67 contains three folders.
12,68,SYNTHETIC TRAINING TEXT. Archive shelf 12:68 contains three folders.
12,69,SYNTHETIC TRAINING TEXT. Archive shelf 12:69 contains three folders.
12,70,SYNTHETIC TRAINING TEXT. Archive shelf 12:70 contains three folders.
12,71,SYNTHETIC TRAINING TEXT. Archive shelf 12:71 contains three folders.
12,72,SYNTHETIC TRAINING TEXT. Archive shelf 12:72 contains three folders.
12,73,SYNTHETIC TRAINING TEXT. Archive shelf 12:73 contains three folders.
12,74,SYNTHETIC TRAINING TEXT. Archive shelf 12:74 contains three folders.
12,75,SYNTHETIC TRAINING TEXT. Archive shelf 12:75 contains three folders.
12,76,SYNTHETIC TRAINING TEXT. Archive shelf 12:76 contains three folders.
12,77,SYNTHETIC TRAINING TEXT. Archive shelf 12:77 contains three folders.
12,78,SYNTHETIC TRAINING TEXT. Archive shelf 12:78 contains three folders.
12,79,SYNTHETIC TRAINING TEXT. Archive shelf 12:79 contains three folders.
12,80,SYNTHETIC TRAINING TEXT. Archive shelf 12:80 contains three folders.
12,81,SYNTHETIC TRAINING TEXT. Archive shelf 12:81 contains three folders.
12,82,SYNTHETIC TRAINING TEXT. Archive shelf 12:82 contains three folders.
12,83,SYNTHETIC TRAINING TEXT. Archive shelf 12:83 contains three folders.
12,84,SYNTHETIC TRAINING TEXT. Archive shelf 12:84 contains three folders.
12,85,SYNTHETIC TRAINING TEXT. Archive shelf 12:85 contains three folders.
12,86,SYNTHETIC TRAINING TEXT. Archive shelf 12:86 contains three folders.
12,87,SYNTHETIC TRAINING TEXT. Archive shelf 12:87 contains three folders.
12,88,SYNTHETIC TRAINING TEXT. Archive shelf 12:88 contains three folders.
12,89,SYNTHETIC TRAINING TEXT. Archive shelf 12:89 contains three folders.
12,90,SYNTHETIC TRAINING TEXT. Archive shelf 12:90 contains three folders.
12,91,SYNTHETIC TRAINING TEXT. Archive shelf 12:91 contains three folders.
12,92,SYNTHETIC TRAINING TEXT. Archive shelf 12:92 contains three folders.
12,93,SYNTHETIC TRAINING TEXT. Archive shelf 12:93 contains three folders.
12,94,SYNTHETIC TRAINING TEXT. Archive shelf 12:94 contains three folders.
12,95,SYNTHETIC TRAINING TEXT. Archive shelf 12:95 contains three folders.
12,96,SYNTHETIC TRAINING TEXT. Archive shelf 12:96 contains three folders.
12,97,SYNTHETIC TRAINING TEXT. Archive shelf 12:97 contains three folders.
12,98,SYNTHETIC TRAINING TEXT. Archive shelf 12:98 contains three folders.
12,99,SYNTHETIC TRAINING TEXT. Archive shelf 12:99 contains three folders.
12,100,SYNTHETIC TRAINING TEXT. Archive shelf 12:100 contains three folders.
12,101,SYNTHETIC TRAINING TEXT. Archive shelf 12:101 contains three folders.
12,102,SYNTHETIC TRAINING TEXT. Archive shelf 12:102 contains three folders.
12,103,SYNTHETIC TRAINING TEXT. Archive shelf 12:103 contains three folders.
12,104,SYNTHETIC TRAINING TEXT. Archive shelf 12:104 contains three folders.
12,105,SYNTHETIC TRAINING TEXT. Archive shelf 12:105 contains three folders.
12,106,SYNTHETIC TRAINING TEXT. Archive shelf 12:106 contains three folders.
12,107,SYNTHETIC TRAINING TEXT. Archive shelf 12:107 contains three folders.
12,108,SYNTHETIC TRAINING TEXT. Archive shelf 12:108 contains three folders.
12,109,SYNTHETIC TRAINING TEXT. Archive shelf 12:109 contains three folders.
12,110,SYNTHETIC TRAINING TEXT. Archive shelf 12:110 contains three folders.
12,111,SYNTHETIC TRAINING TEXT. Archive shelf 12:111 contains three folders.
13,1,SYNTHETIC TRAINING TEXT. Archive shelf 13:1 contains three folders.
13,2,SYNTHETIC TRAINING TEXT. Archive shelf 13:2 contains three folders.
13,3,SYNTHETIC TRAINING TEXT. Archive shelf 13:3 contains three folders.
13,4,SYNTHETIC TRAINING TEXT. Archive shelf 13:4 contains three folders.
13,5,SYNTHETIC TRAINING TEXT. Archive shelf 13:5 contains three folders.
13,6,SYNTHETIC TRAINING TEXT. Archive shelf 13:6 contains three folders.
13,7,SYNTHETIC TRAINING TEXT. Archive shelf 13:7 contains three folders.
13,8,SYNTHETIC TRAINING TEXT. Archive shelf 13:8 contains three folders.
13,9,SYNTHETIC TRAINING TEXT. Archive shelf 13:9 contains three folders.
13,10,SYNTHETIC TRAINING TEXT. Archive shelf 13:10 contains three folders.
13,11,SYNTHETIC TRAINING TEXT. Archive shelf 13:11 contains three folders.
13,12,SYNTHETIC TRAINING TEXT. Archive shelf 13:12 contains three folders.
13,13,SYNTHETIC TRAINING TEXT. Archive shelf 13:13 contains three folders.
13,14,SYNTHETIC TRAINING TEXT. Archive shelf 13:14 contains three folders.
13,15,SYNTHETIC TRAINING TEXT. Archive shelf 13:15 contains three folders.
13,16,SYNTHETIC TRAINING TEXT. Archive shelf 13:16 contains three folders.
13,17,SYNTHETIC TRAINING TEXT. Archive shelf 13:17 contains three folders.
13,18,SYNTHETIC TRAINING TEXT. Archive shelf 13:18 contains three folders.
13,19,SYNTHETIC TRAINING TEXT. Archive shelf 13:19 contains three folders.
13,20,SYNTHETIC TRAINING TEXT. Archive shelf 13:20 contains three folders.
13,21,SYNTHETIC TRAINING TEXT. Archive shelf 13:21 contains three folders.
13,22,SYNTHETIC TRAINING TEXT. Archive shelf 13:22 contains three folders.
13,23,SYNTHETIC TRAINING TEXT. Archive shelf 13:23 contains three folders.
13,24,SYNTHETIC TRAINING TEXT. Archive shelf 13:24 contains three folders.
13,25,SYNTHETIC TRAINING TEXT. Archive shelf 13:25 contains three folders.
13,26,SYNTHETIC TRAINING TEXT. Archive shelf 13:26 contains three folders.
13,27,SYNTHETIC TRAINING TEXT. Archive shelf 13:27 contains three folders.
13,28,SYNTHETIC TRAINING TEXT. Archive shelf 13:28 contains three folders.
13,29,SYNTHETIC TRAINING TEXT. Archive shelf 13:29 contains three folders.
13,30,SYNTHETIC TRAINING TEXT. Archive shelf 13:30 contains three folders.
13,31,SYNTHETIC TRAINING TEXT. Archive shelf 13:31 contains three folders.
13,32,SYNTHETIC TRAINING TEXT. Archive shelf 13:32 contains three folders.
13,33,SYNTHETIC TRAINING TEXT. Archive shelf 13:33 contains three folders.
13,34,SYNTHETIC TRAINING TEXT. Archive shelf 13:34 contains three folders.
13,35,SYNTHETIC TRAINING TEXT. Archive shelf 13:35 contains three folders.
13,36,SYNTHETIC TRAINING TEXT. Archive shelf 13:36 contains three folders.
13,37,SYNTHETIC TRAINING TEXT. Archive shelf 13:37 contains three folders.
13,38,SYNTHETIC TRAINING TEXT. Archive shelf 13:38 contains three folders.
13,39,SYNTHETIC TRAINING TEXT. Archive shelf 13:39 contains three folders.
13,40,SYNTHETIC TRAINING TEXT. Archive shelf 13:40 contains three folders.
13,41,SYNTHETIC TRAINING TEXT. Archive shelf 13:41 contains three folders.
13,42,SYNTHETIC TRAINING TEXT. Archive shelf 13:42 contains three folders.
13,43,SYNTHETIC TRAINING TEXT. Archive shelf 13:43 contains three folders.
14,1,SYNTHETIC TRAINING TEXT. Archive shelf 14:1 contains three folders.
14,2,SYNTHETIC TRAINING TEXT. Archive shelf 14:2 contains three folders.
14,3,SYNTHETIC TRAINING TEXT. Archive shelf 14:3 contains three folders.
14,4,SYNTHETIC TRAINING TEXT. Archive shelf 14:4 contains three folders.
14,5,SYNTHETIC TRAINING TEXT. Archive shelf 14:5 contains three folders.
14,6,SYNTHETIC TRAINING TEXT. Archive shelf 14:6 contains three folders.
14,7,SYNTHETIC TRAINING TEXT. Archive shelf 14:7 contains three folders.
14,8,SYNTHETIC TRAINING TEXT. Archive shelf 14:8 contains three folders.
14,9,SYNTHETIC TRAINING TEXT. Archive shelf 14:9 contains three folders.
14,10,SYNTHETIC TRAINING TEXT. Archive shelf 14:10 contains three folders.
14,11,SYNTHETIC TRAINING TEXT. Archive shelf 14:11 contains three folders.
14,12,SYNTHETIC TRAINING TEXT. Archive shelf 14:12 contains three folders.
14,13,SYNTHETIC TRAINING TEXT. Archive shelf 14:13 contains three folders.
14,14,SYNTHETIC TRAINING TEXT. Archive shelf 14:14 contains three folders.
14,15,SYNTHETIC TRAINING TEXT. Archive shelf 14:15 contains three folders.
14,16,SYNTHETIC TRAINING TEXT. Archive shelf 14:16 contains three folders.
14,17,SYNTHETIC TRAINING TEXT. Archive shelf 14:17 contains three folders.
14,18,SYNTHETIC TRAINING TEXT. Archive shelf 14:18 contains three folders.
14,19,SYNTHETIC TRAINING TEXT. Archive shelf 14:19 contains three folders.
14,20,SYNTHETIC TRAINING TEXT. Archive shelf 14:20 contains three folders.
14,21,SYNTHETIC TRAINING TEXT. Archive shelf 14:21 contains three folders.
14,22,SYNTHETIC TRAINING TEXT. Archive shelf 14:22 contains three folders.
14,23,SYNTHETIC TRAINING TEXT. Archive shelf 14:23 contains three folders.
14,24,SYNTHETIC TRAINING TEXT. Archive shelf 14:24 contains three folders.
14,25,SYNTHETIC TRAINING TEXT. Archive shelf 14:25 contains three folders.
14,26,SYNTHETIC TRAINING TEXT. Archive shelf 14:26 contains three folders.
14,27,SYNTHETIC TRAINING TEXT. Archive shelf 14:27 contains three folders.
14,28,SYNTHETIC TRAINING TEXT. Archive shelf 14:28 contains three folders.
14,29,SYNTHETIC TRAINING TEXT. Archive shelf 14:29 contains three folders.
14,30,SYNTHETIC TRAINING TEXT. Archive shelf 14:30 contains three folders.
14,31,SYNTHETIC TRAINING TEXT. Archive shelf 14:31 contains three folders.
14,32,SYNTHETIC TRAINING TEXT. Archive shelf 14:32 contains three folders.
14,33,SYNTHETIC TRAINING TEXT. Archive shelf 14:33 contains three folders.
14,34,SYNTHETIC TRAINING TEXT. Archive shelf 14:34 contains three folders.
14,35,SYNTHETIC TRAINING TEXT. Archive shelf 14:35 contains three folders.
14,36,SYNTHETIC TRAINING TEXT. Archive shelf 14:36 contains three folders.
14,37,SYNTHETIC TRAINING TEXT. Archive shelf 14:37 contains three folders.
14,38,SYNTHETIC TRAINING TEXT. Archive shelf 14:38 contains three folders.
14,39,SYNTHETIC TRAINING TEXT. Archive shelf 14:39 contains three folders.
14,40,SYNTHETIC TRAINING TEXT. Archive shelf 14:40 contains three folders.
14,41,SYNTHETIC TRAINING TEXT. Archive shelf 14:41 contains three folders.
14,42,SYNTHETIC TRAINING TEXT. Archive shelf 14:42 contains three folders.
14,43,SYNTHETIC TRAINING TEXT. Archive shelf 14:43 contains three folders.
14,44,SYNTHETIC TRAINING TEXT. Archive shelf 14:44 contains three folders.
14,45,SYNTHETIC TRAINING TEXT. Archive shelf 14:45 contains three folders.
14,46,SYNTHETIC TRAINING TEXT. Archive shelf 14:46 contains three folders.
14,47,SYNTHETIC TRAINING TEXT. Archive shelf 14:47 contains three folders.
14,48,SYNTHETIC TRAINING TEXT. Archive shelf 14:48 contains three folders.
14,49,SYNTHETIC TRAINING TEXT. Archive shelf 14:49 contains three folders.
14,50,SYNTHETIC TRAINING TEXT. Archive shelf 14:50 contains three folders.
14,51,SYNTHETIC TRAINING TEXT. Archive shelf 14:51 contains three folders.
14,52,SYNTHETIC TRAINING TEXT. Archive shelf 14:52 contains three folders.
15,1,SYNTHETIC TRAINING TEXT. Archive shelf 15:1 contains three folders.
15,2,SYNTHETIC TRAINING TEXT. Archive shelf 15:2 contains three folders.
15,3,SYNTHETIC TRAINING TEXT. Archive shelf 15:3 contains three folders.
15,4,SYNTHETIC TRAINING TEXT. Archive shelf 15:4 contains three folders.
15,5,SYNTHETIC TRAINING TEXT. Archive shelf 15:5 contains three folders.
15,6,SYNTHETIC TRAINING TEXT. Archive shelf 15:6 contains three folders.
15,7,SYNTHETIC TRAINING TEXT. Archive shelf 15:7 contains three folders.
15,8,SYNTHETIC TRAINING TEXT. Archive shelf 15:8 contains three folders.
15,9,SYNTHETIC TRAINING TEXT. Archive shelf 15:9 contains three folders.
15,10,SYNTHETIC TRAINING TEXT. Archive shelf 15:10 contains three folders.
15,11,SYNTHETIC TRAINING TEXT. Archive shelf 15:11 contains three folders.
15,12,SYNTHETIC TRAINING TEXT. Archive shelf 15:12 contains three folders.
15,13,SYNTHETIC TRAINING TEXT. Archive shelf 15:13 contains three folders.
15,14,SYNTHETIC TRAINING TEXT. Archive shelf 15:14 contains three folders.
15,15,SYNTHETIC TRAINING TEXT. Archive shelf 15:15 contains three folders.
15,16,SYNTHETIC TRAINING TEXT. Archive shelf 15:16 contains three folders.
15,17,SYNTHETIC TRAINING TEXT. Archive shelf 15:17 contains three folders.
15,18,SYNTHETIC TRAINING TEXT. Archive shelf 15:18 contains three folders.
15,19,SYNTHETIC TRAINING TEXT. Archive shelf 15:19 contains three folders.
15,20,SYNTHETIC TRAINING TEXT. Archive shelf 15:20 contains three folders.
15,21,SYNTHETIC TRAINING TEXT. Archive shelf 15:21 contains three folders.
15,22,SYNTHETIC TRAINING TEXT. Archive shelf 15:22 contains three folders.
15,23,SYNTHETIC TRAINING TEXT. Archive shelf 15:23 contains three folders.
15,24,SYNTHETIC TRAINING TEXT. Archive shelf 15:24 contains three folders.
15,25,SYNTHETIC TRAINING TEXT. Archive shelf 15:25 contains three folders.
15,26,SYNTHETIC TRAINING TEXT. Archive shelf 15:26 contains three folders.
15,27,SYNTHETIC TRAINING TEXT. Archive shelf 15:27 contains three folders.
15,28,SYNTHETIC TRAINING TEXT. Archive shelf 15:28 contains three folders.
15,29,SYNTHETIC TRAINING TEXT. Archive shelf 15:29 contains three folders.
15,30,SYNTHETIC TRAINING TEXT. Archive shelf 15:30 contains three folders.
15,31,SYNTHETIC TRAINING TEXT. Archive shelf 15:31 contains three folders.
15,32,SYNTHETIC TRAINING TEXT. Archive shelf 15:32 contains three folders.
15,33,SYNTHETIC TRAINING TEXT. Archive shelf 15:33 contains three folders.
15,34,SYNTHETIC TRAINING TEXT. Archive shelf 15:34 contains three folders.
15,35,SYNTHETIC TRAINING TEXT. Archive shelf 15:35 contains three folders.
15,36,SYNTHETIC TRAINING TEXT. Archive shelf 15:36 contains three folders.
15,37,SYNTHETIC TRAINING TEXT. Archive shelf 15:37 contains three folders.
15,38,SYNTHETIC TRAINING TEXT. Archive shelf 15:38 contains three folders.
15,39,SYNTHETIC TRAINING TEXT. Archive shelf 15:39 contains three folders.
15,40,SYNTHETIC TRAINING TEXT. Archive shelf 15:40 contains three folders.
15,41,SYNTHETIC TRAINING TEXT. Archive shelf 15:41 contains three folders.
15,42,SYNTHETIC TRAINING TEXT. Archive shelf 15:42 contains three folders.
15,43,SYNTHETIC TRAINING TEXT. Archive shelf 15:43 contains three folders.
15,44,SYNTHETIC TRAINING TEXT. Archive shelf 15:44 contains three folders.
15,45,SYNTHETIC TRAINING TEXT. Archive shelf 15:45 contains three folders.
15,46,SYNTHETIC TRAINING TEXT. Archive shelf 15:46 contains three folders.
15,47,SYNTHETIC TRAINING TEXT. Archive shelf 15:47 contains three folders.
15,48,SYNTHETIC TRAINING TEXT. Archive shelf 15:48 contains three folders.
15,49,SYNTHETIC TRAINING TEXT. Archive shelf 15:49 contains three folders.
15,50,SYNTHETIC TRAINING TEXT. Archive shelf 15:50 contains three folders.
15,51,SYNTHETIC TRAINING TEXT. Archive shelf 15:51 contains three folders.
15,52,SYNTHETIC TRAINING TEXT. Archive shelf 15:52 contains three folders.
15,53,SYNTHETIC TRAINING TEXT. Archive shelf 15:53 contains three folders.
15,54,SYNTHETIC TRAINING TEXT. Archive shelf 15:54 contains three folders.
15,55,SYNTHETIC TRAINING TEXT. Archive shelf 15:55 contains three folders.
15,56,SYNTHETIC TRAINING TEXT. Archive shelf 15:56 contains three folders.
15,57,SYNTHETIC TRAINING TEXT. Archive shelf 15:57 contains three folders.
15,58,SYNTHETIC TRAINING TEXT. Archive shelf 15:58 contains three folders.
15,59,SYNTHETIC TRAINING TEXT. Archive shelf 15:59 contains three folders.
15,60,SYNTHETIC TRAINING TEXT. Archive shelf 15:60 contains three folders.
15,61,SYNTHETIC TRAINING TEXT. Archive shelf 15:61 contains three folders.
15,62,SYNTHETIC TRAINING TEXT. Archive shelf 15:62 contains three folders.
15,63,SYNTHETIC TRAINING TEXT. Archive shelf 15:63 contains three folders.
15,64,SYNTHETIC TRAINING TEXT. Archive shelf 15:64 contains three folders.
15,65,SYNTHETIC TRAINING TEXT. Archive shelf 15:65 contains three folders.
15,66,SYNTHETIC TRAINING TEXT. Archive shelf 15:66 contains three folders.
15,67,SYNTHETIC TRAINING TEXT. Archive shelf 15:67 contains three folders.
15,68,SYNTHETIC TRAINING TEXT. Archive shelf 15:68 contains three folders.
15,69,SYNTHETIC TRAINING TEXT. Archive shelf 15:69 contains three folders.
15,70,SYNTHETIC TRAINING TEXT. Archive shelf 15:70 contains three folders.
15,71,SYNTHETIC TRAINING TEXT. Archive shelf 15:71 contains three folders.
15,72,SYNTHETIC TRAINING TEXT. Archive shelf 15:72 contains three folders.
15,73,SYNTHETIC TRAINING TEXT. Archive shelf 15:73 contains three folders.
15,74,SYNTHETIC TRAINING TEXT. Archive shelf 15:74 contains three folders.
15,75,SYNTHETIC TRAINING TEXT. Archive shelf 15:75 contains three folders.
15,76,SYNTHETIC TRAINING TEXT. Archive shelf 15:76 contains three folders.
15,77,SYNTHETIC TRAINING TEXT. Archive shelf 15:77 contains three folders.
15,78,SYNTHETIC TRAINING TEXT. Archive shelf 15:78 contains three folders.
15,79,SYNTHETIC TRAINING TEXT. Archive shelf 15:79 contains three folders.
15,80,SYNTHETIC TRAINING TEXT. Archive shelf 15:80 contains three folders.
15,81,SYNTHETIC TRAINING TEXT. Archive shelf 15:81 contains three folders.
15,82,SYNTHETIC TRAINING TEXT. Archive shelf 15:82 contains three folders.
15,83,SYNTHETIC TRAINING TEXT. Archive shelf 15:83 contains three folders.
15,84,SYNTHETIC TRAINING TEXT. Archive shelf 15:84 contains three folders.
15,85,SYNTHETIC TRAINING TEXT. Archive shelf 15:85 contains three folders.
15,86,SYNTHETIC TRAINING TEXT. Archive shelf 15:86 contains three folders.
15,87,SYNTHETIC TRAINING TEXT. Archive shelf 15:87 contains three folders.
15,88,SYNTHETIC TRAINING TEXT. Archive shelf 15:88 contains three folders.
15,89,SYNTHETIC TRAINING TEXT. Archive shelf 15:89 contains three folders.
15,90,SYNTHETIC TRAINING TEXT. Archive shelf 15:90 contains three folders.
15,91,SYNTHETIC TRAINING TEXT. Archive shelf 15:91 contains three folders.
15,92,SYNTHETIC TRAINING TEXT. Archive shelf 15:92 contains three folders.
15,93,SYNTHETIC TRAINING TEXT. Archive shelf 15:93 contains three folders.
15,94,SYNTHETIC TRAINING TEXT. Archive shelf 15:94 contains three folders.
15,95,SYNTHETIC TRAINING TEXT. Archive shelf 15:95 contains three folders.
15,96,SYNTHETIC TRAINING TEXT. Archive shelf 15:96 contains three folders.
15,97,SYNTHETIC TRAINING TEXT. Archive shelf 15:97 contains three folders.
15,98,SYNTHETIC TRAINING TEXT. Archive shelf 15:98 contains three folders.
15,99,SYNTHETIC TRAINING TEXT. Archive shelf 15:99 contains three folders.
16,1,SYNTHETIC TRAINING TEXT. Archive shelf 16:1 contains three folders.
16,2,SYNTHETIC TRAINING TEXT. Archive shelf 16:2 contains three folders.
16,3,SYNTHETIC TRAINING TEXT. Archive shelf 16:3 contains three folders.
16,4,SYNTHETIC TRAINING TEXT. Archive shelf 16:4 contains three folders.
16,5,SYNTHETIC TRAINING TEXT. Archive shelf 16:5 contains three folders.
16,6,SYNTHETIC TRAINING TEXT. Archive shelf 16:6 contains three folders.
16,7,SYNTHETIC TRAINING TEXT. Archive shelf 16:7 contains three folders.
16,8,SYNTHETIC TRAINING TEXT. Archive shelf 16:8 contains three folders.
16,9,SYNTHETIC TRAINING TEXT. Archive shelf 16:9 contains three folders.
16,10,SYNTHETIC TRAINING TEXT. Archive shelf 16:10 contains three folders.
16,11,SYNTHETIC TRAINING TEXT. Archive shelf 16:11 contains three folders.
16,12,SYNTHETIC TRAINING TEXT. Archive shelf 16:12 contains three folders.
16,13,SYNTHETIC TRAINING TEXT. Archive shelf 16:13 contains three folders.
16,14,SYNTHETIC TRAINING TEXT. Archive shelf 16:14 contains three folders.
16,15,SYNTHETIC TRAINING TEXT. Archive shelf 16:15 contains three folders.
16,16,SYNTHETIC TRAINING TEXT. Archive shelf 16:16 contains three folders.
16,17,SYNTHETIC TRAINING TEXT. Archive shelf 16:17 contains three folders.
16,18,SYNTHETIC TRAINING TEXT. Archive shelf 16:18 contains three folders.
16,19,SYNTHETIC TRAINING TEXT. Archive shelf 16:19 contains three folders.
16,20,SYNTHETIC TRAINING TEXT. Archive shelf 16:20 contains three folders.
16,21,SYNTHETIC TRAINING TEXT. Archive shelf 16:21 contains three folders.
16,22,SYNTHETIC TRAINING TEXT. Archive shelf 16:22 contains three folders.
16,23,SYNTHETIC TRAINING TEXT. Archive shelf 16:23 contains three folders.
16,24,SYNTHETIC TRAINING TEXT. Archive shelf 16:24 contains three folders.
16,25,SYNTHETIC TRAINING TEXT. Archive shelf 16:25 contains three folders.
16,26,SYNTHETIC TRAINING TEXT. Archive shelf 16:26 contains three folders.
16,27,SYNTHETIC TRAINING TEXT. Archive shelf 16:27 contains three folders.
16,28,SYNTHETIC TRAINING TEXT. Archive shelf 16:28 contains three folders.
16,29,SYNTHETIC TRAINING TEXT. Archive shelf 16:29 contains three folders.
16,30,SYNTHETIC TRAINING TEXT. Archive shelf 16:30 contains three folders.
16,31,SYNTHETIC TRAINING TEXT. Archive shelf 16:31 contains three folders.
16,32,SYNTHETIC TRAINING TEXT. Archive shelf 16:32 contains three folders.
16,33,SYNTHETIC TRAINING TEXT. Archive shelf 16:33 contains three folders.
16,34,SYNTHETIC TRAINING TEXT. Archive shelf 16:34 contains three folders.
16,35,SYNTHETIC TRAINING TEXT. Archive shelf 16:35 contains three folders.
16,36,SYNTHETIC TRAINING TEXT. Archive shelf 16:36 contains three folders.
16,37,SYNTHETIC TRAINING TEXT. Archive shelf 16:37 contains three folders.
16,38,SYNTHETIC TRAINING TEXT. Archive shelf 16:38 contains three folders.
16,39,SYNTHETIC TRAINING TEXT. Archive shelf 16:39 contains three folders.
16,40,SYNTHETIC TRAINING TEXT. Archive shelf 16:40 contains three folders.
16,41,SYNTHETIC TRAINING TEXT. Archive shelf 16:41 contains three folders.
16,42,SYNTHETIC TRAINING TEXT. Archive shelf 16:42 contains three folders.
16,43,SYNTHETIC TRAINING TEXT. Archive shelf 16:43 contains three folders.
16,44,SYNTHETIC TRAINING TEXT. Archive shelf 16:44 contains three folders.
16,45,SYNTHETIC TRAINING TEXT. Archive shelf 16:45 contains three folders.
16,46,SYNTHETIC TRAINING TEXT. Archive shelf 16:46 contains three folders.
16,47,SYNTHETIC TRAINING TEXT. Archive shelf 16:47 contains three folders.
16,48,SYNTHETIC TRAINING TEXT. Archive shelf 16:48 contains three folders.
16,49,SYNTHETIC TRAINING TEXT. Archive shelf 16:49 contains three folders.
16,50,SYNTHETIC TRAINING TEXT. Archive shelf 16:50 contains three folders.
16,51,SYNTHETIC TRAINING TEXT. Archive shelf 16:51 contains three folders.
16,52,SYNTHETIC TRAINING TEXT. Archive shelf 16:52 contains three folders.
16,53,SYNTHETIC TRAINING TEXT. Archive shelf 16:53 contains three folders.
16,54,SYNTHETIC TRAINING TEXT. Archive shelf 16:54 contains three folders.
16,55,SYNTHETIC TRAINING TEXT. Archive shelf 16:55 contains three folders.
16,56,SYNTHETIC TRAINING TEXT. Archive shelf 16:56 contains three folders.
16,57,SYNTHETIC TRAINING TEXT. Archive shelf 16:57 contains three folders.
16,58,SYNTHETIC TRAINING TEXT. Archive shelf 16:58 contains three folders.
16,59,SYNTHETIC TRAINING TEXT. Archive shelf 16:59 contains three folders.
16,60,SYNTHETIC TRAINING TEXT. Archive shelf 16:60 contains three folders.
16,61,SYNTHETIC TRAINING TEXT. Archive shelf 16:61 contains three folders.
16,62,SYNTHETIC TRAINING TEXT. Archive shelf 16:62 contains three folders.
16,63,SYNTHETIC TRAINING TEXT. Archive shelf 16:63 contains three folders.
16,64,SYNTHETIC TRAINING TEXT. Archive shelf 16:64 contains three folders.
16,65,SYNTHETIC TRAINING TEXT. Archive shelf 16:65 contains three folders.
16,66,SYNTHETIC TRAINING TEXT. Archive shelf 16:66 contains three folders.
16,67,SYNTHETIC TRAINING TEXT. Archive shelf 16:67 contains three folders.
16,68,SYNTHETIC TRAINING TEXT. Archive shelf 16:68 contains three folders.
16,69,SYNTHETIC TRAINING TEXT. Archive shelf 16:69 contains three folders.
16,70,SYNTHETIC TRAINING TEXT. Archive shelf 16:70 contains three folders.
16,71,SYNTHETIC TRAINING TEXT. Archive shelf 16:71 contains three folders.
16,72,SYNTHETIC TRAINING TEXT. Archive shelf 16:72 contains three folders.
16,73,SYNTHETIC TRAINING TEXT. Archive shelf 16:73 contains three folders.
16,74,SYNTHETIC TRAINING TEXT. Archive shelf 16:74 contains three folders.
16,75,SYNTHETIC TRAINING TEXT. Archive shelf 16:75 contains three folders.
16,76,SYNTHETIC TRAINING TEXT. Archive shelf 16:76 contains three folders.
16,77,SYNTHETIC TRAINING TEXT. Archive shelf 16:77 contains three folders.
16,78,SYNTHETIC TRAINING TEXT. Archive shelf 16:78 contains three folders.
16,79,SYNTHETIC TRAINING TEXT. Archive shelf 16:79 contains three folders.
16,80,SYNTHETIC TRAINING TEXT. Archive shelf 16:80 contains three folders.
16,81,SYNTHETIC TRAINING TEXT. Archive shelf 16:81 contains three folders.
16,82,SYNTHETIC TRAINING TEXT. Archive shelf 16:82 contains three folders.
16,83,SYNTHETIC TRAINING TEXT. Archive shelf 16:83 contains three folders.
16,84,SYNTHETIC TRAINING TEXT. Archive shelf 16:84 contains three folders.
16,85,SYNTHETIC TRAINING TEXT. Archive shelf 16:85 contains three folders.
16,86,SYNTHETIC TRAINING TEXT. Archive shelf 16:86 contains three folders.
16,87,SYNTHETIC TRAINING TEXT. Archive shelf 16:87 contains three folders.
16,88,SYNTHETIC TRAINING TEXT. Archive shelf 16:88 contains three folders.
16,89,SYNTHETIC TRAINING TEXT. Archive shelf 16:89 contains three folders.
16,90,SYNTHETIC TRAINING TEXT. Archive shelf 16:90 contains three folders.
16,91,SYNTHETIC TRAINING TEXT. Archive shelf 16:91 contains three folders.
16,92,SYNTHETIC TRAINING TEXT. Archive shelf 16:92 contains three folders.
16,93,SYNTHETIC TRAINING TEXT. Archive shelf 16:93 contains three folders.
16,94,SYNTHETIC TRAINING TEXT. Archive shelf 16:94 contains three folders.
16,95,SYNTHETIC TRAINING TEXT. Archive shelf 16:95 contains three folders.
16,96,SYNTHETIC TRAINING TEXT. Archive shelf 16:96 contains three folders.
16,97,SYNTHETIC TRAINING TEXT. Archive shelf 16:97 contains three folders.
16,98,SYNTHETIC TRAINING TEXT. Archive shelf 16:98 contains three folders.
16,99,SYNTHETIC TRAINING TEXT. Archive shelf 16:99 contains three folders.
16,100,SYNTHETIC TRAINING TEXT. Archive shelf 16:100 contains three folders.
16,101,SYNTHETIC TRAINING TEXT. Archive shelf 16:101 contains three folders.
16,102,SYNTHETIC TRAINING TEXT. Archive shelf 16:102 contains three folders.
16,103,SYNTHETIC TRAINING TEXT. Archive shelf 16:103 contains three folders.
16,104,SYNTHETIC TRAINING TEXT. Archive shelf 16:104 contains three folders.
16,105,SYNTHETIC TRAINING TEXT. Archive shelf 16:105 contains three folders.
16,106,SYNTHETIC TRAINING TEXT. Archive shelf 16:106 contains three folders.
16,107,SYNTHETIC TRAINING TEXT. Archive shelf 16:107 contains three folders.
16,108,SYNTHETIC TRAINING TEXT. Archive shelf 16:108 contains three folders.
16,109,SYNTHETIC TRAINING TEXT. Archive shelf 16:109 contains three folders.
16,110,SYNTHETIC TRAINING TEXT. Archive shelf 16:110 contains three folders.
16,111,SYNTHETIC TRAINING TEXT. Archive shelf 16:111 contains three folders.
16,112,SYNTHETIC TRAINING TEXT. Archive shelf 16:112 contains three folders.
16,113,SYNTHETIC TRAINING TEXT. Archive shelf 16:113 contains three folders.
16,114,SYNTHETIC TRAINING TEXT. Archive shelf 16:114 contains three folders.
16,115,SYNTHETIC TRAINING TEXT. Archive shelf 16:115 contains three folders.
16,116,SYNTHETIC TRAINING TEXT. Archive shelf 16:116 contains three folders.
16,117,SYNTHETIC TRAINING TEXT. Archive shelf 16:117 contains three folders.
16,118,SYNTHETIC TRAINING TEXT. Archive shelf 16:118 contains three folders.
16,119,SYNTHETIC TRAINING TEXT. Archive shelf 16:119 contains three folders.
16,120,SYNTHETIC TRAINING TEXT. Archive shelf 16:120 contains three folders.
16,121,SYNTHETIC TRAINING TEXT. Archive shelf 16:121 contains three folders.
16,122,SYNTHETIC TRAINING TEXT. Archive shelf 16:122 contains three folders.
16,123,SYNTHETIC TRAINING TEXT. Archive shelf 16:123 contains three folders.
16,124,SYNTHETIC TRAINING TEXT. Archive shelf 16:124 contains three folders.
16,125,SYNTHETIC TRAINING TEXT. Archive shelf 16:125 contains three folders.
16,126,SYNTHETIC TRAINING TEXT. Archive shelf 16:126 contains three folders.
16,127,SYNTHETIC TRAINING TEXT. Archive shelf 16:127 contains three folders.
16,128,SYNTHETIC TRAINING TEXT. Archive shelf 16:128 contains three folders.
17,1,SYNTHETIC TRAINING TEXT. Archive shelf 17:1 contains three folders.
17,2,SYNTHETIC TRAINING TEXT. Archive shelf 17:2 contains three folders.
17,3,SYNTHETIC TRAINING TEXT. Archive shelf 17:3 contains three folders.
17,4,SYNTHETIC TRAINING TEXT. Archive shelf 17:4 contains three folders.
17,5,SYNTHETIC TRAINING TEXT. Archive shelf 17:5 contains three folders.
17,6,SYNTHETIC TRAINING TEXT. Archive shelf 17:6 contains three folders.
17,7,SYNTHETIC TRAINING TEXT. Archive shelf 17:7 contains three folders.
17,8,SYNTHETIC TRAINING TEXT. Archive shelf 17:8 contains three folders.
17,9,SYNTHETIC TRAINING TEXT. Archive shelf 17:9 contains three folders.
17,10,SYNTHETIC TRAINING TEXT. Archive shelf 17:10 contains three folders.
17,11,SYNTHETIC TRAINING TEXT. Archive shelf 17:11 contains three folders.
17,12,SYNTHETIC TRAINING TEXT. Archive shelf 17:12 contains three folders.
17,13,SYNTHETIC TRAINING TEXT. Archive shelf 17:13 contains three folders.
17,14,SYNTHETIC TRAINING TEXT. Archive shelf 17:14 contains three folders.
17,15,SYNTHETIC TRAINING TEXT. Archive shelf 17:15 contains three folders.
17,16,SYNTHETIC TRAINING TEXT. Archive shelf 17:16 contains three folders.
17,17,SYNTHETIC TRAINING TEXT. Archive shelf 17:17 contains three folders.
17,18,SYNTHETIC TRAINING TEXT. Archive shelf 17:18 contains three folders.
17,19,SYNTHETIC TRAINING TEXT. Archive shelf 17:19 contains three folders.
17,20,SYNTHETIC TRAINING TEXT. Archive shelf 17:20 contains three folders.
17,21,SYNTHETIC TRAINING TEXT. Archive shelf 17:21 contains three folders.
17,22,SYNTHETIC TRAINING TEXT. Archive shelf 17:22 contains three folders.
17,23,SYNTHETIC TRAINING TEXT. Archive shelf 17:23 contains three folders.
17,24,SYNTHETIC TRAINING TEXT. Archive shelf 17:24 contains three folders.
17,25,SYNTHETIC TRAINING TEXT. Archive shelf 17:25 contains three folders.
17,26,SYNTHETIC TRAINING TEXT. Archive shelf 17:26 contains three folders.
17,27,SYNTHETIC TRAINING TEXT. Archive shelf 17:27 contains three folders.
17,28,SYNTHETIC TRAINING TEXT. Archive shelf 17:28 contains three folders.
17,29,SYNTHETIC TRAINING TEXT. Archive shelf 17:29 contains three folders.
17,30,SYNTHETIC TRAINING TEXT. Archive shelf 17:30 contains three folders.
17,31,SYNTHETIC TRAINING TEXT. Archive shelf 17:31 contains three folders.
17,32,SYNTHETIC TRAINING TEXT. Archive shelf 17:32 contains three folders.
17,33,SYNTHETIC TRAINING TEXT. Archive shelf 17:33 contains three folders.
17,34,SYNTHETIC TRAINING TEXT. Archive shelf 17:34 contains three folders.
17,35,SYNTHETIC TRAINING TEXT. Archive shelf 17:35 contains three folders.
17,36,SYNTHETIC TRAINING TEXT. Archive shelf 17:36 contains three folders.
17,37,SYNTHETIC TRAINING TEXT. Archive shelf 17:37 contains three folders.
17,38,SYNTHETIC TRAINING TEXT. Archive shelf 17:38 contains three folders.
17,39,SYNTHETIC TRAINING TEXT. Archive shelf 17:39 contains three folders.
17,40,SYNTHETIC TRAINING TEXT. Archive shelf 17:40 contains three folders.
17,41,SYNTHETIC TRAINING TEXT. Archive shelf 17:41 contains three folders.
17,42,SYNTHETIC TRAINING TEXT. Archive shelf 17:42 contains three folders.
17,43,SYNTHETIC TRAINING TEXT. Archive shelf 17:43 contains three folders.
17,44,SYNTHETIC TRAINING TEXT. Archive shelf 17:44 contains three folders.
17,45,SYNTHETIC TRAINING TEXT. Archive shelf 17:45 contains three folders.
17,46,SYNTHETIC TRAINING TEXT. Archive shelf 17:46 contains three folders.
17,47,SYNTHETIC TRAINING TEXT. Archive shelf 17:47 contains three folders.
17,48,SYNTHETIC TRAINING TEXT. Archive shelf 17:48 contains three folders.
17,49,SYNTHETIC TRAINING TEXT. Archive shelf 17:49 contains three folders.
17,50,SYNTHETIC TRAINING TEXT. Archive shelf 17:50 contains three folders.
17,51,SYNTHETIC TRAINING TEXT. Archive shelf 17:51 contains three folders.
17,52,SYNTHETIC TRAINING TEXT. Archive shelf 17:52 contains three folders.
17,53,SYNTHETIC TRAINING TEXT. Archive shelf 17:53 contains three folders.
17,54,SYNTHETIC TRAINING TEXT. Archive shelf 17:54 contains three folders.
17,55,SYNTHETIC TRAINING TEXT. Archive shelf 17:55 contains three folders.
17,56,SYNTHETIC TRAINING TEXT. Archive shelf 17:56 contains three folders.
17,57,SYNTHETIC TRAINING TEXT. Archive shelf 17:57 contains three folders.
17,58,SYNTHETIC TRAINING TEXT. Archive shelf 17:58 contains three folders.
17,59,SYNTHETIC TRAINING TEXT. Archive shelf 17:59 contains three folders.
17,60,SYNTHETIC TRAINING TEXT. Archive shelf 17:60 contains three folders.
17,61,SYNTHETIC TRAINING TEXT. Archive shelf 17:61 contains three folders.
17,62,SYNTHETIC TRAINING TEXT. Archive shelf 17:62 contains three folders.
17,63,SYNTHETIC TRAINING TEXT. Archive shelf 17:63 contains three folders.
17,64,SYNTHETIC TRAINING TEXT. Archive shelf 17:64 contains three folders.
17,65,SYNTHETIC TRAINING TEXT. Archive shelf 17:65 contains three folders.
17,66,SYNTHETIC TRAINING TEXT. Archive shelf 17:66 contains three folders.
17,67,SYNTHETIC TRAINING TEXT. Archive shelf 17:67 contains three folders.
17,68,SYNTHETIC TRAINING TEXT. Archive shelf 17:68 contains three folders.
17,69,SYNTHETIC TRAINING TEXT. Archive shelf 17:69 contains three folders.
17,70,SYNTHETIC TRAINING TEXT. Archive shelf 17:70 contains three folders.
17,71,SYNTHETIC TRAINING TEXT. Archive shelf 17:71 contains three folders.
17,72,SYNTHETIC TRAINING TEXT. Archive shelf 17:72 contains three folders.
17,73,SYNTHETIC TRAINING TEXT. Archive shelf 17:73 contains three folders.
17,74,SYNTHETIC TRAINING TEXT. Archive shelf 17:74 contains three folders.
17,75,SYNTHETIC TRAINING TEXT. Archive shelf 17:75 contains three folders.
17,76,SYNTHETIC TRAINING TEXT. Archive shelf 17:76 contains three folders.
17,77,SYNTHETIC TRAINING TEXT. Archive shelf 17:77 contains three folders.
17,78,SYNTHETIC TRAINING TEXT. Archive shelf 17:78 contains three folders.
17,79,SYNTHETIC TRAINING TEXT. Archive shelf 17:79 contains three folders.
17,80,SYNTHETIC TRAINING TEXT. Archive shelf 17:80 contains three folders.
17,81,SYNTHETIC TRAINING TEXT. Archive shelf 17:81 contains three folders.
17,82,SYNTHETIC TRAINING TEXT. Archive shelf 17:82 contains three folders.
17,83,SYNTHETIC TRAINING TEXT. Archive shelf 17:83 contains three folders.
17,84,SYNTHETIC TRAINING TEXT. Archive shelf 17:84 contains three folders.
17,85,SYNTHETIC TRAINING TEXT. Archive shelf 17:85 contains three folders.
17,86,SYNTHETIC TRAINING TEXT. Archive shelf 17:86 contains three folders.
17,87,SYNTHETIC TRAINING TEXT. Archive shelf 17:87 contains three folders.
17,88,SYNTHETIC TRAINING TEXT. Archive shelf 17:88 contains three folders.
17,89,SYNTHETIC TRAINING TEXT. Archive shelf 17:89 contains three folders.
17,90,SYNTHETIC TRAINING TEXT. Archive shelf 17:90 contains three folders.
17,91,SYNTHETIC TRAINING TEXT. Archive shelf 17:91 contains three folders.
17,92,SYNTHETIC TRAINING TEXT. Archive shelf 17:92 contains three folders.
17,93,SYNTHETIC TRAINING TEXT. Archive shelf 17:93 contains three folders.
17,94,SYNTHETIC TRAINING TEXT. Archive shelf 17:94 contains three folders.
17,95,SYNTHETIC TRAINING TEXT. Archive shelf 17:95 contains three folders.
17,96,SYNTHETIC TRAINING TEXT. Archive shelf 17:96 contains three folders.
17,97,SYNTHETIC TRAINING TEXT. Archive shelf 17:97 contains three folders.
17,98,SYNTHETIC TRAINING TEXT. Archive shelf 17:98 contains three folders.
17,99,SYNTHETIC TRAINING TEXT. Archive shelf 17:99 contains three folders.
17,100,SYNTHETIC TRAINING TEXT. Archive shelf 17:100 contains three folders.
17,101,SYNTHETIC TRAINING TEXT. Archive shelf 17:101 contains three folders.
17,102,SYNTHETIC TRAINING TEXT. Archive shelf 17:102 contains three folders.
17,103,SYNTHETIC TRAINING TEXT. Archive shelf 17:103 contains three folders.
17,104,SYNTHETIC TRAINING TEXT. Archive shelf 17:104 contains three folders.
17,105,SYNTHETIC TRAINING TEXT. Archive shelf 17:105 contains three folders.
17,106,SYNTHETIC TRAINING TEXT. Archive shelf 17:106 contains three folders.
17,107,SYNTHETIC TRAINING TEXT. Archive shelf 17:107 contains three folders.
17,108,SYNTHETIC TRAINING TEXT. Archive shelf 17:108 contains three folders.
17,109,SYNTHETIC TRAINING TEXT. Archive shelf 17:109 contains three folders.
17,110,SYNTHETIC TRAINING TEXT. Archive shelf 17:110 contains three folders.
17,111,SYNTHETIC TRAINING TEXT. Archive shelf 17:111 contains three folders.
18,1,SYNTHETIC TRAINING TEXT. Archive shelf 18:1 contains three folders.
18,2,SYNTHETIC TRAINING TEXT. Archive shelf 18:2 contains three folders.
18,3,SYNTHETIC TRAINING TEXT. Archive shelf 18:3 contains three folders.
18,4,SYNTHETIC TRAINING TEXT. Archive shelf 18:4 contains three folders.
18,5,SYNTHETIC TRAINING TEXT. Archive shelf 18:5 contains three folders.
18,6,SYNTHETIC TRAINING TEXT. Archive shelf 18:6 contains three folders.
18,7,SYNTHETIC TRAINING TEXT. Archive shelf 18:7 contains three folders.
18,8,SYNTHETIC TRAINING TEXT. Archive shelf 18:8 contains three folders.
18,9,SYNTHETIC TRAINING TEXT. Archive shelf 18:9 contains three folders.
18,10,SYNTHETIC TRAINING TEXT. Archive shelf 18:10 contains three folders.
18,11,SYNTHETIC TRAINING TEXT. Archive shelf 18:11 contains three folders.
18,12,SYNTHETIC TRAINING TEXT. Archive shelf 18:12 contains three folders.
18,13,SYNTHETIC TRAINING TEXT. Archive shelf 18:13 contains three folders.
18,14,SYNTHETIC TRAINING TEXT. Archive shelf 18:14 contains three folders.
18,15,SYNTHETIC TRAINING TEXT. Archive shelf 18:15 contains three folders.
18,16,SYNTHETIC TRAINING TEXT. Archive shelf 18:16 contains three folders.
18,17,SYNTHETIC TRAINING TEXT. Archive shelf 18:17 contains three folders.
18,18,SYNTHETIC TRAINING TEXT. Archive shelf 18:18 contains three folders.
18,19,SYNTHETIC TRAINING TEXT. Archive shelf 18:19 contains three folders.
18,20,SYNTHETIC TRAINING TEXT. Archive shelf 18:20 contains three folders.
18,21,SYNTHETIC TRAINING TEXT. Archive shelf 18:21 contains three folders.
18,22,SYNTHETIC TRAINING TEXT. Archive shelf 18:22 contains three folders.
18,23,SYNTHETIC TRAINING TEXT. Archive shelf 18:23 contains three folders.
18,24,SYNTHETIC TRAINING TEXT. Archive shelf 18:24 contains three folders.
18,25,SYNTHETIC TRAINING TEXT. Archive shelf 18:25 contains three folders.
18,26,SYNTHETIC TRAINING TEXT. Archive shelf 18:26 contains three folders.
18,27,SYNTHETIC TRAINING TEXT. Archive shelf 18:27 contains three folders.
18,28,SYNTHETIC TRAINING TEXT. Archive shelf 18:28 contains three folders.
18,29,SYNTHETIC TRAINING TEXT. Archive shelf 18:29 contains three folders.
18,30,SYNTHETIC TRAINING TEXT. Archive shelf 18:30 contains three folders.
18,31,SYNTHETIC TRAINING TEXT. Archive shelf 18:31 contains three folders.
18,32,SYNTHETIC TRAINING TEXT. Archive shelf 18:32 contains three folders.
18,33,SYNTHETIC TRAINING TEXT. Archive shelf 18:33 contains three folders.
18,34,SYNTHETIC TRAINING TEXT. Archive shelf 18:34 contains three folders.
18,35,SYNTHETIC TRAINING TEXT. Archive shelf 18:35 contains three folders.
18,36,SYNTHETIC TRAINING TEXT. Archive shelf 18:36 contains three folders.
18,37,SYNTHETIC TRAINING TEXT. Archive shelf 18:37 contains three folders.
18,38,SYNTHETIC TRAINING TEXT. Archive shelf 18:38 contains three folders.
18,39,SYNTHETIC TRAINING TEXT. Archive shelf 18:39 contains three folders.
18,40,SYNTHETIC TRAINING TEXT. Archive shelf 18:40 contains three folders.
18,41,SYNTHETIC TRAINING TEXT. Archive shelf 18:41 contains three folders.
18,42,SYNTHETIC TRAINING TEXT. Archive shelf 18:42 contains three folders.
18,43,SYNTHETIC TRAINING TEXT. Archive shelf 18:43 contains three folders.
18,44,SYNTHETIC TRAINING TEXT. Archive shelf 18:44 contains three folders.
18,45,SYNTHETIC TRAINING TEXT. Archive shelf 18:45 contains three folders.
18,46,SYNTHETIC TRAINING TEXT. Archive shelf 18:46 contains three folders.
18,47,SYNTHETIC TRAINING TEXT. Archive shelf 18:47 contains three folders.
18,48,SYNTHETIC TRAINING TEXT. Archive shelf 18:48 contains three folders.
18,49,SYNTHETIC TRAINING TEXT. Archive shelf 18:49 contains three folders.
18,50,SYNTHETIC TRAINING TEXT. Archive shelf 18:50 contains three folders.
18,51,SYNTHETIC TRAINING TEXT. Archive shelf 18:51 contains three folders.
18,52,SYNTHETIC TRAINING TEXT. Archive shelf 18:52 contains three folders.
18,53,SYNTHETIC TRAINING TEXT. Archive shelf 18:53 contains three folders.
18,54,SYNTHETIC TRAINING TEXT. Archive shelf 18:54 contains three folders.
18,55,SYNTHETIC TRAINING TEXT. Archive shelf 18:55 contains three folders.
18,56,SYNTHETIC TRAINING TEXT. Archive shelf 18:56 contains three folders.
18,57,SYNTHETIC TRAINING TEXT. Archive shelf 18:57 contains three folders.
18,58,SYNTHETIC TRAINING TEXT. Archive shelf 18:58 contains three folders.
18,59,SYNTHETIC TRAINING TEXT. Archive shelf 18:59 contains three folders.
18,60,SYNTHETIC TRAINING TEXT. Archive shelf 18:60 contains three folders.
18,61,SYNTHETIC TRAINING TEXT. Archive shelf 18:61 contains three folders.
18,62,SYNTHETIC TRAINING TEXT. Archive shelf 18:62 contains three folders.
18,63,SYNTHETIC TRAINING TEXT. Archive shelf 18:63 contains three folders.
18,64,SYNTHETIC TRAINING TEXT. Archive shelf 18:64 contains three folders.
18,65,SYNTHETIC TRAINING TEXT. Archive shelf 18:65 contains three folders.
18,66,SYNTHETIC TRAINING TEXT. Archive shelf 18:66 contains three folders.
18,67,SYNTHETIC TRAINING TEXT. Archive shelf 18:67 contains three folders.
18,68,SYNTHETIC TRAINING TEXT. Archive shelf 18:68 contains three folders.
18,69,SYNTHETIC TRAINING TEXT. Archive shelf 18:69 contains three folders.
18,70,SYNTHETIC TRAINING TEXT. Archive shelf 18:70 contains three folders.
18,71,SYNTHETIC TRAINING TEXT. Archive shelf 18:71 contains three folders.
18,72,SYNTHETIC TRAINING TEXT. Archive shelf 18:72 contains three folders.
18,73,SYNTHETIC TRAINING TEXT. Archive shelf 18:73 contains three folders.
18,74,SYNTHETIC TRAINING TEXT. Archive shelf 18:74 contains three folders.
18,75,SYNTHETIC TRAINING TEXT. Archive shelf 18:75 contains three folders.
18,76,SYNTHETIC TRAINING TEXT. Archive shelf 18:76 contains three folders.
18,77,SYNTHETIC TRAINING TEXT. Archive shelf 18:77 contains three folders.
18,78,SYNTHETIC TRAINING TEXT. Archive shelf 18:78 contains three folders.
18,79,SYNTHETIC TRAINING TEXT. Archive shelf 18:79 contains three folders.
18,80,SYNTHETIC TRAINING TEXT. Archive shelf 18:80 contains three folders.
18,81,SYNTHETIC TRAINING TEXT. Archive shelf 18:81 contains three folders.
18,82,SYNTHETIC TRAINING TEXT. Archive shelf 18:82 contains three folders.
18,83,SYNTHETIC TRAINING TEXT. Archive shelf 18:83 contains three folders.
18,84,SYNTHETIC TRAINING TEXT. Archive shelf 18:84 contains three folders.
18,85,SYNTHETIC TRAINING TEXT. Archive shelf 18:85 contains three folders.
18,86,SYNTHETIC TRAINING TEXT. Archive shelf 18:86 contains three folders.
18,87,SYNTHETIC TRAINING TEXT. Archive shelf 18:87 contains three folders.
18,88,SYNTHETIC TRAINING TEXT. Archive shelf 18:88 contains three folders.
18,89,SYNTHETIC TRAINING TEXT. Archive shelf 18:89 contains three folders.
18,90,SYNTHETIC TRAINING TEXT. Archive shelf 18:90 contains three folders.
18,91,SYNTHETIC TRAINING TEXT. Archive shelf 18:91 contains three folders.
18,92,SYNTHETIC TRAINING TEXT. Archive shelf 18:92 contains three folders.
18,93,SYNTHETIC TRAINING TEXT. Archive shelf 18:93 contains three folders.
18,94,SYNTHETIC TRAINING TEXT. Archive shelf 18:94 contains three folders.
18,95,SYNTHETIC TRAINING TEXT. Archive shelf 18:95 contains three folders.
18,96,SYNTHETIC TRAINING TEXT. Archive shelf 18:96 contains three folders.
18,97,SYNTHETIC TRAINING TEXT. Archive shelf 18:97 contains three folders.
18,98,SYNTHETIC TRAINING TEXT. Archive shelf 18:98 contains three folders.
18,99,SYNTHETIC TRAINING TEXT. Archive shelf 18:99 contains three folders.
18,100,SYNTHETIC TRAINING TEXT. Archive shelf 18:100 contains three folders.
18,101,SYNTHETIC TRAINING TEXT. Archive shelf 18:101 contains three folders.
18,102,SYNTHETIC TRAINING TEXT. Archive shelf 18:102 contains three folders.
18,103,SYNTHETIC TRAINING TEXT. Archive shelf 18:103 contains three folders.
18,104,SYNTHETIC TRAINING TEXT. Archive shelf 18:104 contains three folders.
18,105,SYNTHETIC TRAINING TEXT. Archive shelf 18:105 contains three folders.
18,106,SYNTHETIC TRAINING TEXT. Archive shelf 18:106 contains three folders.
18,107,SYNTHETIC TRAINING TEXT. Archive shelf 18:107 contains three folders.
18,108,SYNTHETIC TRAINING TEXT. Archive shelf 18:108 contains three folders.
18,109,SYNTHETIC TRAINING TEXT. Archive shelf 18:109 contains three folders.
18,110,SYNTHETIC TRAINING TEXT. Archive shelf 18:110 contains three folders.
19,1,SYNTHETIC TRAINING TEXT. Archive shelf 19:1 contains three folders.
19,2,SYNTHETIC TRAINING TEXT. Archive shelf 19:2 contains three folders.
19,3,SYNTHETIC TRAINING TEXT. Archive shelf 19:3 contains three folders.
19,4,SYNTHETIC TRAINING TEXT. Archive shelf 19:4 contains three folders.
19,5,SYNTHETIC TRAINING TEXT. Archive shelf 19:5 contains three folders.
19,6,SYNTHETIC TRAINING TEXT. Archive shelf 19:6 contains three folders.
19,7,SYNTHETIC TRAINING TEXT. Archive shelf 19:7 contains three folders.
19,8,SYNTHETIC TRAINING TEXT. Archive shelf 19:8 contains three folders.
19,9,SYNTHETIC TRAINING TEXT. Archive shelf 19:9 contains three folders.
19,10,SYNTHETIC TRAINING TEXT. Archive shelf 19:10 contains three folders.
19,11,SYNTHETIC TRAINING TEXT. Archive shelf 19:11 contains three folders.
19,12,SYNTHETIC TRAINING TEXT. Archive shelf 19:12 contains three folders.
19,13,SYNTHETIC TRAINING TEXT. Archive shelf 19:13 contains three folders.
19,14,SYNTHETIC TRAINING TEXT. Archive shelf 19:14 contains three folders.
19,15,SYNTHETIC TRAINING TEXT. Archive shelf 19:15 contains three folders.
19,16,SYNTHETIC TRAINING TEXT. Archive shelf 19:16 contains three folders.
19,17,SYNTHETIC TRAINING TEXT. Archive shelf 19:17 contains three folders.
19,18,SYNTHETIC TRAINING TEXT. Archive shelf 19:18 contains three folders.
19,19,SYNTHETIC TRAINING TEXT. Archive shelf 19:19 contains three folders.
19,20,SYNTHETIC TRAINING TEXT. Archive shelf 19:20 contains three folders.
19,21,SYNTHETIC TRAINING TEXT. Archive shelf 19:21 contains three folders.
19,22,SYNTHETIC TRAINING TEXT. Archive shelf 19:22 contains three folders.
19,23,SYNTHETIC TRAINING TEXT. Archive shelf 19:23 contains three folders.
19,24,SYNTHETIC TRAINING TEXT. Archive shelf 19:24 contains three folders.
19,25,SYNTHETIC TRAINING TEXT. Archive shelf 19:25 contains three folders.
19,26,SYNTHETIC TRAINING TEXT. Archive shelf 19:26 contains three folders.
19,27,SYNTHETIC TRAINING TEXT. Archive shelf 19:27 contains three folders.
19,28,SYNTHETIC TRAINING TEXT. Archive shelf 19:28 contains three folders.
19,29,SYNTHETIC TRAINING TEXT. Archive shelf 19:29 contains three folders.
19,30,SYNTHETIC TRAINING TEXT. Archive shelf 19:30 contains three folders.
19,31,SYNTHETIC TRAINING TEXT. Archive shelf 19:31 contains three folders.
19,32,SYNTHETIC TRAINING TEXT. Archive shelf 19:32 contains three folders.
19,33,SYNTHETIC TRAINING TEXT. Archive shelf 19:33 contains three folders.
19,34,SYNTHETIC TRAINING TEXT. Archive shelf 19:34 contains three folders.
19,35,SYNTHETIC TRAINING TEXT. Archive shelf 19:35 contains three folders.
19,36,SYNTHETIC TRAINING TEXT. Archive shelf 19:36 contains three folders.
19,37,SYNTHETIC TRAINING TEXT. Archive shelf 19:37 contains three folders.
19,38,SYNTHETIC TRAINING TEXT. Archive shelf 19:38 contains three folders.
19,39,SYNTHETIC TRAINING TEXT. Archive shelf 19:39 contains three folders.
19,40,SYNTHETIC TRAINING TEXT. Archive shelf 19:40 contains three folders.
19,41,SYNTHETIC TRAINING TEXT. Archive shelf 19:41 contains three folders.
19,42,SYNTHETIC TRAINING TEXT. Archive shelf 19:42 contains three folders.
19,43,SYNTHETIC TRAINING TEXT. Archive shelf 19:43 contains three folders.
19,44,SYNTHETIC TRAINING TEXT. Archive shelf 19:44 contains three folders.
19,45,SYNTHETIC TRAINING TEXT. Archive shelf 19:45 contains three folders.
19,46,SYNTHETIC TRAINING TEXT. Archive shelf 19:46 contains three folders.
19,47,SYNTHETIC TRAINING TEXT. Archive shelf 19:47 contains three folders.
19,48,SYNTHETIC TRAINING TEXT. Archive shelf 19:48 contains three folders.
19,49,SYNTHETIC TRAINING TEXT. Archive shelf 19:49 contains three folders.
19,50,SYNTHETIC TRAINING TEXT. Archive shelf 19:50 contains three folders.
19,51,SYNTHETIC TRAINING TEXT. Archive shelf 19:51 contains three folders.
19,52,SYNTHETIC TRAINING TEXT. Archive shelf 19:52 contains three folders.
19,53,SYNTHETIC TRAINING TEXT. Archive shelf 19:53 contains three folders.
19,54,SYNTHETIC TRAINING TEXT. Archive shelf 19:54 contains three folders.
19,55,SYNTHETIC TRAINING TEXT. Archive shelf 19:55 contains three folders.
19,56,SYNTHETIC TRAINING TEXT. Archive shelf 19:56 contains three folders.
19,57,SYNTHETIC TRAINING TEXT. Archive shelf 19:57 contains three folders.
19,58,SYNTHETIC TRAINING TEXT. Archive shelf 19:58 contains three folders.
19,59,SYNTHETIC TRAINING TEXT. Archive shelf 19:59 contains three folders.
19,60,SYNTHETIC TRAINING TEXT. Archive shelf 19:60 contains three folders.
19,61,SYNTHETIC TRAINING TEXT. Archive shelf 19:61 contains three folders.
19,62,SYNTHETIC TRAINING TEXT. Archive shelf 19:62 contains three folders.
19,63,SYNTHETIC TRAINING TEXT. Archive shelf 19:63 contains three folders.
19,64,SYNTHETIC TRAINING TEXT. Archive shelf 19:64 contains three folders.
19,65,SYNTHETIC TRAINING TEXT. Archive shelf 19:65 contains three folders.
19,66,SYNTHETIC TRAINING TEXT. Archive shelf 19:66 contains three folders.
19,67,SYNTHETIC TRAINING TEXT. Archive shelf 19:67 contains three folders.
19,68,SYNTHETIC TRAINING TEXT. Archive shelf 19:68 contains three folders.
19,69,SYNTHETIC TRAINING TEXT. Archive shelf 19:69 contains three folders.
19,70,SYNTHETIC TRAINING TEXT. Archive shelf 19:70 contains three folders.
19,71,SYNTHETIC TRAINING TEXT. Archive shelf 19:71 contains three folders.
19,72,SYNTHETIC TRAINING TEXT. Archive shelf 19:72 contains three folders.
19,73,SYNTHETIC TRAINING TEXT. Archive shelf 19:73 contains three folders.
19,74,SYNTHETIC TRAINING TEXT. Archive shelf 19:74 contains three folders.
19,75,SYNTHETIC TRAINING TEXT. Archive shelf 19:75 contains three folders.
19,76,SYNTHETIC TRAINING TEXT. Archive shelf 19:76 contains three folders.
19,77,SYNTHETIC TRAINING TEXT. Archive shelf 19:77 contains three folders.
19,78,SYNTHETIC TRAINING TEXT. Archive shelf 19:78 contains three folders.
19,79,SYNTHETIC TRAINING TEXT. Archive shelf 19:79 contains three folders.
19,80,SYNTHETIC TRAINING TEXT. Archive shelf 19:80 contains three folders.
19,81,SYNTHETIC TRAINING TEXT. Archive shelf 19:81 contains three folders.
19,82,SYNTHETIC TRAINING TEXT. Archive shelf 19:82 contains three folders.
19,83,SYNTHETIC TRAINING TEXT. Archive shelf 19:83 contains three folders.
19,84,SYNTHETIC TRAINING TEXT. Archive shelf 19:84 contains three folders.
19,85,SYNTHETIC TRAINING TEXT. Archive shelf 19:85 contains three folders.
19,86,SYNTHETIC TRAINING TEXT. Archive shelf 19:86 contains three folders.
19,87,SYNTHETIC TRAINING TEXT. Archive shelf 19:87 contains three folders.
19,88,SYNTHETIC TRAINING TEXT. Archive shelf 19:88 contains three folders.
19,89,SYNTHETIC TRAINING TEXT. Archive shelf 19:89 contains three folders.
19,90,SYNTHETIC TRAINING TEXT. Archive shelf 19:90 contains three folders.
19,91,SYNTHETIC TRAINING TEXT. Archive shelf 19:91 contains three folders.
19,92,SYNTHETIC TRAINING TEXT. Archive shelf 19:92 contains three folders.
19,93,SYNTHETIC TRAINING TEXT. Archive shelf 19:93 contains three folders.
19,94,SYNTHETIC TRAINING TEXT. Archive shelf 19:94 contains three folders.
19,95,SYNTHETIC TRAINING TEXT. Archive shelf 19:95 contains three folders.
19,96,SYNTHETIC TRAINING TEXT. Archive shelf 19:96 contains three folders.
19,97,SYNTHETIC TRAINING TEXT. Archive shelf 19:97 contains three folders.
19,98,SYNTHETIC TRAINING TEXT. Archive shelf 19:98 contains three folders.
20,1,SYNTHETIC TRAINING TEXT. Archive shelf 20:1 contains three folders.
20,2,SYNTHETIC TRAINING TEXT. Archive shelf 20:2 contains three folders.
20,3,SYNTHETIC TRAINING TEXT. Archive shelf 20:3 contains three folders.
20,4,SYNTHETIC TRAINING TEXT. Archive shelf 20:4 contains three folders.
20,5,SYNTHETIC TRAINING TEXT. Archive shelf 20:5 contains three folders.
20,6,SYNTHETIC TRAINING TEXT. Archive shelf 20:6 contains three folders.
20,7,SYNTHETIC TRAINING TEXT. Archive shelf 20:7 contains three folders.
20,8,SYNTHETIC TRAINING TEXT. Archive shelf 20:8 contains three folders.
20,9,SYNTHETIC TRAINING TEXT. Archive shelf 20:9 contains three folders.
20,10,SYNTHETIC TRAINING TEXT. Archive shelf 20:10 contains three folders.
20,11,SYNTHETIC TRAINING TEXT. Archive shelf 20:11 contains three folders.
20,12,SYNTHETIC TRAINING TEXT. Archive shelf 20:12 contains three folders.
20,13,SYNTHETIC TRAINING TEXT. Archive shelf 20:13 contains three folders.
20,14,SYNTHETIC TRAINING TEXT. Archive shelf 20:14 contains three folders.
20,15,SYNTHETIC TRAINING TEXT. Archive shelf 20:15 contains three folders.
20,16,SYNTHETIC TRAINING TEXT. Archive shelf 20:16 contains three folders.
20,17,SYNTHETIC TRAINING TEXT. Archive shelf 20:17 contains three folders.
20,18,SYNTHETIC TRAINING TEXT. Archive shelf 20:18 contains three folders.
20,19,SYNTHETIC TRAINING TEXT. Archive shelf 20:19 contains three folders.
20,20,SYNTHETIC TRAINING TEXT. Archive shelf 20:20 contains three folders.
20,21,SYNTHETIC TRAINING TEXT. Archive shelf 20:21 contains three folders.
20,22,SYNTHETIC TRAINING TEXT. Archive shelf 20:22 contains three folders.
20,23,SYNTHETIC TRAINING TEXT. Archive shelf 20:23 contains three folders.
20,24,SYNTHETIC TRAINING TEXT. Archive shelf 20:24 contains three folders.
20,25,SYNTHETIC TRAINING TEXT. Archive shelf 20:25 contains three folders.
20,26,SYNTHETIC TRAINING TEXT. Archive shelf 20:26 contains three folders.
20,27,SYNTHETIC TRAINING TEXT. Archive shelf 20:27 contains three folders.
20,28,SYNTHETIC TRAINING TEXT. Archive shelf 20:28 contains three folders.
20,29,SYNTHETIC TRAINING TEXT. Archive shelf 20:29 contains three folders.
20,30,SYNTHETIC TRAINING TEXT. Archive shelf 20:30 contains three folders.
20,31,SYNTHETIC TRAINING TEXT. Archive shelf 20:31 contains three folders.
20,32,SYNTHETIC TRAINING TEXT. Archive shelf 20:32 contains three folders.
20,33,SYNTHETIC TRAINING TEXT. Archive shelf 20:33 contains three folders.
20,34,SYNTHETIC TRAINING TEXT. Archive shelf 20:34 contains three folders.
20,35,SYNTHETIC TRAINING TEXT. Archive shelf 20:35 contains three folders.
20,36,SYNTHETIC TRAINING TEXT. Archive shelf 20:36 contains three folders.
20,37,SYNTHETIC TRAINING TEXT. Archive shelf 20:37 contains three folders.
20,38,SYNTHETIC TRAINING TEXT. Archive shelf 20:38 contains three folders.
20,39,SYNTHETIC TRAINING TEXT. Archive shelf 20:39 contains three folders.
20,40,SYNTHETIC TRAINING TEXT. Archive shelf 20:40 contains three folders.
20,41,SYNTHETIC TRAINING TEXT. Archive shelf 20:41 contains three folders.
20,42,SYNTHETIC TRAINING TEXT. Archive shelf 20:42 contains three folders.
20,43,SYNTHETIC TRAINING TEXT. Archive shelf 20:43 contains three folders.
20,44,SYNTHETIC TRAINING TEXT. Archive shelf 20:44 contains three folders.
20,45,SYNTHETIC TRAINING TEXT. Archive shelf 20:45 contains three folders.
20,46,SYNTHETIC TRAINING TEXT. Archive shelf 20:46 contains three folders.
20,47,SYNTHETIC TRAINING TEXT. Archive shelf 20:47 contains three folders.
20,48,SYNTHETIC TRAINING TEXT. Archive shelf 20:48 contains three folders.
20,49,SYNTHETIC TRAINING TEXT. Archive shelf 20:49 contains three folders.
20,50,SYNTHETIC TRAINING TEXT. Archive shelf 20:50 contains three folders.
20,51,SYNTHETIC TRAINING TEXT. Archive shelf 20:51 contains three folders.
20,52,SYNTHETIC TRAINING TEXT. Archive shelf 20:52 contains three folders.
20,53,SYNTHETIC TRAINING TEXT. Archive shelf 20:53 contains three folders.
20,54,SYNTHETIC TRAINING TEXT. Archive shelf 20:54 contains three folders.
20,55,SYNTHETIC TRAINING TEXT. Archive shelf 20:55 contains three folders.
20,56,SYNTHETIC TRAINING TEXT. Archive shelf 20:56 contains three folders.
20,57,SYNTHETIC TRAINING TEXT. Archive shelf 20:57 contains three folders.
20,58,SYNTHETIC TRAINING TEXT. Archive shelf 20:58 contains three folders.
20,59,SYNTHETIC TRAINING TEXT. Archive shelf 20:59 contains three folders.
20,60,SYNTHETIC TRAINING TEXT. Archive shelf 20:60 contains three folders.
20,61,SYNTHETIC TRAINING TEXT. Archive shelf 20:61 contains three folders.
20,62,SYNTHETIC TRAINING TEXT. Archive shelf 20:62 contains three folders.
20,63,SYNTHETIC TRAINING TEXT. Archive shelf 20:63 contains three folders.
20,64,SYNTHETIC TRAINING TEXT. Archive shelf 20:64 contains three folders.
20,65,SYNTHETIC TRAINING TEXT. Archive shelf 20:65 contains three folders.
20,66,SYNTHETIC TRAINING TEXT. Archive shelf 20:66 contains three folders.
20,67,SYNTHETIC TRAINING TEXT. Archive shelf 20:67 contains three folders.
20,68,SYNTHETIC TRAINING TEXT. Archive shelf 20:68 contains three folders.
20,69,SYNTHETIC TRAINING TEXT. Archive shelf 20:69 contains three folders.
20,70,SYNTHETIC TRAINING TEXT. Archive shelf 20:70 contains three folders.
20,71,SYNTHETIC TRAINING TEXT. Archive shelf 20:71 contains three folders.
20,72,SYNTHETIC TRAINING TEXT. Archive shelf 20:72 contains three folders.
20,73,SYNTHETIC TRAINING TEXT. Archive shelf 20:73 contains three folders.
20,74,SYNTHETIC TRAINING TEXT. Archive shelf 20:74 contains three folders.
20,75,SYNTHETIC TRAINING TEXT. Archive shelf 20:75 contains three folders.
20,76,SYNTHETIC TRAINING TEXT. Archive shelf 20:76 contains three folders.
20,77,SYNTHETIC TRAINING TEXT. Archive shelf 20:77 contains three folders.
20,78,SYNTHETIC TRAINING TEXT. Archive shelf 20:78 contains three folders.
20,79,SYNTHETIC TRAINING TEXT. Archive shelf 20:79 contains three folders.
20,80,SYNTHETIC TRAINING TEXT. Archive shelf 20:80 contains three folders.
20,81,SYNTHETIC TRAINING TEXT. Archive shelf 20:81 contains three folders.
20,82,SYNTHETIC TRAINING TEXT. Archive shelf 20:82 contains three folders.
20,83,SYNTHETIC TRAINING TEXT. Archive shelf 20:83 contains three folders.
20,84,SYNTHETIC TRAINING TEXT. Archive shelf 20:84 contains three folders.
20,85,SYNTHETIC TRAINING TEXT. Archive shelf 20:85 contains three folders.
20,86,SYNTHETIC TRAINING TEXT. Archive shelf 20:86 contains three folders.
20,87,SYNTHETIC TRAINING TEXT. Archive shelf 20:87 contains three folders.
20,88,SYNTHETIC TRAINING TEXT. Archive shelf 20:88 contains three folders.
20,89,SYNTHETIC TRAINING TEXT. Archive shelf 20:89 contains three folders.
20,90,SYNTHETIC TRAINING TEXT. Archive shelf 20:90 contains three folders.
20,91,SYNTHETIC TRAINING TEXT. Archive shelf 20:91 contains three folders.
20,92,SYNTHETIC TRAINING TEXT. Archive shelf 20:92 contains three folders.
20,93,SYNTHETIC TRAINING TEXT. Archive shelf 20:93 contains three folders.
20,94,SYNTHETIC TRAINING TEXT. Archive shelf 20:94 contains three folders.
20,95,SYNTHETIC TRAINING TEXT. Archive shelf 20:95 contains three folders.
20,96,SYNTHETIC TRAINING TEXT. Archive shelf 20:96 contains three folders.
20,97,SYNTHETIC TRAINING TEXT. Archive shelf 20:97 contains three folders.
20,98,SYNTHETIC TRAINING TEXT. Archive shelf 20:98 contains three folders.
20,99,SYNTHETIC TRAINING TEXT. Archive shelf 20:99 contains three folders.
20,100,SYNTHETIC TRAINING TEXT. Archive shelf 20:100 contains three folders.
20,101,SYNTHETIC TRAINING TEXT. Archive shelf 20:101 contains three folders.
20,102,SYNTHETIC TRAINING TEXT. Archive shelf 20:102 contains three folders.
20,103,SYNTHETIC TRAINING TEXT. Archive shelf 20:103 contains three folders.
20,104,SYNTHETIC TRAINING TEXT. Archive shelf 20:104 contains three folders.
20,105,SYNTHETIC TRAINING TEXT. Archive shelf 20:105 contains three folders.
20,106,SYNTHETIC TRAINING TEXT. Archive shelf 20:106 contains three folders.
20,107,SYNTHETIC TRAINING TEXT. Archive shelf 20:107 contains three folders.
20,108,SYNTHETIC TRAINING TEXT. Archive shelf 20:108 contains three folders.
20,109,SYNTHETIC TRAINING TEXT. Archive shelf 20:109 contains three folders.
20,110,SYNTHETIC TRAINING TEXT. Archive shelf 20:110 contains three folders.
20,111,SYNTHETIC TRAINING TEXT. Archive shelf 20:111 contains three folders.
20,112,SYNTHETIC TRAINING TEXT. Archive shelf 20:112 contains three folders.
20,113,SYNTHETIC TRAINING TEXT. Archive shelf 20:113 contains three folders.
20,114,SYNTHETIC TRAINING TEXT. Archive shelf 20:114 contains three folders.
20,115,SYNTHETIC TRAINING TEXT. Archive shelf 20:115 contains three folders.
20,116,SYNTHETIC TRAINING TEXT. Archive shelf 20:116 contains three folders.
20,117,SYNTHETIC TRAINING TEXT. Archive shelf 20:117 contains three folders.
20,118,SYNTHETIC TRAINING TEXT. Archive shelf 20:118 contains three folders.
20,119,SYNTHETIC TRAINING TEXT. Archive shelf 20:119 contains three folders.
20,120,SYNTHETIC TRAINING TEXT. Archive shelf 20:120 contains three folders.
20,121,SYNTHETIC TRAINING TEXT. Archive shelf 20:121 contains three folders.
20,122,SYNTHETIC TRAINING TEXT. Archive shelf 20:122 contains three folders.
20,123,SYNTHETIC TRAINING TEXT. Archive shelf 20:123 contains three folders.
20,124,SYNTHETIC TRAINING TEXT. Archive shelf 20:124 contains three folders.
20,125,SYNTHETIC TRAINING TEXT. Archive shelf 20:125 contains three folders.
20,126,SYNTHETIC TRAINING TEXT. Archive shelf 20:126 contains three folders.
20,127,SYNTHETIC TRAINING TEXT. Archive shelf 20:127 contains three folders.
20,128,SYNTHETIC TRAINING TEXT. Archive shelf 20:128 contains three folders.
20,129,SYNTHETIC TRAINING TEXT. Archive shelf 20:129 contains three folders.
20,130,SYNTHETIC TRAINING TEXT. Archive shelf 20:130 contains three folders.
20,131,SYNTHETIC TRAINING TEXT. Archive shelf 20:131 contains three folders.
20,132,SYNTHETIC TRAINING TEXT. Archive shelf 20:132 contains three folders.
20,133,SYNTHETIC TRAINING TEXT. Archive shelf 20:133 contains three folders.
20,134,SYNTHETIC TRAINING TEXT. Archive shelf 20:134 contains three folders.
20,135,SYNTHETIC TRAINING TEXT. Archive shelf 20:135 contains three folders.
21,1,SYNTHETIC TRAINING TEXT. Archive shelf 21:1 contains three folders.
21,2,SYNTHETIC TRAINING TEXT. Archive shelf 21:2 contains three folders.
21,3,SYNTHETIC TRAINING TEXT. Archive shelf 21:3 contains three folders.
21,4,SYNTHETIC TRAINING TEXT. Archive shelf 21:4 contains three folders.
21,5,SYNTHETIC TRAINING TEXT. Archive shelf 21:5 contains three folders.
21,6,SYNTHETIC TRAINING TEXT. Archive shelf 21:6 contains three folders.
21,7,SYNTHETIC TRAINING TEXT. Archive shelf 21:7 contains three folders.
21,8,SYNTHETIC TRAINING TEXT. Archive shelf 21:8 contains three folders.
21,9,SYNTHETIC TRAINING TEXT. Archive shelf 21:9 contains three folders.
21,10,SYNTHETIC TRAINING TEXT. Archive shelf 21:10 contains three folders.
21,11,SYNTHETIC TRAINING TEXT. Archive shelf 21:11 contains three folders.
21,12,SYNTHETIC TRAINING TEXT. Archive shelf 21:12 contains three folders.
21,13,SYNTHETIC TRAINING TEXT. Archive shelf 21:13 contains three folders.
21,14,SYNTHETIC TRAINING TEXT. Archive shelf 21:14 contains three folders.
21,15,SYNTHETIC TRAINING TEXT. Archive shelf 21:15 contains three folders.
21,16,SYNTHETIC TRAINING TEXT. Archive shelf 21:16 contains three folders.
21,17,SYNTHETIC TRAINING TEXT. Archive shelf 21:17 contains three folders.
21,18,SYNTHETIC TRAINING TEXT. Archive shelf 21:18 contains three folders.
21,19,SYNTHETIC TRAINING TEXT. Archive shelf 21:19 contains three folders.
21,20,SYNTHETIC TRAINING TEXT. Archive shelf 21:20 contains three folders.
21,21,SYNTHETIC TRAINING TEXT. Archive shelf 21:21 contains three folders.
21,22,SYNTHETIC TRAINING TEXT. Archive shelf 21:22 contains three folders.
21,23,SYNTHETIC TRAINING TEXT. Archive shelf 21:23 contains three folders.
21,24,SYNTHETIC TRAINING TEXT. Archive shelf 21:24 contains three folders.
21,25,SYNTHETIC TRAINING TEXT. Archive shelf 21:25 contains three folders.
21,26,SYNTHETIC TRAINING TEXT. Archive shelf 21:26 contains three folders.
21,27,SYNTHETIC TRAINING TEXT. Archive shelf 21:27 contains three folders.
21,28,SYNTHETIC TRAINING TEXT. Archive shelf 21:28 contains three folders.
21,29,SYNTHETIC TRAINING TEXT. Archive shelf 21:29 contains three folders.
21,30,SYNTHETIC TRAINING TEXT. Archive shelf 21:30 contains three folders.
21,31,SYNTHETIC TRAINING TEXT. Archive shelf 21:31 contains three folders.
21,32,SYNTHETIC TRAINING TEXT. Archive shelf 21:32 contains three folders.
21,33,SYNTHETIC TRAINING TEXT. Archive shelf 21:33 contains three folders.
21,34,SYNTHETIC TRAINING TEXT. Archive shelf 21:34 contains three folders.
21,35,SYNTHETIC TRAINING TEXT. Archive shelf 21:35 contains three folders.
21,36,SYNTHETIC TRAINING TEXT. Archive shelf 21:36 contains three folders.
21,37,SYNTHETIC TRAINING TEXT. Archive shelf 21:37 contains three folders.
21,38,SYNTHETIC TRAINING TEXT. Archive shelf 21:38 contains three folders.
21,39,SYNTHETIC TRAINING TEXT. Archive shelf 21:39 contains three folders.
21,40,SYNTHETIC TRAINING TEXT. Archive shelf 21:40 contains three folders.
21,41,SYNTHETIC TRAINING TEXT. Archive shelf 21:41 contains three folders.
21,42,SYNTHETIC TRAINING TEXT. Archive shelf 21:42 contains three folders.
21,43,SYNTHETIC TRAINING TEXT. Archive shelf 21:43 contains three folders.
21,44,SYNTHETIC TRAINING TEXT. Archive shelf 21:44 contains three folders.
21,45,SYNTHETIC TRAINING TEXT. Archive shelf 21:45 contains three folders.
21,46,SYNTHETIC TRAINING TEXT. Archive shelf 21:46 contains three folders.
21,47,SYNTHETIC TRAINING TEXT. Archive shelf 21:47 contains three folders.
21,48,SYNTHETIC TRAINING TEXT. Archive shelf 21:48 contains three folders.
21,49,SYNTHETIC TRAINING TEXT. Archive shelf 21:49 contains three folders.
21,50,SYNTHETIC TRAINING TEXT. Archive shelf 21:50 contains three folders.
21,51,SYNTHETIC TRAINING TEXT. Archive shelf 21:51 contains three folders.
21,52,SYNTHETIC TRAINING TEXT. Archive shelf 21:52 contains three folders.
21,53,SYNTHETIC TRAINING TEXT. Archive shelf 21:53 contains three folders.
21,54,SYNTHETIC TRAINING TEXT. Archive shelf 21:54 contains three folders.
21,55,SYNTHETIC TRAINING TEXT. Archive shelf 21:55 contains three folders.
21,56,SYNTHETIC TRAINING TEXT. Archive shelf 21:56 contains three folders.
21,57,SYNTHETIC TRAINING TEXT. Archive shelf 21:57 contains three folders.
21,58,SYNTHETIC TRAINING TEXT. Archive shelf 21:58 contains three folders.
21,59,SYNTHETIC TRAINING TEXT. Archive shelf 21:59 contains three folders.
21,60,SYNTHETIC TRAINING TEXT. Archive shelf 21:60 contains three folders.
21,61,SYNTHETIC TRAINING TEXT. Archive shelf 21:61 contains three folders.
21,62,SYNTHETIC TRAINING TEXT. Archive shelf 21:62 contains three folders.
21,63,SYNTHETIC TRAINING TEXT. Archive shelf 21:63 contains three folders.
21,64,SYNTHETIC TRAINING TEXT. Archive shelf 21:64 contains three folders.
21,65,SYNTHETIC TRAINING TEXT. Archive shelf 21:65 contains three folders.
21,66,SYNTHETIC TRAINING TEXT. Archive shelf 21:66 contains three folders.
21,67,SYNTHETIC TRAINING TEXT. Archive shelf 21:67 contains three folders.
21,68,SYNTHETIC TRAINING TEXT. Archive shelf 21:68 contains three folders.
21,69,SYNTHETIC TRAINING TEXT. Archive shelf 21:69 contains three folders.
21,70,SYNTHETIC TRAINING TEXT. Archive shelf 21:70 contains three folders.
21,71,SYNTHETIC TRAINING TEXT. Archive shelf 21:71 contains three folders.
21,72,SYNTHETIC TRAINING TEXT. Archive shelf 21:72 contains three folders.
21,73,SYNTHETIC TRAINING TEXT. Archive shelf 21:73 contains three folders.
21,74,SYNTHETIC TRAINING TEXT. Archive shelf 21:74 contains three folders.
21,75,SYNTHETIC TRAINING TEXT. Archive shelf 21:75 contains three folders.
21,76,SYNTHETIC TRAINING TEXT. Archive shelf 21:76 contains three folders.
21,77,SYNTHETIC TRAINING TEXT. Archive shelf 21:77 contains three folders.
21,78,SYNTHETIC TRAINING TEXT. Archive shelf 21:78 contains three folders.
21,79,SYNTHETIC TRAINING TEXT. Archive shelf 21:79 contains three folders.
21,80,SYNTHETIC TRAINING TEXT. Archive shelf 21:80 contains three folders.
21,81,SYNTHETIC TRAINING TEXT. Archive shelf 21:81 contains three folders.
21,82,SYNTHETIC TRAINING TEXT. Archive shelf 21:82 contains three folders.
21,83,SYNTHETIC TRAINING TEXT. Archive shelf 21:83 contains three folders.
21,84,SYNTHETIC TRAINING TEXT. Archive shelf 21:84 contains three folders.
21,85,SYNTHETIC TRAINING TEXT. Archive shelf 21:85 contains three folders.
21,86,SYNTHETIC TRAINING TEXT. Archive shelf 21:86 contains three folders.
21,87,SYNTHETIC TRAINING TEXT. Archive shelf 21:87 contains three folders.
21,88,SYNTHETIC TRAINING TEXT. Archive shelf 21:88 contains three folders.
21,89,SYNTHETIC TRAINING TEXT. Archive shelf 21:89 contains three folders.
21,90,SYNTHETIC TRAINING TEXT. Archive shelf 21:90 contains three folders.
21,91,SYNTHETIC TRAINING TEXT. Archive shelf 21:91 contains three folders.
21,92,SYNTHETIC TRAINING TEXT. Archive shelf 21:92 contains three folders.
21,93,SYNTHETIC TRAINING TEXT. Archive shelf 21:93 contains three folders.
21,94,SYNTHETIC TRAINING TEXT. Archive shelf 21:94 contains three folders.
21,95,SYNTHETIC TRAINING TEXT. Archive shelf 21:95 contains three folders.
21,96,SYNTHETIC TRAINING TEXT. Archive shelf 21:96 contains three folders.
21,97,SYNTHETIC TRAINING TEXT. Archive shelf 21:97 contains three folders.
21,98,SYNTHETIC TRAINING TEXT. Archive shelf 21:98 contains three folders.
21,99,SYNTHETIC TRAINING TEXT. Archive shelf 21:99 contains three folders.
21,100,SYNTHETIC TRAINING TEXT. Archive shelf 21:100 contains three folders.
21,101,SYNTHETIC TRAINING TEXT. Archive shelf 21:101 contains three folders.
21,102,SYNTHETIC TRAINING TEXT. Archive shelf 21:102 contains three folders.
21,103,SYNTHETIC TRAINING TEXT. Archive shelf 21:103 contains three folders.
21,104,SYNTHETIC TRAINING TEXT. Archive shelf 21:104 contains three folders.
21,105,SYNTHETIC TRAINING TEXT. Archive shelf 21:105 contains three folders.
21,106,SYNTHETIC TRAINING TEXT. Archive shelf 21:106 contains three folders.
21,107,SYNTHETIC TRAINING TEXT. Archive shelf 21:107 contains three folders.
21,108,SYNTHETIC TRAINING TEXT. Archive shelf 21:108 contains three folders.
21,109,SYNTHETIC TRAINING TEXT. Archive shelf 21:109 contains three folders.
21,110,SYNTHETIC TRAINING TEXT. Archive shelf 21:110 contains three folders.
21,111,SYNTHETIC TRAINING TEXT. Archive shelf 21:111 contains three folders.
21,112,SYNTHETIC TRAINING TEXT. Archive shelf 21:112 contains three folders.
22,1,SYNTHETIC TRAINING TEXT. Archive shelf 22:1 contains three folders.
22,2,SYNTHETIC TRAINING TEXT. Archive shelf 22:2 contains three folders.
22,3,SYNTHETIC TRAINING TEXT. Archive shelf 22:3 contains three folders.
22,4,SYNTHETIC TRAINING TEXT. Archive shelf 22:4 contains three folders.
22,5,SYNTHETIC TRAINING TEXT. Archive shelf 22:5 contains three folders.
22,6,SYNTHETIC TRAINING TEXT. Archive shelf 22:6 contains three folders.
22,7,SYNTHETIC TRAINING TEXT. Archive shelf 22:7 contains three folders.
22,8,SYNTHETIC TRAINING TEXT. Archive shelf 22:8 contains three folders.
22,9,SYNTHETIC TRAINING TEXT. Archive shelf 22:9 contains three folders.
22,10,SYNTHETIC TRAINING TEXT. Archive shelf 22:10 contains three folders.
22,11,SYNTHETIC TRAINING TEXT. Archive shelf 22:11 contains three folders.
22,12,SYNTHETIC TRAINING TEXT. Archive shelf 22:12 contains three folders.
22,13,SYNTHETIC TRAINING TEXT. Archive shelf 22:13 contains three folders.
22,14,SYNTHETIC TRAINING TEXT. Archive shelf 22:14 contains three folders.
22,15,SYNTHETIC TRAINING TEXT. Archive shelf 22:15 contains three folders.
22,16,SYNTHETIC TRAINING TEXT. Archive shelf 22:16 contains three folders.
22,17,SYNTHETIC TRAINING TEXT. Archive shelf 22:17 contains three folders.
22,18,SYNTHETIC TRAINING TEXT. Archive shelf 22:18 contains three folders.
22,19,SYNTHETIC TRAINING TEXT. Archive shelf 22:19 contains three folders.
22,20,SYNTHETIC TRAINING TEXT. Archive shelf 22:20 contains three folders.
22,21,SYNTHETIC TRAINING TEXT. Archive shelf 22:21 contains three folders.
22,22,SYNTHETIC TRAINING TEXT. Archive shelf 22:22 contains three folders.
22,23,SYNTHETIC TRAINING TEXT. Archive shelf 22:23 contains three folders.
22,24,SYNTHETIC TRAINING TEXT. Archive shelf 22:24 contains three folders.
22,25,SYNTHETIC TRAINING TEXT. Archive shelf 22:25 contains three folders.
22,26,SYNTHETIC TRAINING TEXT. Archive shelf 22:26 contains three folders.
22,27,SYNTHETIC TRAINING TEXT. Archive shelf 22:27 contains three folders.
22,28,SYNTHETIC TRAINING TEXT. Archive shelf 22:28 contains three folders.
22,29,SYNTHETIC TRAINING TEXT. Archive shelf 22:29 contains three folders.
22,30,SYNTHETIC TRAINING TEXT. Archive shelf 22:30 contains three folders.
22,31,SYNTHETIC TRAINING TEXT. Archive shelf 22:31 contains three folders.
22,32,SYNTHETIC TRAINING TEXT. Archive shelf 22:32 contains three folders.
22,33,SYNTHETIC TRAINING TEXT. Archive shelf 22:33 contains three folders.
22,34,SYNTHETIC TRAINING TEXT. Archive shelf 22:34 contains three folders.
22,35,SYNTHETIC TRAINING TEXT. Archive shelf 22:35 contains three folders.
22,36,SYNTHETIC TRAINING TEXT. Archive shelf 22:36 contains three folders.
22,37,SYNTHETIC TRAINING TEXT. Archive shelf 22:37 contains three folders.
22,38,SYNTHETIC TRAINING TEXT. Archive shelf 22:38 contains three folders.
22,39,SYNTHETIC TRAINING TEXT. Archive shelf 22:39 contains three folders.
22,40,SYNTHETIC TRAINING TEXT. Archive shelf 22:40 contains three folders.
22,41,SYNTHETIC TRAINING TEXT. Archive shelf 22:41 contains three folders.
22,42,SYNTHETIC TRAINING TEXT. Archive shelf 22:42 contains three folders.
22,43,SYNTHETIC TRAINING TEXT. Archive shelf 22:43 contains three folders.
22,44,SYNTHETIC TRAINING TEXT. Archive shelf 22:44 contains three folders.
22,45,SYNTHETIC TRAINING TEXT. Archive shelf 22:45 contains three folders.
22,46,SYNTHETIC TRAINING TEXT. Archive shelf 22:46 contains three folders.
22,47,SYNTHETIC TRAINING TEXT. Archive shelf 22:47 contains three folders.
22,48,SYNTHETIC TRAINING TEXT. Archive shelf 22:48 contains three folders.
22,49,SYNTHETIC TRAINING TEXT. Archive shelf 22:49 contains three folders.
22,50,SYNTHETIC TRAINING TEXT. Archive shelf 22:50 contains three folders.
22,51,SYNTHETIC TRAINING TEXT. Archive shelf 22:51 contains three folders.
22,52,SYNTHETIC TRAINING TEXT. Archive shelf 22:52 contains three folders.
22,53,SYNTHETIC TRAINING TEXT. Archive shelf 22:53 contains three folders.
22,54,SYNTHETIC TRAINING TEXT. Archive shelf 22:54 contains three folders.
22,55,SYNTHETIC TRAINING TEXT. Archive shelf 22:55 contains three folders.
22,56,SYNTHETIC TRAINING TEXT. Archive shelf 22:56 contains three folders.
22,57,SYNTHETIC TRAINING TEXT. Archive shelf 22:57 contains three folders.
22,58,SYNTHETIC TRAINING TEXT. Archive shelf 22:58 contains three folders.
22,59,SYNTHETIC TRAINING TEXT. Archive shelf 22:59 contains three folders.
22,60,SYNTHETIC TRAINING TEXT. Archive shelf 22:60 contains three folders.
22,61,SYNTHETIC TRAINING TEXT. Archive shelf 22:61 contains three folders.
22,62,SYNTHETIC TRAINING TEXT. Archive shelf 22:62 contains three folders.
22,63,SYNTHETIC TRAINING TEXT. Archive shelf 22:63 contains three folders.
22,64,SYNTHETIC TRAINING TEXT. Archive shelf 22:64 contains three folders.
22,65,SYNTHETIC TRAINING TEXT. Archive shelf 22:65 contains three folders.
22,66,SYNTHETIC TRAINING TEXT. Archive shelf 22:66 contains three folders.
22,67,SYNTHETIC TRAINING TEXT. Archive shelf 22:67 contains three folders.
22,68,SYNTHETIC TRAINING TEXT. Archive shelf 22:68 contains three folders.
22,69,SYNTHETIC TRAINING TEXT. Archive shelf 22:69 contains three folders.
22,70,SYNTHETIC TRAINING TEXT. Archive shelf 22:70 contains three folders.
22,71,SYNTHETIC TRAINING TEXT. Archive shelf 22:71 contains three folders.
22,72,SYNTHETIC TRAINING TEXT. Archive shelf 22:72 contains three folders.
22,73,SYNTHETIC TRAINING TEXT. Archive shelf 22:73 contains three folders.
22,74,SYNTHETIC TRAINING TEXT. Archive shelf 22:74 contains three folders.
22,75,SYNTHETIC TRAINING TEXT. Archive shelf 22:75 contains three folders.
22,76,SYNTHETIC TRAINING TEXT. Archive shelf 22:76 contains three folders.
22,77,SYNTHETIC TRAINING TEXT. Archive shelf 22:77 contains three folders.
22,78,SYNTHETIC TRAINING TEXT. Archive shelf 22:78 contains three folders.
23,1,SYNTHETIC TRAINING TEXT. Archive shelf 23:1 contains three folders.
23,2,SYNTHETIC TRAINING TEXT. Archive shelf 23:2 contains three folders.
23,3,SYNTHETIC TRAINING TEXT. Archive shelf 23:3 contains three folders.
23,4,SYNTHETIC TRAINING TEXT. Archive shelf 23:4 contains three folders.
23,5,SYNTHETIC TRAINING TEXT. Archive shelf 23:5 contains three folders.
23,6,SYNTHETIC TRAINING TEXT. Archive shelf 23:6 contains three folders.
23,7,SYNTHETIC TRAINING TEXT. Archive shelf 23:7 contains three folders.
23,8,SYNTHETIC TRAINING TEXT. Archive shelf 23:8 contains three folders.
23,9,SYNTHETIC TRAINING TEXT. Archive shelf 23:9 contains three folders.
23,10,SYNTHETIC TRAINING TEXT. Archive shelf 23:10 contains three folders.
23,11,SYNTHETIC TRAINING TEXT. Archive shelf 23:11 contains three folders.
23,12,SYNTHETIC TRAINING TEXT. Archive shelf 23:12 contains three folders.
23,13,SYNTHETIC TRAINING TEXT. Archive shelf 23:13 contains three folders.
23,14,SYNTHETIC TRAINING TEXT. Archive shelf 23:14 contains three folders.
23,15,SYNTHETIC TRAINING TEXT. Archive shelf 23:15 contains three folders.
23,16,SYNTHETIC TRAINING TEXT. Archive shelf 23:16 contains three folders.
23,17,SYNTHETIC TRAINING TEXT. Archive shelf 23:17 contains three folders.
23,18,SYNTHETIC TRAINING TEXT. Archive shelf 23:18 contains three folders.
23,19,SYNTHETIC TRAINING TEXT. Archive shelf 23:19 contains three folders.
23,20,SYNTHETIC TRAINING TEXT. Archive shelf 23:20 contains three folders.
23,21,SYNTHETIC TRAINING TEXT. Archive shelf 23:21 contains three folders.
23,22,SYNTHETIC TRAINING TEXT. Archive shelf 23:22 contains three folders.
23,23,SYNTHETIC TRAINING TEXT. Archive shelf 23:23 contains three folders.
23,24,SYNTHETIC TRAINING TEXT. Archive shelf 23:24 contains three folders.
23,25,SYNTHETIC TRAINING TEXT. Archive shelf 23:25 contains three folders.
23,26,SYNTHETIC TRAINING TEXT. Archive shelf 23:26 contains three folders.
23,27,SYNTHETIC TRAINING TEXT. Archive shelf 23:27 contains three folders.
23,28,SYNTHETIC TRAINING TEXT. Archive shelf 23:28 contains three folders.
23,29,SYNTHETIC TRAINING TEXT. Archive shelf 23:29 contains three folders.
23,30,SYNTHETIC TRAINING TEXT. Archive shelf 23:30 contains three folders.
23,31,SYNTHETIC TRAINING TEXT. Archive shelf 23:31 contains three folders.
23,32,SYNTHETIC TRAINING TEXT. Archive shelf 23:32 contains three folders.
23,33,SYNTHETIC TRAINING TEXT. Archive shelf 23:33 contains three folders.
23,34,SYNTHETIC TRAINING TEXT. Archive shelf 23:34 contains three folders.
23,35,SYNTHETIC TRAINING TEXT. Archive shelf 23:35 contains three folders.
23,36,SYNTHETIC TRAINING TEXT. Archive shelf 23:36 contains three folders.
23,37,SYNTHETIC TRAINING TEXT. Archive shelf 23:37 contains three folders.
23,38,SYNTHETIC TRAINING TEXT. Archive shelf 23:38 contains three folders.
23,39,SYNTHETIC TRAINING TEXT. Archive shelf 23:39 contains three folders.
23,40,SYNTHETIC TRAINING TEXT. Archive shelf 23:40 contains three folders.
23,41,SYNTHETIC TRAINING TEXT. Archive shelf 23:41 contains three folders.
23,42,SYNTHETIC TRAINING TEXT. Archive shelf 23:42 contains three folders.
23,43,SYNTHETIC TRAINING TEXT. Archive shelf 23:43 contains three folders.
23,44,SYNTHETIC TRAINING TEXT. Archive shelf 23:44 contains three folders.
23,45,SYNTHETIC TRAINING TEXT. Archive shelf 23:45 contains three folders.
23,46,SYNTHETIC TRAINING TEXT. Archive shelf 23:46 contains three folders.
23,47,SYNTHETIC TRAINING TEXT. Archive shelf 23:47 contains three folders.
23,48,SYNTHETIC TRAINING TEXT. Archive shelf 23:48 contains three folders.
23,49,SYNTHETIC TRAINING TEXT. Archive shelf 23:49 contains three folders.
23,50,SYNTHETIC TRAINING TEXT. Archive shelf 23:50 contains three folders.
23,51,SYNTHETIC TRAINING TEXT. Archive shelf 23:51 contains three folders.
23,52,SYNTHETIC TRAINING TEXT. Archive shelf 23:52 contains three folders.
23,53,SYNTHETIC TRAINING TEXT. Archive shelf 23:53 contains three folders.
23,54,SYNTHETIC TRAINING TEXT. Archive shelf 23:54 contains three folders.
23,55,SYNTHETIC TRAINING TEXT. Archive shelf 23:55 contains three folders.
23,56,SYNTHETIC TRAINING TEXT. Archive shelf 23:56 contains three folders.
23,57,SYNTHETIC TRAINING TEXT. Archive shelf 23:57 contains three folders.
23,58,SYNTHETIC TRAINING TEXT. Archive shelf 23:58 contains three folders.
23,59,SYNTHETIC TRAINING TEXT. Archive shelf 23:59 contains three folders.
23,60,SYNTHETIC TRAINING TEXT. Archive shelf 23:60 contains three folders.
23,61,SYNTHETIC TRAINING TEXT. Archive shelf 23:61 contains three folders.
23,62,SYNTHETIC TRAINING TEXT. Archive shelf 23:62 contains three folders.
23,63,SYNTHETIC TRAINING TEXT. Archive shelf 23:63 contains three folders.
23,64,SYNTHETIC TRAINING TEXT. Archive shelf 23:64 contains three folders.
23,65,SYNTHETIC TRAINING TEXT. Archive shelf 23:65 contains three folders.
23,66,SYNTHETIC TRAINING TEXT. Archive shelf 23:66 contains three folders.
23,67,SYNTHETIC TRAINING TEXT. Archive shelf 23:67 contains three folders.
23,68,SYNTHETIC TRAINING TEXT. Archive shelf 23:68 contains three folders.
23,69,SYNTHETIC TRAINING TEXT. Archive shelf 23:69 contains three folders.
23,70,SYNTHETIC TRAINING TEXT. Archive shelf 23:70 contains three folders.
23,71,SYNTHETIC TRAINING TEXT. Archive shelf 23:71 contains three folders.
23,72,SYNTHETIC TRAINING TEXT. Archive shelf 23:72 contains three folders.
23,73,SYNTHETIC TRAINING TEXT. Archive shelf 23:73 contains three folders.
23,74,SYNTHETIC TRAINING TEXT. Archive shelf 23:74 contains three folders.
23,75,SYNTHETIC TRAINING TEXT. Archive shelf 23:75 contains three folders.
23,76,SYNTHETIC TRAINING TEXT. Archive shelf 23:76 contains three folders.
23,77,SYNTHETIC TRAINING TEXT. Archive shelf 23:77 contains three folders.
23,78,SYNTHETIC TRAINING TEXT. Archive shelf 23:78 contains three folders.
23,79,SYNTHETIC TRAINING TEXT. Archive shelf 23:79 contains three folders.
23,80,SYNTHETIC TRAINING TEXT. Archive shelf 23:80 contains three folders.
23,81,SYNTHETIC TRAINING TEXT. Archive shelf 23:81 contains three folders.
23,82,SYNTHETIC TRAINING TEXT. Archive shelf 23:82 contains three folders.
23,83,SYNTHETIC TRAINING TEXT. Archive shelf 23:83 contains three folders.
23,84,SYNTHETIC TRAINING TEXT. Archive shelf 23:84 contains three folders.
23,85,SYNTHETIC TRAINING TEXT. Archive shelf 23:85 contains three folders.
23,86,SYNTHETIC TRAINING TEXT. Archive shelf 23:86 contains three folders.
23,87,SYNTHETIC TRAINING TEXT. Archive shelf 23:87 contains three folders.
23,88,SYNTHETIC TRAINING TEXT. Archive shelf 23:88 contains three folders.
23,89,SYNTHETIC TRAINING TEXT. Archive shelf 23:89 contains three folders.
23,90,SYNTHETIC TRAINING TEXT. Archive shelf 23:90 contains three folders.
23,91,SYNTHETIC TRAINING TEXT. Archive shelf 23:91 contains three folders.
23,92,SYNTHETIC TRAINING TEXT. Archive shelf 23:92 contains three folders.
23,93,SYNTHETIC TRAINING TEXT. Archive shelf 23:93 contains three folders.
23,94,SYNTHETIC TRAINING TEXT. Archive shelf 23:94 contains three folders.
23,95,SYNTHETIC TRAINING TEXT. Archive shelf 23:95 contains three folders.
23,96,SYNTHETIC TRAINING TEXT. Archive shelf 23:96 contains three folders.
23,97,SYNTHETIC TRAINING TEXT. Archive shelf 23:97 contains three folders.
23,98,SYNTHETIC TRAINING TEXT. Archive shelf 23:98 contains three folders.
23,99,SYNTHETIC TRAINING TEXT. Archive shelf 23:99 contains three folders.
23,100,SYNTHETIC TRAINING TEXT. Archive shelf 23:100 contains three folders.
23,101,SYNTHETIC TRAINING TEXT. Archive shelf 23:101 contains three folders.
23,102,SYNTHETIC TRAINING TEXT. Archive shelf 23:102 contains three folders.
23,103,SYNTHETIC TRAINING TEXT. Archive shelf 23:103 contains three folders.
23,104,SYNTHETIC TRAINING TEXT. Archive shelf 23:104 contains three folders.
23,105,SYNTHETIC TRAINING TEXT. Archive shelf 23:105 contains three folders.
23,106,SYNTHETIC TRAINING TEXT. Archive shelf 23:106 contains three folders.
23,107,SYNTHETIC TRAINING TEXT. Archive shelf 23:107 contains three folders.
23,108,SYNTHETIC TRAINING TEXT. Archive shelf 23:108 contains three folders.
23,109,SYNTHETIC TRAINING TEXT. Archive shelf 23:109 contains three folders.
23,110,SYNTHETIC TRAINING TEXT. Archive shelf 23:110 contains three folders.
23,111,SYNTHETIC TRAINING TEXT. Archive shelf 23:111 contains three folders.
23,112,SYNTHETIC TRAINING TEXT. Archive shelf 23:112 contains three folders.
23,113,SYNTHETIC TRAINING TEXT. Archive shelf 23:113 contains three folders.
23,114,SYNTHETIC TRAINING TEXT. Archive shelf 23:114 contains three folders.
23,115,SYNTHETIC TRAINING TEXT. Archive shelf 23:115 contains three folders.
23,116,SYNTHETIC TRAINING TEXT. Archive shelf 23:116 contains three folders.
23,117,SYNTHETIC TRAINING TEXT. Archive shelf 23:117 contains three folders.
23,118,SYNTHETIC TRAINING TEXT. Archive shelf 23:118 contains three folders.
24,1,SYNTHETIC TRAINING TEXT. Archive shelf 24:1 contains three folders.
24,2,SYNTHETIC TRAINING TEXT. Archive shelf 24:2 contains three folders.
24,3,SYNTHETIC TRAINING TEXT. Archive shelf 24:3 contains three folders.
24,4,SYNTHETIC TRAINING TEXT. Archive shelf 24:4 contains three folders.
24,5,SYNTHETIC TRAINING TEXT. Archive shelf 24:5 contains three folders.
24,6,SYNTHETIC TRAINING TEXT. Archive shelf 24:6 contains three folders.
24,7,SYNTHETIC TRAINING TEXT. Archive shelf 24:7 contains three folders.
24,8,SYNTHETIC TRAINING TEXT. Archive shelf 24:8 contains three folders.
24,9,SYNTHETIC TRAINING TEXT. Archive shelf 24:9 contains three folders.
24,10,SYNTHETIC TRAINING TEXT. Archive shelf 24:10 contains three folders.
24,11,SYNTHETIC TRAINING TEXT. Archive shelf 24:11 contains three folders.
24,12,SYNTHETIC TRAINING TEXT. Archive shelf 24:12 contains three folders.
24,13,SYNTHETIC TRAINING TEXT. Archive shelf 24:13 contains three folders.
24,14,SYNTHETIC TRAINING TEXT. Archive shelf 24:14 contains three folders.
24,15,SYNTHETIC TRAINING TEXT. Archive shelf 24:15 contains three folders.
24,16,SYNTHETIC TRAINING TEXT. Archive shelf 24:16 contains three folders.
24,17,SYNTHETIC TRAINING TEXT. Archive shelf 24:17 contains three folders.
24,18,SYNTHETIC TRAINING TEXT. Archive shelf 24:18 contains three folders.
24,19,SYNTHETIC TRAINING TEXT. Archive shelf 24:19 contains three folders.
24,20,SYNTHETIC TRAINING TEXT. Archive shelf 24:20 contains three folders.
24,21,SYNTHETIC TRAINING TEXT. Archive shelf 24:21 contains three folders.
24,22,SYNTHETIC TRAINING TEXT. Archive shelf 24:22 contains three folders.
24,23,SYNTHETIC TRAINING TEXT. Archive shelf 24:23 contains three folders.
24,24,SYNTHETIC TRAINING TEXT. Archive shelf 24:24 contains three folders.
24,25,SYNTHETIC TRAINING TEXT. Archive shelf 24:25 contains three folders.
24,26,SYNTHETIC TRAINING TEXT. Archive shelf 24:26 contains three folders.
24,27,SYNTHETIC TRAINING TEXT. Archive shelf 24:27 contains three folders.
24,28,SYNTHETIC TRAINING TEXT. Archive shelf 24:28 contains three folders.
24,29,SYNTHETIC TRAINING TEXT. Archive shelf 24:29 contains three folders.
24,30,SYNTHETIC TRAINING TEXT. Archive shelf 24:30 contains three folders.
24,31,SYNTHETIC TRAINING TEXT. Archive shelf 24:31 contains three folders.
24,32,SYNTHETIC TRAINING TEXT. Archive shelf 24:32 contains three folders.
24,33,SYNTHETIC TRAINING TEXT. Archive shelf 24:33 contains three folders.
24,34,SYNTHETIC TRAINING TEXT. Archive shelf 24:34 contains three folders.
24,35,SYNTHETIC TRAINING TEXT. Archive shelf 24:35 contains three folders.
24,36,SYNTHETIC TRAINING TEXT. Archive shelf 24:36 contains three folders.
24,37,SYNTHETIC TRAINING TEXT. Archive shelf 24:37 contains three folders.
24,38,SYNTHETIC TRAINING TEXT. Archive shelf 24:38 contains three folders.
24,39,SYNTHETIC TRAINING TEXT. Archive shelf 24:39 contains three folders.
24,40,SYNTHETIC TRAINING TEXT. Archive shelf 24:40 contains three folders.
24,41,SYNTHETIC TRAINING TEXT. Archive shelf 24:41 contains three folders.
24,42,SYNTHETIC TRAINING TEXT. Archive shelf 24:42 contains three folders.
24,43,SYNTHETIC TRAINING TEXT. Archive shelf 24:43 contains three folders.
24,44,SYNTHETIC TRAINING TEXT. Archive shelf 24:44 contains three folders.
24,45,SYNTHETIC TRAINING TEXT. Archive shelf 24:45 contains three folders.
24,46,SYNTHETIC TRAINING TEXT. Archive shelf 24:46 contains three folders.
24,47,SYNTHETIC TRAINING TEXT. Archive shelf 24:47 contains three folders.
24,48,SYNTHETIC TRAINING TEXT. Archive shelf 24:48 contains three folders.
24,49,SYNTHETIC TRAINING TEXT. Archive shelf 24:49 contains three folders.
24,50,SYNTHETIC TRAINING TEXT. Archive shelf 24:50 contains three folders.
24,51,SYNTHETIC TRAINING TEXT. Archive shelf 24:51 contains three folders.
24,52,SYNTHETIC TRAINING TEXT. Archive shelf 24:52 contains three folders.
24,53,SYNTHETIC TRAINING TEXT. Archive shelf 24:53 contains three folders.
24,54,SYNTHETIC TRAINING TEXT. Archive shelf 24:54 contains three folders.
24,55,SYNTHETIC TRAINING TEXT. Archive shelf 24:55 contains three folders.
24,56,SYNTHETIC TRAINING TEXT. Archive shelf 24:56 contains three folders.
24,57,SYNTHETIC TRAINING TEXT. Archive shelf 24:57 contains three folders.
24,58,SYNTHETIC TRAINING TEXT. Archive shelf 24:58 contains three folders.
24,59,SYNTHETIC TRAINING TEXT. Archive shelf 24:59 contains three folders.
24,60,SYNTHETIC TRAINING TEXT. Archive shelf 24:60 contains three folders.
24,61,SYNTHETIC TRAINING TEXT. Archive shelf 24:61 contains three folders.
24,62,SYNTHETIC TRAINING TEXT. Archive shelf 24:62 contains three folders.
24,63,SYNTHETIC TRAINING TEXT. Archive shelf 24:63 contains three folders.
24,64,SYNTHETIC TRAINING TEXT. Archive shelf 24:64 contains three folders.
25,1,SYNTHETIC TRAINING TEXT. Archive shelf 25:1 contains three folders.
25,2,SYNTHETIC TRAINING TEXT. Archive shelf 25:2 contains three folders.
25,3,SYNTHETIC TRAINING TEXT. Archive shelf 25:3 contains three folders.
25,4,SYNTHETIC TRAINING TEXT. Archive shelf 25:4 contains three folders.
25,5,SYNTHETIC TRAINING TEXT. Archive shelf 25:5 contains three folders.
25,6,SYNTHETIC TRAINING TEXT. Archive shelf 25:6 contains three folders.
25,7,SYNTHETIC TRAINING TEXT. Archive shelf 25:7 contains three folders.
25,8,SYNTHETIC TRAINING TEXT. Archive shelf 25:8 contains three folders.
25,9,SYNTHETIC TRAINING TEXT. Archive shelf 25:9 contains three folders.
25,10,SYNTHETIC TRAINING TEXT. Archive shelf 25:10 contains three folders.
25,11,SYNTHETIC TRAINING TEXT. Archive shelf 25:11 contains three folders.
25,12,SYNTHETIC TRAINING TEXT. Archive shelf 25:12 contains three folders.
25,13,SYNTHETIC TRAINING TEXT. Archive shelf 25:13 contains three folders.
25,14,SYNTHETIC TRAINING TEXT. Archive shelf 25:14 contains three folders.
25,15,SYNTHETIC TRAINING TEXT. Archive shelf 25:15 contains three folders.
25,16,SYNTHETIC TRAINING TEXT. Archive shelf 25:16 contains three folders.
25,17,SYNTHETIC TRAINING TEXT. Archive shelf 25:17 contains three folders.
25,18,SYNTHETIC TRAINING TEXT. Archive shelf 25:18 contains three folders.
25,19,SYNTHETIC TRAINING TEXT. Archive shelf 25:19 contains three folders.
25,20,SYNTHETIC TRAINING TEXT. Archive shelf 25:20 contains three folders.
25,21,SYNTHETIC TRAINING TEXT. Archive shelf 25:21 contains three folders.
25,22,SYNTHETIC TRAINING TEXT. Archive shelf 25:22 contains three folders.
25,23,SYNTHETIC TRAINING TEXT. Archive shelf 25:23 contains three folders.
25,24,SYNTHETIC TRAINING TEXT. Archive shelf 25:24 contains three folders.
25,25,SYNTHETIC TRAINING TEXT. Archive shelf 25:25 contains three folders.
25,26,SYNTHETIC TRAINING TEXT. Archive shelf 25:26 contains three folders.
25,27,SYNTHETIC TRAINING TEXT. Archive shelf 25:27 contains three folders.
25,28,SYNTHETIC TRAINING TEXT. Archive shelf 25:28 contains three folders.
25,29,SYNTHETIC TRAINING TEXT. Archive shelf 25:29 contains three folders.
25,30,SYNTHETIC TRAINING TEXT. Archive shelf 25:30 contains three folders.
25,31,SYNTHETIC TRAINING TEXT. Archive shelf 25:31 contains three folders.
25,32,SYNTHETIC TRAINING TEXT. Archive shelf 25:32 contains three folders.
25,33,SYNTHETIC TRAINING TEXT. Archive shelf 25:33 contains three folders.
25,34,SYNTHETIC TRAINING TEXT. Archive shelf 25:34 contains three folders.
25,35,SYNTHETIC TRAINING TEXT. Archive shelf 25:35 contains three folders.
25,36,SYNTHETIC TRAINING TEXT. Archive shelf 25:36 contains three folders.
25,37,SYNTHETIC TRAINING TEXT. Archive shelf 25:37 contains three folders.
25,38,SYNTHETIC TRAINING TEXT. Archive shelf 25:38 contains three folders.
25,39,SYNTHETIC TRAINING TEXT. Archive shelf 25:39 contains three folders.
25,40,SYNTHETIC TRAINING TEXT. Archive shelf 25:40 contains three folders.
25,41,SYNTHETIC TRAINING TEXT. Archive shelf 25:41 contains three folders.
25,42,SYNTHETIC TRAINING TEXT. Archive shelf 25:42 contains three folders.
25,43,SYNTHETIC TRAINING TEXT. Archive shelf 25:43 contains three folders.
25,44,SYNTHETIC TRAINING TEXT. Archive shelf 25:44 contains three folders.
25,45,SYNTHETIC TRAINING TEXT. Archive shelf 25:45 contains three folders.
25,46,SYNTHETIC TRAINING TEXT. Archive shelf 25:46 contains three folders.
25,47,SYNTHETIC TRAINING TEXT. Archive shelf 25:47 contains three folders.
25,48,SYNTHETIC TRAINING TEXT. Archive shelf 25:48 contains three folders.
25,49,SYNTHETIC TRAINING TEXT. Archive shelf 25:49 contains three folders.
25,50,SYNTHETIC TRAINING TEXT. Archive shelf 25:50 contains three folders.
25,51,SYNTHETIC TRAINING TEXT. Archive shelf 25:51 contains three folders.
25,52,SYNTHETIC TRAINING TEXT. Archive shelf 25:52 contains three folders.
25,53,SYNTHETIC TRAINING TEXT. Archive shelf 25:53 contains three folders.
25,54,SYNTHETIC TRAINING TEXT. Archive shelf 25:54 contains three folders.
25,55,SYNTHETIC TRAINING TEXT. Archive shelf 25:55 contains three folders.
25,56,SYNTHETIC TRAINING TEXT. Archive shelf 25:56 contains three folders.
25,57,SYNTHETIC TRAINING TEXT. Archive shelf 25:57 contains three folders.
25,58,SYNTHETIC TRAINING TEXT. Archive shelf 25:58 contains three folders.
25,59,SYNTHETIC TRAINING TEXT. Archive shelf 25:59 contains three folders.
25,60,SYNTHETIC TRAINING TEXT. Archive shelf 25:60 contains three folders.
25,61,SYNTHETIC TRAINING TEXT. Archive shelf 25:61 contains three folders.
25,62,SYNTHETIC TRAINING TEXT. Archive shelf 25:62 contains three folders.
25,63,SYNTHETIC TRAINING TEXT. Archive shelf 25:63 contains three folders.
25,64,SYNTHETIC TRAINING TEXT. Archive shelf 25:64 contains three folders.
25,65,SYNTHETIC TRAINING TEXT. Archive shelf 25:65 contains three folders.
25,66,SYNTHETIC TRAINING TEXT. Archive shelf 25:66 contains three folders.
25,67,SYNTHETIC TRAINING TEXT. Archive shelf 25:67 contains three folders.
25,68,SYNTHETIC TRAINING TEXT. Archive shelf 25:68 contains three folders.
25,69,SYNTHETIC TRAINING TEXT. Archive shelf 25:69 contains three folders.
25,70,SYNTHETIC TRAINING TEXT. Archive shelf 25:70 contains three folders.
25,71,SYNTHETIC TRAINING TEXT. Archive shelf 25:71 contains three folders.
25,72,SYNTHETIC TRAINING TEXT. Archive shelf 25:72 contains three folders.
25,73,SYNTHETIC TRAINING TEXT. Archive shelf 25:73 contains three folders.
25,74,SYNTHETIC TRAINING TEXT. Archive shelf 25:74 contains three folders.
25,75,SYNTHETIC TRAINING TEXT. Archive shelf 25:75 contains three folders.
25,76,SYNTHETIC TRAINING TEXT. Archive shelf 25:76 contains three folders.
25,77,SYNTHETIC TRAINING TEXT. Archive shelf 25:77 contains three folders.
26,1,SYNTHETIC TRAINING TEXT. Archive shelf 26:1 contains three folders.
26,2,SYNTHETIC TRAINING TEXT. Archive shelf 26:2 contains three folders.
26,3,SYNTHETIC TRAINING TEXT. Archive shelf 26:3 contains three folders.
26,4,SYNTHETIC TRAINING TEXT. Archive shelf 26:4 contains three folders.
26,5,SYNTHETIC TRAINING TEXT. Archive shelf 26:5 contains three folders.
26,6,SYNTHETIC TRAINING TEXT. Archive shelf 26:6 contains three folders.
26,7,SYNTHETIC TRAINING TEXT. Archive shelf 26:7 contains three folders.
26,8,SYNTHETIC TRAINING TEXT. Archive shelf 26:8 contains three folders.
26,9,SYNTHETIC TRAINING TEXT. Archive shelf 26:9 contains three folders.
26,10,SYNTHETIC TRAINING TEXT. Archive shelf 26:10 contains three folders.
26,11,SYNTHETIC TRAINING TEXT. Archive shelf 26:11 contains three folders.
26,12,SYNTHETIC TRAINING TEXT. Archive shelf 26:12 contains three folders.
26,13,SYNTHETIC TRAINING TEXT. Archive shelf 26:13 contains three folders.
26,14,SYNTHETIC TRAINING TEXT. Archive shelf 26:14 contains three folders.
26,15,SYNTHETIC TRAINING TEXT. Archive shelf 26:15 contains three folders.
26,16,SYNTHETIC TRAINING TEXT. Archive shelf 26:16 contains three folders.
26,17,SYNTHETIC TRAINING TEXT. Archive shelf 26:17 contains three folders.
26,18,SYNTHETIC TRAINING TEXT. Archive shelf 26:18 contains three folders.
26,19,SYNTHETIC TRAINING TEXT. Archive shelf 26:19 contains three folders.
26,20,SYNTHETIC TRAINING TEXT. Archive shelf 26:20 contains three folders.
26,21,SYNTHETIC TRAINING TEXT. Archive shelf 26:21 contains three folders.
26,22,SYNTHETIC TRAINING TEXT. Archive shelf 26:22 contains three folders.
26,23,SYNTHETIC TRAINING TEXT. Archive shelf 26:23 contains three folders.
26,24,SYNTHETIC TRAINING TEXT. Archive shelf 26:24 contains three folders.
26,25,SYNTHETIC TRAINING TEXT. Archive shelf 26:25 contains three folders.
26,26,SYNTHETIC TRAINING TEXT. Archive shelf 26:26 contains three folders.
26,27,SYNTHETIC TRAINING TEXT. Archive shelf 26:27 contains three folders.
26,28,SYNTHETIC TRAINING TEXT. Archive shelf 26:28 contains three folders.
26,29,SYNTHETIC TRAINING TEXT. Archive shelf 26:29 contains three folders.
26,30,SYNTHETIC TRAINING TEXT. Archive shelf 26:30 contains three folders.
26,31,SYNTHETIC TRAINING TEXT. Archive shelf 26:31 contains three folders.
26,32,SYNTHETIC TRAINING TEXT. Archive shelf 26:32 contains three folders.
26,33,SYNTHETIC TRAINING TEXT. Archive shelf 26:33 contains three folders.
26,34,SYNTHETIC TRAINING TEXT. Archive shelf 26:34 contains three folders.
26,35,SYNTHETIC TRAINING TEXT. Archive shelf 26:35 contains three folders.
26,36,SYNTHETIC TRAINING TEXT. Archive shelf 26:36 contains three folders.
26,37,SYNTHETIC TRAINING TEXT. Archive shelf 26:37 contains three folders.
26,38,SYNTHETIC TRAINING TEXT. Archive shelf 26:38 contains three folders.
26,39,SYNTHETIC TRAINING TEXT. Archive shelf 26:39 contains three folders.
26,40,SYNTHETIC TRAINING TEXT. Archive shelf 26:40 contains three folders.
26,41,SYNTHETIC TRAINING TEXT. Archive shelf 26:41 contains three folders.
26,42,SYNTHETIC TRAINING TEXT. Archive shelf 26:42 contains three folders.
26,43,SYNTHETIC TRAINING TEXT. Archive shelf 26:43 contains three folders.
26,44,SYNTHETIC TRAINING TEXT. Archive shelf 26:44 contains three folders.
26,45,SYNTHETIC TRAINING TEXT. Archive shelf 26:45 contains three folders.
26,46,SYNTHETIC TRAINING TEXT. Archive shelf 26:46 contains three folders.
26,47,SYNTHETIC TRAINING TEXT. Archive shelf 26:47 contains three folders.
26,48,SYNTHETIC TRAINING TEXT. Archive shelf 26:48 contains three folders.
26,49,SYNTHETIC TRAINING TEXT. Archive shelf 26:49 contains three folders.
26,50,SYNTHETIC TRAINING TEXT. Archive shelf 26:50 contains three folders.
26,51,SYNTHETIC TRAINING TEXT. Archive shelf 26:51 contains three folders.
26,52,SYNTHETIC TRAINING TEXT. Archive shelf 26:52 contains three folders.
26,53,SYNTHETIC TRAINING TEXT. Archive shelf 26:53 contains three folders.
26,54,SYNTHETIC TRAINING TEXT. Archive shelf 26:54 contains three folders.
26,55,SYNTHETIC TRAINING TEXT. Archive shelf 26:55 contains three folders.
26,56,SYNTHETIC TRAINING TEXT. Archive shelf 26:56 contains three folders.
26,57,SYNTHETIC TRAINING TEXT. Archive shelf 26:57 contains three folders.
26,58,SYNTHETIC TRAINING TEXT. Archive shelf 26:58 contains three folders.
26,59,SYNTHETIC TRAINING TEXT. Archive shelf 26:59 contains three folders.
26,60,SYNTHETIC TRAINING TEXT. Archive shelf 26:60 contains three folders.
26,61,SYNTHETIC TRAINING TEXT. Archive shelf 26:61 contains three folders.
26,62,SYNTHETIC TRAINING TEXT. Archive shelf 26:62 contains three folders.
26,63,SYNTHETIC TRAINING TEXT. Archive shelf 26:63 contains three folders.
26,64,SYNTHETIC TRAINING TEXT. Archive shelf 26:64 contains three folders.
26,65,SYNTHETIC TRAINING TEXT. Archive shelf 26:65 contains three folders.
26,66,SYNTHETIC TRAINING TEXT. Archive shelf 26:66 contains three folders.
26,67,SYNTHETIC TRAINING TEXT. Archive shelf 26:67 contains three folders.
26,68,SYNTHETIC TRAINING TEXT. Archive shelf 26:68 contains three folders.
26,69,SYNTHETIC TRAINING TEXT. Archive shelf 26:69 contains three folders.
26,70,SYNTHETIC TRAINING TEXT. Archive shelf 26:70 contains three folders.
26,71,SYNTHETIC TRAINING TEXT. Archive shelf 26:71 contains three folders.
26,72,SYNTHETIC TRAINING TEXT. Archive shelf 26:72 contains three folders.
26,73,SYNTHETIC TRAINING TEXT. Archive shelf 26:73 contains three folders.
26,74,SYNTHETIC TRAINING TEXT. Archive shelf 26:74 contains three folders.
26,75,SYNTHETIC TRAINING TEXT. Archive shelf 26:75 contains three folders.
26,76,SYNTHETIC TRAINING TEXT. Archive shelf 26:76 contains three folders.
26,77,SYNTHETIC TRAINING TEXT. Archive shelf 26:77 contains three folders.
26,78,SYNTHETIC TRAINING TEXT. Archive shelf 26:78 contains three folders.
26,79,SYNTHETIC TRAINING TEXT. Archive shelf 26:79 contains three folders.
26,80,SYNTHETIC TRAINING TEXT. Archive shelf 26:80 contains three folders.
26,81,SYNTHETIC TRAINING TEXT. Archive shelf 26:81 contains three folders.
26,82,SYNTHETIC TRAINING TEXT. Archive shelf 26:82 contains three folders.
26,83,SYNTHETIC TRAINING TEXT. Archive shelf 26:83 contains three folders.
26,84,SYNTHETIC TRAINING TEXT. Archive shelf 26:84 contains three folders.
26,85,SYNTHETIC TRAINING TEXT. Archive shelf 26:85 contains three folders.
26,86,SYNTHETIC TRAINING TEXT. Archive shelf 26:86 contains three folders.
26,87,SYNTHETIC TRAINING TEXT. Archive shelf 26:87 contains three folders.
26,88,SYNTHETIC TRAINING TEXT. Archive shelf 26:88 contains three folders.
26,89,SYNTHETIC TRAINING TEXT. Archive shelf 26:89 contains three folders.
26,90,SYNTHETIC TRAINING TEXT. Archive shelf 26:90 contains three folders.
26,91,SYNTHETIC TRAINING TEXT. Archive shelf 26:91 contains three folders.
26,92,SYNTHETIC TRAINING TEXT. Archive shelf 26:92 contains three folders.
26,93,SYNTHETIC TRAINING TEXT. Archive shelf 26:93 contains three folders.
26,94,SYNTHETIC TRAINING TEXT. Archive shelf 26:94 contains three folders.
26,95,SYNTHETIC TRAINING TEXT. Archive shelf 26:95 contains three folders.
26,96,SYNTHETIC TRAINING TEXT. Archive shelf 26:96 contains three folders.
26,97,SYNTHETIC TRAINING TEXT. Archive shelf 26:97 contains three folders.
26,98,SYNTHETIC TRAINING TEXT. Archive shelf 26:98 contains three folders.
26,99,SYNTHETIC TRAINING TEXT. Archive shelf 26:99 contains three folders.
26,100,SYNTHETIC TRAINING TEXT. Archive shelf 26:100 contains three folders.
26,101,SYNTHETIC TRAINING TEXT. Archive shelf 26:101 contains three folders.
26,102,SYNTHETIC TRAINING TEXT. Archive shelf 26:102 contains three folders.
26,103,SYNTHETIC TRAINING TEXT. Archive shelf 26:103 contains three folders.
26,104,SYNTHETIC TRAINING TEXT. Archive shelf 26:104 contains three folders.
26,105,SYNTHETIC TRAINING TEXT. Archive shelf 26:105 contains three folders.
26,106,SYNTHETIC TRAINING TEXT. Archive shelf 26:106 contains three folders.
26,107,SYNTHETIC TRAINING TEXT. Archive shelf 26:107 contains three folders.
26,108,SYNTHETIC TRAINING TEXT. Archive shelf 26:108 contains three folders.
26,109,SYNTHETIC TRAINING TEXT. Archive shelf 26:109 contains three folders.
26,110,SYNTHETIC TRAINING TEXT. Archive shelf 26:110 contains three folders.
26,111,SYNTHETIC TRAINING TEXT. Archive shelf 26:111 contains three folders.
26,112,SYNTHETIC TRAINING TEXT. Archive shelf 26:112 contains three folders.
26,113,SYNTHETIC TRAINING TEXT. Archive shelf 26:113 contains three folders.
26,114,SYNTHETIC TRAINING TEXT. Archive shelf 26:114 contains three folders.
26,115,SYNTHETIC TRAINING TEXT. Archive shelf 26:115 contains three folders.
26,116,SYNTHETIC TRAINING TEXT. Archive shelf 26:116 contains three folders.
26,117,SYNTHETIC TRAINING TEXT. Archive shelf 26:117 contains three folders.
26,118,SYNTHETIC TRAINING TEXT. Archive shelf 26:118 contains three folders.
26,119,SYNTHETIC TRAINING TEXT. Archive shelf 26:119 contains three folders.
26,120,SYNTHETIC TRAINING TEXT. Archive shelf 26:120 contains three folders.
26,121,SYNTHETIC TRAINING TEXT. Archive shelf 26:121 contains three folders.
26,122,SYNTHETIC TRAINING TEXT. Archive shelf 26:122 contains three folders.
26,123,SYNTHETIC TRAINING TEXT. Archive shelf 26:123 contains three folders.
26,124,SYNTHETIC TRAINING TEXT. Archive shelf 26:124 contains three folders.
26,125,SYNTHETIC TRAINING TEXT. Archive shelf 26:125 contains three folders.
26,126,SYNTHETIC TRAINING TEXT. Archive shelf 26:126 contains three folders.
26,127,SYNTHETIC TRAINING TEXT. Archive shelf 26:127 contains three folders.
26,128,SYNTHETIC TRAINING TEXT. Archive shelf 26:128 contains three folders.
26,129,SYNTHETIC TRAINING TEXT. Archive shelf 26:129 contains three folders.
26,130,SYNTHETIC TRAINING TEXT. Archive shelf 26:130 contains three folders.
26,131,SYNTHETIC TRAINING TEXT. Archive shelf 26:131 contains three folders.
26,132,SYNTHETIC TRAINING TEXT. Archive shelf 26:132 contains three folders.
26,133,SYNTHETIC TRAINING TEXT. Archive shelf 26:133 contains three folders.
26,134,SYNTHETIC TRAINING TEXT. Archive shelf 26:134 contains three folders.
26,135,SYNTHETIC TRAINING TEXT. Archive shelf 26:135 contains three folders.
26,136,SYNTHETIC TRAINING TEXT. Archive shelf 26:136 contains three folders.
26,137,SYNTHETIC TRAINING TEXT. Archive shelf 26:137 contains three folders.
26,138,SYNTHETIC TRAINING TEXT. Archive shelf 26:138 contains three folders.
26,139,SYNTHETIC TRAINING TEXT. Archive shelf 26:139 contains three folders.
26,140,SYNTHETIC TRAINING TEXT. Archive shelf 26:140 contains three folders.
26,141,SYNTHETIC TRAINING TEXT. Archive shelf 26:141 contains three folders.
26,142,SYNTHETIC TRAINING TEXT. Archive shelf 26:142 contains three folders.
26,143,SYNTHETIC TRAINING TEXT. Archive shelf 26:143 contains three folders.
26,144,SYNTHETIC TRAINING TEXT. Archive shelf 26:144 contains three folders.
26,145,SYNTHETIC TRAINING TEXT. Archive shelf 26:145 contains three folders.
26,146,SYNTHETIC TRAINING TEXT. Archive shelf 26:146 contains three folders.
26,147,SYNTHETIC TRAINING TEXT. Archive shelf 26:147 contains three folders.
26,148,SYNTHETIC TRAINING TEXT. Archive shelf 26:148 contains three folders.
26,149,SYNTHETIC TRAINING TEXT. Archive shelf 26:149 contains three folders.
26,150,SYNTHETIC TRAINING TEXT. Archive shelf 26:150 contains three folders.
26,151,SYNTHETIC TRAINING TEXT. Archive shelf 26:151 contains three folders.
26,152,SYNTHETIC TRAINING TEXT. Archive shelf 26:152 contains three folders.
26,153,SYNTHETIC TRAINING TEXT. Archive shelf 26:153 contains three folders.
26,154,SYNTHETIC TRAINING TEXT. Archive shelf 26:154 contains three folders.
26,155,SYNTHETIC TRAINING TEXT. Archive shelf 26:155 contains three folders.
26,156,SYNTHETIC TRAINING TEXT. Archive shelf 26:156 contains three folders.
26,157,SYNTHETIC TRAINING TEXT. Archive shelf 26:157 contains three folders.
26,158,SYNTHETIC TRAINING TEXT. Archive shelf 26:158 contains three folders.
26,159,SYNTHETIC TRAINING TEXT. Archive shelf 26:159 contains three folders.
26,160,SYNTHETIC TRAINING TEXT. Archive shelf 26:160 contains three folders.
26,161,SYNTHETIC TRAINING TEXT. Archive shelf 26:161 contains three folders.
26,162,SYNTHETIC TRAINING TEXT. Archive shelf 26:162 contains three folders.
26,163,SYNTHETIC TRAINING TEXT. Archive shelf 26:163 contains three folders.
26,164,SYNTHETIC TRAINING TEXT. Archive shelf 26:164 contains three folders.
26,165,SYNTHETIC TRAINING TEXT. Archive shelf 26:165 contains three folders.
26,166,SYNTHETIC TRAINING TEXT. Archive shelf 26:166 contains three folders.
26,167,SYNTHETIC TRAINING TEXT. Archive shelf 26:167 contains three folders.
26,168,SYNTHETIC TRAINING TEXT. Archive shelf 26:168 contains three folders.
26,169,SYNTHETIC TRAINING TEXT. Archive shelf 26:169 contains three folders.
26,170,SYNTHETIC TRAINING TEXT. Archive shelf 26:170 contains three folders.
26,171,SYNTHETIC TRAINING TEXT. Archive shelf 26:171 contains three folders.
26,172,SYNTHETIC TRAINING TEXT. Archive shelf 26:172 contains three folders.
26,173,SYNTHETIC TRAINING TEXT. Archive shelf 26:173 contains three folders.
26,174,SYNTHETIC TRAINING TEXT. Archive shelf 26:174 contains three folders.
26,175,SYNTHETIC TRAINING TEXT. Archive shelf 26:175 contains three folders.
26,176,SYNTHETIC TRAINING TEXT. Archive shelf 26:176 contains three folders.
26,177,SYNTHETIC TRAINING TEXT. Archive shelf 26:177 contains three folders.
26,178,SYNTHETIC TRAINING TEXT. Archive shelf 26:178 contains three folders.
26,179,SYNTHETIC TRAINING TEXT. Archive shelf 26:179 contains three folders.
26,180,SYNTHETIC TRAINING TEXT. Archive shelf 26:180 contains three folders.
26,181,SYNTHETIC TRAINING TEXT. Archive shelf 26:181 contains three folders.
26,182,SYNTHETIC TRAINING TEXT. Archive shelf 26:182 contains three folders.
26,183,SYNTHETIC TRAINING TEXT. Archive shelf 26:183 contains three folders.
26,184,SYNTHETIC TRAINING TEXT. Archive shelf 26:184 contains three folders.
26,185,SYNTHETIC TRAINING TEXT. Archive shelf 26:185 contains three folders.
26,186,SYNTHETIC TRAINING TEXT. Archive shelf 26:186 contains three folders.
26,187,SYNTHETIC TRAINING TEXT. Archive shelf 26:187 contains three folders.
26,188,SYNTHETIC TRAINING TEXT. Archive shelf 26:188 contains three folders.
26,189,SYNTHETIC TRAINING TEXT. Archive shelf 26:189 contains three folders.
26,190,SYNTHETIC TRAINING TEXT. Archive shelf 26:190 contains three folders.
26,191,SYNTHETIC TRAINING TEXT. Archive shelf 26:191 contains three folders.
26,192,SYNTHETIC TRAINING TEXT. Archive shelf 26:192 contains three folders.
26,193,SYNTHETIC TRAINING TEXT. Archive shelf 26:193 contains three folders.
26,194,SYNTHETIC TRAINING TEXT. Archive shelf 26:194 contains three folders.
26,195,SYNTHETIC TRAINING TEXT. Archive shelf 26:195 contains three folders.
26,196,SYNTHETIC TRAINING TEXT. Archive shelf 26:196 contains three folders.
26,197,SYNTHETIC TRAINING TEXT. Archive shelf 26:197 contains three folders.
26,198,SYNTHETIC TRAINING TEXT. Archive shelf 26:198 contains three folders.
26,199,SYNTHETIC TRAINING TEXT. Archive shelf 26:199 contains three folders.
26,200,SYNTHETIC TRAINING TEXT. Archive shelf 26:200 contains three folders.
26,201,SYNTHETIC TRAINING TEXT. Archive shelf 26:201 contains three folders.
26,202,SYNTHETIC TRAINING TEXT. Archive shelf 26:202 contains three folders.
26,203,SYNTHETIC TRAINING TEXT. Archive shelf 26:203 contains three folders.
26,204,SYNTHETIC TRAINING TEXT. Archive shelf 26:204 contains three folders.
26,205,SYNTHETIC TRAINING TEXT. Archive shelf 26:205 contains three folders.
26,206,SYNTHETIC TRAINING TEXT. Archive shelf 26:206 contains three folders.
26,207,SYNTHETIC TRAINING TEXT. Archive shelf 26:207 contains three folders.
26,208,SYNTHETIC TRAINING TEXT. Archive shelf 26:208 contains three folders.
26,209,SYNTHETIC TRAINING TEXT. Archive shelf 26:209 contains three folders.
26,210,SYNTHETIC TRAINING TEXT. Archive shelf 26:210 contains three folders.
26,211,SYNTHETIC TRAINING TEXT. Archive shelf 26:211 contains three folders.
26,212,SYNTHETIC TRAINING TEXT. Archive shelf 26:212 contains three folders.
26,213,SYNTHETIC TRAINING TEXT. Archive shelf 26:213 contains three folders.
26,214,SYNTHETIC TRAINING TEXT. Archive shelf 26:214 contains three folders.
26,215,SYNTHETIC TRAINING TEXT. Archive shelf 26:215 contains three folders.
26,216,SYNTHETIC TRAINING TEXT. Archive shelf 26:216 contains three folders.
26,217,SYNTHETIC TRAINING TEXT. Archive shelf 26:217 contains three folders.
26,218,SYNTHETIC TRAINING TEXT. Archive shelf 26:218 contains three folders.
26,219,SYNTHETIC TRAINING TEXT. Archive shelf 26:219 contains three folders.
26,220,SYNTHETIC TRAINING TEXT. Archive shelf 26:220 contains three folders.
26,221,SYNTHETIC TRAINING TEXT. Archive shelf 26:221 contains three folders.
26,222,SYNTHETIC TRAINING TEXT. Archive shelf 26:222 contains three folders.
26,223,SYNTHETIC TRAINING TEXT. Archive shelf 26:223 contains three folders.
26,224,SYNTHETIC TRAINING TEXT. Archive shelf 26:224 contains three folders.
26,225,SYNTHETIC TRAINING TEXT. Archive shelf 26:225 contains three folders.
26,226,SYNTHETIC TRAINING TEXT. Archive shelf 26:226 contains three folders.
26,227,SYNTHETIC TRAINING TEXT. Archive shelf 26:227 contains three folders.
27,1,SYNTHETIC TRAINING TEXT. Archive shelf 27:1 contains three folders.
27,2,SYNTHETIC TRAINING TEXT. Archive shelf 27:2 contains three folders.
27,3,SYNTHETIC TRAINING TEXT. Archive shelf 27:3 contains three folders.
27,4,SYNTHETIC TRAINING TEXT. Archive shelf 27:4 contains three folders.
27,5,SYNTHETIC TRAINING TEXT. Archive shelf 27:5 contains three folders.
27,6,SYNTHETIC TRAINING TEXT. Archive shelf 27:6 contains three folders.
27,7,SYNTHETIC TRAINING TEXT. Archive shelf 27:7 contains three folders.
27,8,SYNTHETIC TRAINING TEXT. Archive shelf 27:8 contains three folders.
27,9,SYNTHETIC TRAINING TEXT. Archive shelf 27:9 contains three folders.
27,10,SYNTHETIC TRAINING TEXT. Archive shelf 27:10 contains three folders.
27,11,SYNTHETIC TRAINING TEXT. Archive shelf 27:11 contains three folders.
27,12,SYNTHETIC TRAINING TEXT. Archive shelf 27:12 contains three folders.
27,13,SYNTHETIC TRAINING TEXT. Archive shelf 27:13 contains three folders.
27,14,SYNTHETIC TRAINING TEXT. Archive shelf 27:14 contains three folders.
27,15,SYNTHETIC TRAINING TEXT. Archive shelf 27:15 contains three folders.
27,16,SYNTHETIC TRAINING TEXT. Archive shelf 27:16 contains three folders.
27,17,SYNTHETIC TRAINING TEXT. Archive shelf 27:17 contains three folders.
27,18,SYNTHETIC TRAINING TEXT. Archive shelf 27:18 contains three folders.
27,19,SYNTHETIC TRAINING TEXT. Archive shelf 27:19 contains three folders.
27,20,SYNTHETIC TRAINING TEXT. Archive shelf 27:20 contains three folders.
27,21,SYNTHETIC TRAINING TEXT. Archive shelf 27:21 contains three folders.
27,22,SYNTHETIC TRAINING TEXT. Archive shelf 27:22 contains three folders.
27,23,SYNTHETIC TRAINING TEXT. Archive shelf 27:23 contains three folders.
27,24,SYNTHETIC TRAINING TEXT. Archive shelf 27:24 contains three folders.
27,25,SYNTHETIC TRAINING TEXT. Archive shelf 27:25 contains three folders.
27,26,SYNTHETIC TRAINING TEXT. Archive shelf 27:26 contains three folders.
27,27,SYNTHETIC TRAINING TEXT. Archive shelf 27:27 contains three folders.
27,28,SYNTHETIC TRAINING TEXT. Archive shelf 27:28 contains three folders.
27,29,SYNTHETIC TRAINING TEXT. Archive shelf 27:29 contains three folders.
27,30,SYNTHETIC TRAINING TEXT. Archive shelf 27:30 contains three folders.
27,31,SYNTHETIC TRAINING TEXT. Archive shelf 27:31 contains three folders.
27,32,SYNTHETIC TRAINING TEXT. Archive shelf 27:32 contains three folders.
27,33,SYNTHETIC TRAINING TEXT. Archive shelf 27:33 contains three folders.
27,34,SYNTHETIC TRAINING TEXT. Archive shelf 27:34 contains three folders.
27,35,SYNTHETIC TRAINING TEXT. Archive shelf 27:35 contains three folders.
27,36,SYNTHETIC TRAINING TEXT. Archive shelf 27:36 contains three folders.
27,37,SYNTHETIC TRAINING TEXT. Archive shelf 27:37 contains three folders.
27,38,SYNTHETIC TRAINING TEXT. Archive shelf 27:38 contains three folders.
27,39,SYNTHETIC TRAINING TEXT. Archive shelf 27:39 contains three folders.
27,40,SYNTHETIC TRAINING TEXT. Archive shelf 27:40 contains three folders.
27,41,SYNTHETIC TRAINING TEXT. Archive shelf 27:41 contains three folders.
27,42,SYNTHETIC TRAINING TEXT. Archive shelf 27:42 contains three folders.
27,43,SYNTHETIC TRAINING TEXT. Archive shelf 27:43 contains three folders.
27,44,SYNTHETIC TRAINING TEXT. Archive shelf 27:44 contains three folders.
27,45,SYNTHETIC TRAINING TEXT. Archive shelf 27:45 contains three folders.
27,46,SYNTHETIC TRAINING TEXT. Archive shelf 27:46 contains three folders.
27,47,SYNTHETIC TRAINING TEXT. Archive shelf 27:47 contains three folders.
27,48,SYNTHETIC TRAINING TEXT. Archive shelf 27:48 contains three folders.
27,49,SYNTHETIC TRAINING TEXT. Archive shelf 27:49 contains three folders.
27,50,SYNTHETIC TRAINING TEXT. Archive shelf 27:50 contains three folders.
27,51,SYNTHETIC TRAINING TEXT. Archive shelf 27:51 contains three folders.
27,52,SYNTHETIC TRAINING TEXT. Archive shelf 27:52 contains three folders.
27,53,SYNTHETIC TRAINING TEXT. Archive shelf 27:53 contains three folders.
27,54,SYNTHETIC TRAINING TEXT. Archive shelf 27:54 contains three folders.
27,55,SYNTHETIC TRAINING TEXT. Archive shelf 27:55 contains three folders.
27,56,SYNTHETIC TRAINING TEXT. Archive shelf 27:56 contains three folders.
27,57,SYNTHETIC TRAINING TEXT. Archive shelf 27:57 contains three folders.
27,58,SYNTHETIC TRAINING TEXT. Archive shelf 27:58 contains three folders.
27,59,SYNTHETIC TRAINING TEXT. Archive shelf 27:59 contains three folders.
27,60,SYNTHETIC TRAINING TEXT. Archive shelf 27:60 contains three folders.
27,61,SYNTHETIC TRAINING TEXT. Archive shelf 27:61 contains three folders.
27,62,SYNTHETIC TRAINING TEXT. Archive shelf 27:62 contains three folders.
27,63,SYNTHETIC TRAINING TEXT. Archive shelf 27:63 contains three folders.
27,64,SYNTHETIC TRAINING TEXT. Archive shelf 27:64 contains three folders.
27,65,SYNTHETIC TRAINING TEXT. Archive shelf 27:65 contains three folders.
27,66,SYNTHETIC TRAINING TEXT. Archive shelf 27:66 contains three folders.
27,67,SYNTHETIC TRAINING TEXT. Archive shelf 27:67 contains three folders.
27,68,SYNTHETIC TRAINING TEXT. Archive shelf 27:68 contains three folders.
27,69,SYNTHETIC TRAINING TEXT. Archive shelf 27:69 contains three folders.
27,70,SYNTHETIC TRAINING TEXT. Archive shelf 27:70 contains three folders.
27,71,SYNTHETIC TRAINING TEXT. Archive shelf 27:71 contains three folders.
27,72,SYNTHETIC TRAINING TEXT. Archive shelf 27:72 contains three folders.
27,73,SYNTHETIC TRAINING TEXT. Archive shelf 27:73 contains three folders.
27,74,SYNTHETIC TRAINING TEXT. Archive shelf 27:74 contains three folders.
27,75,SYNTHETIC TRAINING TEXT. Archive shelf 27:75 contains three folders.
27,76,SYNTHETIC TRAINING TEXT. Archive shelf 27:76 contains three folders.
27,77,SYNTHETIC TRAINING TEXT. Archive shelf 27:77 contains three folders.
27,78,SYNTHETIC TRAINING TEXT. Archive shelf 27:78 contains three folders.
27,79,SYNTHETIC TRAINING TEXT. Archive shelf 27:79 contains three folders.
27,80,SYNTHETIC TRAINING TEXT. Archive shelf 27:80 contains three folders.
27,81,SYNTHETIC TRAINING TEXT. Archive shelf 27:81 contains three folders.
27,82,SYNTHETIC TRAINING TEXT. Archive shelf 27:82 contains three folders.
27,83,SYNTHETIC TRAINING TEXT. Archive shelf 27:83 contains three folders.
27,84,SYNTHETIC TRAINING TEXT. Archive shelf 27:84 contains three folders.
27,85,SYNTHETIC TRAINING TEXT. Archive shelf 27:85 contains three folders.
27,86,SYNTHETIC TRAINING TEXT. Archive shelf 27:86 contains three folders.
27,87,SYNTHETIC TRAINING TEXT. Archive shelf 27:87 contains three folders.
27,88,SYNTHETIC TRAINING TEXT. Archive shelf 27:88 contains three folders.
27,89,SYNTHETIC TRAINING TEXT. Archive shelf 27:89 contains three folders.
27,90,SYNTHETIC TRAINING TEXT. Archive shelf 27:90 contains three folders.
27,91,SYNTHETIC TRAINING TEXT. Archive shelf 27:91 contains three folders.
27,92,SYNTHETIC TRAINING TEXT. Archive shelf 27:92 contains three folders.
27,93,SYNTHETIC TRAINING TEXT. Archive shelf 27:93 contains three folders.
28,1,SYNTHETIC TRAINING TEXT. Archive shelf 28:1 contains three folders.
28,2,SYNTHETIC TRAINING TEXT. Archive shelf 28:2 contains three folders.
28,3,SYNTHETIC TRAINING TEXT. Archive shelf 28:3 contains three folders.
28,4,SYNTHETIC TRAINING TEXT. Archive shelf 28:4 contains three folders.
28,5,SYNTHETIC TRAINING TEXT. Archive shelf 28:5 contains three folders.
28,6,SYNTHETIC TRAINING TEXT. Archive shelf 28:6 contains three folders.
28,7,SYNTHETIC TRAINING TEXT. Archive shelf 28:7 contains three folders.
28,8,SYNTHETIC TRAINING TEXT. Archive shelf 28:8 contains three folders.
28,9,SYNTHETIC TRAINING TEXT. Archive shelf 28:9 contains three folders.
28,10,SYNTHETIC TRAINING TEXT. Archive shelf 28:10 contains three folders.
28,11,SYNTHETIC TRAINING TEXT. Archive shelf 28:11 contains three folders.
28,12,SYNTHETIC TRAINING TEXT. Archive shelf 28:12 contains three folders.
28,13,SYNTHETIC TRAINING TEXT. Archive shelf 28:13 contains three folders.
28,14,SYNTHETIC TRAINING TEXT. Archive shelf 28:14 contains three folders.
28,15,SYNTHETIC TRAINING TEXT. Archive shelf 28:15 contains three folders.
28,16,SYNTHETIC TRAINING TEXT. Archive shelf 28:16 contains three folders.
28,17,SYNTHETIC TRAINING TEXT. Archive shelf 28:17 contains three folders.
28,18,SYNTHETIC TRAINING TEXT. Archive shelf 28:18 contains three folders.
28,19,SYNTHETIC TRAINING TEXT. Archive shelf 28:19 contains three folders.
28,20,SYNTHETIC TRAINING TEXT. Archive shelf 28:20 contains three folders.
28,21,SYNTHETIC TRAINING TEXT. Archive shelf 28:21 contains three folders.
28,22,SYNTHETIC TRAINING TEXT. Archive shelf 28:22 contains three folders.
28,23,SYNTHETIC TRAINING TEXT. Archive shelf 28:23 contains three folders.
28,24,SYNTHETIC TRAINING TEXT. Archive shelf 28:24 contains three folders.
28,25,SYNTHETIC TRAINING TEXT. Archive shelf 28:25 contains three folders.
28,26,SYNTHETIC TRAINING TEXT. Archive shelf 28:26 contains three folders.
28,27,SYNTHETIC TRAINING TEXT. Archive shelf 28:27 contains three folders.
28,28,SYNTHETIC TRAINING TEXT. Archive shelf 28:28 contains three folders.
28,29,SYNTHETIC TRAINING TEXT. Archive shelf 28:29 contains three folders.
28,30,SYNTHETIC TRAINING TEXT. Archive shelf 28:30 contains three folders.
28,31,SYNTHETIC TRAINING TEXT. Archive shelf 28:31 contains three folders.
28,32,SYNTHETIC TRAINING TEXT. Archive shelf 28:32 contains three folders.
28,33,SYNTHETIC TRAINING TEXT. Archive shelf 28:33 contains three folders.
28,34,SYNTHETIC TRAINING TEXT. Archive shelf 28:34 contains three folders.
28,35,SYNTHETIC TRAINING TEXT. Archive shelf 28:35 contains three folders.
28,36,SYNTHETIC TRAINING TEXT. Archive shelf 28:36 contains three folders.
28,37,SYNTHETIC TRAINING TEXT. Archive shelf 28:37 contains three folders.
28,38,SYNTHETIC TRAINING TEXT. Archive shelf 28:38 contains three folders.
28,39,SYNTHETIC TRAINING TEXT. Archive shelf 28:39 contains three folders.
28,40,SYNTHETIC TRAINING TEXT. Archive shelf 28:40 contains three folders.
28,41,SYNTHETIC TRAINING TEXT. Archive shelf 28:41 contains three folders.
28,42,SYNTHETIC TRAINING TEXT. Archive shelf 28:42 contains three folders.
28,43,SYNTHETIC TRAINING TEXT. Archive shelf 28:43 contains three folders.
28,44,SYNTHETIC TRAINING TEXT. Archive shelf 28:44 contains three folders.
28,45,SYNTHETIC TRAINING TEXT. Archive shelf 28:45 contains three folders.
28,46,SYNTHETIC TRAINING TEXT. Archive shelf 28:46 contains three folders.
28,47,SYNTHETIC TRAINING TEXT. Archive shelf 28:47 contains three folders.
28,48,SYNTHETIC TRAINING TEXT. Archive shelf 28:48 contains three folders.
28,49,SYNTHETIC TRAINING TEXT. Archive shelf 28:49 contains three folders.
28,50,SYNTHETIC TRAINING TEXT. Archive shelf 28:50 contains three folders.
28,51,SYNTHETIC TRAINING TEXT. Archive shelf 28:51 contains three folders.
28,52,SYNTHETIC TRAINING TEXT. Archive shelf 28:52 contains three folders.
28,53,SYNTHETIC TRAINING TEXT. Archive shelf 28:53 contains three folders.
28,54,SYNTHETIC TRAINING TEXT. Archive shelf 28:54 contains three folders.
28,55,SYNTHETIC TRAINING TEXT. Archive shelf 28:55 contains three folders.
28,56,SYNTHETIC TRAINING TEXT. Archive shelf 28:56 contains three folders.
28,57,SYNTHETIC TRAINING TEXT. Archive shelf 28:57 contains three folders.
28,58,SYNTHETIC TRAINING TEXT. Archive shelf 28:58 contains three folders.
28,59,SYNTHETIC TRAINING TEXT. Archive shelf 28:59 contains three folders.
28,60,SYNTHETIC TRAINING TEXT. Archive shelf 28:60 contains three folders.
28,61,SYNTHETIC TRAINING TEXT. Archive shelf 28:61 contains three folders.
28,62,SYNTHETIC TRAINING TEXT. Archive shelf 28:62 contains three folders.
28,63,SYNTHETIC TRAINING TEXT. Archive shelf 28:63 contains three folders.
28,64,SYNTHETIC TRAINING TEXT. Archive shelf 28:64 contains three folders.
28,65,SYNTHETIC TRAINING TEXT. Archive shelf 28:65 contains three folders.
28,66,SYNTHETIC TRAINING TEXT. Archive shelf 28:66 contains three folders.
28,67,SYNTHETIC TRAINING TEXT. Archive shelf 28:67 contains three folders.
28,68,SYNTHETIC TRAINING TEXT. Archive shelf 28:68 contains three folders.
28,69,SYNTHETIC TRAINING TEXT. Archive shelf 28:69 contains three folders.
28,70,SYNTHETIC TRAINING TEXT. Archive shelf 28:70 contains three folders.
28,71,SYNTHETIC TRAINING TEXT. Archive shelf 28:71 contains three folders.
28,72,SYNTHETIC TRAINING TEXT. Archive shelf 28:72 contains three folders.
28,73,SYNTHETIC TRAINING TEXT. Archive shelf 28:73 contains three folders.
28,74,SYNTHETIC TRAINING TEXT. Archive shelf 28:74 contains three folders.
28,75,SYNTHETIC TRAINING TEXT. Archive shelf 28:75 contains three folders.
28,76,SYNTHETIC TRAINING TEXT. Archive shelf 28:76 contains three folders.
28,77,SYNTHETIC TRAINING TEXT. Archive shelf 28:77 contains three folders.
28,78,SYNTHETIC TRAINING TEXT. Archive shelf 28:78 contains three folders.
28,79,SYNTHETIC TRAINING TEXT. Archive shelf 28:79 contains three folders.
28,80,SYNTHETIC TRAINING TEXT. Archive shelf 28:80 contains three folders.
28,81,SYNTHETIC TRAINING TEXT. Archive shelf 28:81 contains three folders.
28,82,SYNTHETIC TRAINING TEXT. Archive shelf 28:82 contains three folders.
28,83,SYNTHETIC TRAINING TEXT. Archive shelf 28:83 contains three folders.
28,84,SYNTHETIC TRAINING TEXT. Archive shelf 28:84 contains three folders.
28,85,SYNTHETIC TRAINING TEXT. Archive shelf 28:85 contains three folders.
28,86,SYNTHETIC TRAINING TEXT. Archive shelf 28:86 contains three folders.
28,87,SYNTHETIC TRAINING TEXT. Archive shelf 28:87 contains three folders.
28,88,SYNTHETIC TRAINING TEXT. Archive shelf 28:88 contains three folders.
29,1,SYNTHETIC TRAINING TEXT. Archive shelf 29:1 contains three folders.
29,2,SYNTHETIC TRAINING TEXT. Archive shelf 29:2 contains three folders.
29,3,SYNTHETIC TRAINING TEXT. Archive shelf 29:3 contains three folders.
29,4,SYNTHETIC TRAINING TEXT. Archive shelf 29:4 contains three folders.
29,5,SYNTHETIC TRAINING TEXT. Archive shelf 29:5 contains three folders.
29,6,SYNTHETIC TRAINING TEXT. Archive shelf 29:6 contains three folders.
29,7,SYNTHETIC TRAINING TEXT. Archive shelf 29:7 contains three folders.
29,8,SYNTHETIC TRAINING TEXT. Archive shelf 29:8 contains three folders.
29,9,SYNTHETIC TRAINING TEXT. Archive shelf 29:9 contains three folders.
29,10,SYNTHETIC TRAINING TEXT. Archive shelf 29:10 contains three folders.
29,11,SYNTHETIC TRAINING TEXT. Archive shelf 29:11 contains three folders.
29,12,SYNTHETIC TRAINING TEXT. Archive shelf 29:12 contains three folders.
29,13,SYNTHETIC TRAINING TEXT. Archive shelf 29:13 contains three folders.
29,14,SYNTHETIC TRAINING TEXT. Archive shelf 29:14 contains three folders.
29,15,SYNTHETIC TRAINING TEXT. Archive shelf 29:15 contains three folders.
29,16,SYNTHETIC TRAINING TEXT. Archive shelf 29:16 contains three folders.
29,17,SYNTHETIC TRAINING TEXT. Archive shelf 29:17 contains three folders.
29,18,SYNTHETIC TRAINING TEXT. Archive shelf 29:18 contains three folders.
29,19,SYNTHETIC TRAINING TEXT. Archive shelf 29:19 contains three folders.
29,20,SYNTHETIC TRAINING TEXT. Archive shelf 29:20 contains three folders.
29,21,SYNTHETIC TRAINING TEXT. Archive shelf 29:21 contains three folders.
29,22,SYNTHETIC TRAINING TEXT. Archive shelf 29:22 contains three folders.
29,23,SYNTHETIC TRAINING TEXT. Archive shelf 29:23 contains three folders.
29,24,SYNTHETIC TRAINING TEXT. Archive shelf 29:24 contains three folders.
29,25,SYNTHETIC TRAINING TEXT. Archive shelf 29:25 contains three folders.
29,26,SYNTHETIC TRAINING TEXT. Archive shelf 29:26 contains three folders.
29,27,SYNTHETIC TRAINING TEXT. Archive shelf 29:27 contains three folders.
29,28,SYNTHETIC TRAINING TEXT. Archive shelf 29:28 contains three folders.
29,29,SYNTHETIC TRAINING TEXT. Archive shelf 29:29 contains three folders.
29,30,SYNTHETIC TRAINING TEXT. Archive shelf 29:30 contains three folders.
29,31,SYNTHETIC TRAINING TEXT. Archive shelf 29:31 contains three folders.
29,32,SYNTHETIC TRAINING TEXT. Archive shelf 29:32 contains three folders.
29,33,SYNTHETIC TRAINING TEXT. Archive shelf 29:33 contains three folders.
29,34,SYNTHETIC TRAINING TEXT. Archive shelf 29:34 contains three folders.
29,35,SYNTHETIC TRAINING TEXT. Archive shelf 29:35 contains three folders.
29,36,SYNTHETIC TRAINING TEXT. Archive shelf 29:36 contains three folders.
29,37,SYNTHETIC TRAINING TEXT. Archive shelf 29:37 contains three folders.
29,38,SYNTHETIC TRAINING TEXT. Archive shelf 29:38 contains three folders.
29,39,SYNTHETIC TRAINING TEXT. Archive shelf 29:39 contains three folders.
29,40,SYNTHETIC TRAINING TEXT. Archive shelf 29:40 contains three folders.
29,41,SYNTHETIC TRAINING TEXT. Archive shelf 29:41 contains three folders.
29,42,SYNTHETIC TRAINING TEXT. Archive shelf 29:42 contains three folders.
29,43,SYNTHETIC TRAINING TEXT. Archive shelf 29:43 contains three folders.
29,44,SYNTHETIC TRAINING TEXT. Archive shelf 29:44 contains three folders.
29,45,SYNTHETIC TRAINING TEXT. Archive shelf 29:45 contains three folders.
29,46,SYNTHETIC TRAINING TEXT. Archive shelf 29:46 contains three folders.
29,47,SYNTHETIC TRAINING TEXT. Archive shelf 29:47 contains three folders.
29,48,SYNTHETIC TRAINING TEXT. Archive shelf 29:48 contains three folders.
29,49,SYNTHETIC TRAINING TEXT. Archive shelf 29:49 contains three folders.
29,50,SYNTHETIC TRAINING TEXT. Archive shelf 29:50 contains three folders.
29,51,SYNTHETIC TRAINING TEXT. Archive shelf 29:51 contains three folders.
29,52,SYNTHETIC TRAINING TEXT. Archive shelf 29:52 contains three folders.
29,53,SYNTHETIC TRAINING TEXT. Archive shelf 29:53 contains three folders.
29,54,SYNTHETIC TRAINING TEXT. Archive shelf 29:54 contains three folders.
29,55,SYNTHETIC TRAINING TEXT. Archive shelf 29:55 contains three folders.
29,56,SYNTHETIC TRAINING TEXT. Archive shelf 29:56 contains three folders.
29,57,SYNTHETIC TRAINING TEXT. Archive shelf 29:57 contains three folders.
29,58,SYNTHETIC TRAINING TEXT. Archive shelf 29:58 contains three folders.
29,59,SYNTHETIC TRAINING TEXT. Archive shelf 29:59 contains three folders.
29,60,SYNTHETIC TRAINING TEXT. Archive shelf 29:60 contains three folders.
29,61,SYNTHETIC TRAINING TEXT. Archive shelf 29:61 contains three folders.
29,62,SYNTHETIC TRAINING TEXT. Archive shelf 29:62 contains three folders.
29,63,SYNTHETIC TRAINING TEXT. Archive shelf 29:63 contains three folders.
29,64,SYNTHETIC TRAINING TEXT. Archive shelf 29:64 contains three folders.
29,65,SYNTHETIC TRAINING TEXT. Archive shelf 29:65 contains three folders.
29,66,SYNTHETIC TRAINING TEXT. Archive shelf 29:66 contains three folders.
29,67,SYNTHETIC TRAINING TEXT. Archive shelf 29:67 contains three folders.
29,68,SYNTHETIC TRAINING TEXT. Archive shelf 29:68 contains three folders.
29,69,SYNTHETIC TRAINING TEXT. Archive shelf 29:69 contains three folders.
30,1,SYNTHETIC TRAINING TEXT. Archive shelf 30:1 contains three folders.
30,2,SYNTHETIC TRAINING TEXT. Archive shelf 30:2 contains three folders.
30,3,SYNTHETIC TRAINING TEXT. Archive shelf 30:3 contains three folders.
30,4,SYNTHETIC TRAINING TEXT. Archive shelf 30:4 contains three folders.
30,5,SYNTHETIC TRAINING TEXT. Archive shelf 30:5 contains three folders.
30,6,SYNTHETIC TRAINING TEXT. Archive shelf 30:6 contains three folders.
30,7,SYNTHETIC TRAINING TEXT. Archive shelf 30:7 contains three folders.
30,8,SYNTHETIC TRAINING TEXT. Archive shelf 30:8 contains three folders.
30,9,SYNTHETIC TRAINING TEXT. Archive shelf 30:9 contains three folders.
30,10,SYNTHETIC TRAINING TEXT. Archive shelf 30:10 contains three folders.
30,11,SYNTHETIC TRAINING TEXT. Archive shelf 30:11 contains three folders.
30,12,SYNTHETIC TRAINING TEXT. Archive shelf 30:12 contains three folders.
30,13,SYNTHETIC TRAINING TEXT. Archive shelf 30:13 contains three folders.
30,14,SYNTHETIC TRAINING TEXT. Archive shelf 30:14 contains three folders.
30,15,SYNTHETIC TRAINING TEXT. Archive shelf 30:15 contains three folders.
30,16,SYNTHETIC TRAINING TEXT. Archive shelf 30:16 contains three folders.
30,17,SYNTHETIC TRAINING TEXT. Archive shelf 30:17 contains three folders.
30,18,SYNTHETIC TRAINING TEXT. Archive shelf 30:18 contains three folders.
30,19,SYNTHETIC TRAINING TEXT. Archive shelf 30:19 contains three folders.
30,20,SYNTHETIC TRAINING TEXT. Archive shelf 30:20 contains three folders.
30,21,SYNTHETIC TRAINING TEXT. Archive shelf 30:21 contains three folders.
30,22,SYNTHETIC TRAINING TEXT. Archive shelf 30:22 contains three folders.
30,23,SYNTHETIC TRAINING TEXT. Archive shelf 30:23 contains three folders.
30,24,SYNTHETIC TRAINING TEXT. Archive shelf 30:24 contains three folders.
30,25,SYNTHETIC TRAINING TEXT. Archive shelf 30:25 contains three folders.
30,26,SYNTHETIC TRAINING TEXT. Archive shelf 30:26 contains three folders.
30,27,SYNTHETIC TRAINING TEXT. Archive shelf 30:27 contains three folders.
30,28,SYNTHETIC TRAINING TEXT. Archive shelf 30:28 contains three folders.
30,29,SYNTHETIC TRAINING TEXT. Archive shelf 30:29 contains three folders.
30,30,SYNTHETIC TRAINING TEXT. Archive shelf 30:30 contains three folders.
30,31,SYNTHETIC TRAINING TEXT. Archive shelf 30:31 contains three folders.
30,32,SYNTHETIC TRAINING TEXT. Archive shelf 30:32 contains three folders.
30,33,SYNTHETIC TRAINING TEXT. Archive shelf 30:33 contains three folders.
30,34,SYNTHETIC TRAINING TEXT. Archive shelf 30:34 contains three folders.
30,35,SYNTHETIC TRAINING TEXT. Archive shelf 30:35 contains three folders.
30,36,SYNTHETIC TRAINING TEXT. Archive shelf 30:36 contains three folders.
30,37,SYNTHETIC TRAINING TEXT. Archive shelf 30:37 contains three folders.
30,38,SYNTHETIC TRAINING TEXT. Archive shelf 30:38 contains three folders.
30,39,SYNTHETIC TRAINING TEXT. Archive shelf 30:39 contains three folders.
30,40,SYNTHETIC TRAINING TEXT. Archive shelf 30:40 contains three folders.
30,41,SYNTHETIC TRAINING TEXT. Archive shelf 30:41 contains three folders.
30,42,SYNTHETIC TRAINING TEXT. Archive shelf 30:42 contains three folders.
30,43,SYNTHETIC TRAINING TEXT. Archive shelf 30:43 contains three folders.
30,44,SYNTHETIC TRAINING TEXT. Archive shelf 30:44 contains three folders.
30,45,SYNTHETIC TRAINING TEXT. Archive shelf 30:45 contains three folders.
30,46,SYNTHETIC TRAINING TEXT. Archive shelf 30:46 contains three folders.
30,47,SYNTHETIC TRAINING TEXT. Archive shelf 30:47 contains three folders.
30,48,SYNTHETIC TRAINING TEXT. Archive shelf 30:48 contains three folders.
30,49,SYNTHETIC TRAINING TEXT. Archive shelf 30:49 contains three folders.
30,50,SYNTHETIC TRAINING TEXT. Archive shelf 30:50 contains three folders.
30,51,SYNTHETIC TRAINING TEXT. Archive shelf 30:51 contains three folders.
30,52,SYNTHETIC TRAINING TEXT. Archive shelf 30:52 contains three folders.
30,53,SYNTHETIC TRAINING TEXT. Archive shelf 30:53 contains three folders.
30,54,SYNTHETIC TRAINING TEXT. Archive shelf 30:54 contains three folders.
30,55,SYNTHETIC TRAINING TEXT. Archive shelf 30:55 contains three folders.
30,56,SYNTHETIC TRAINING TEXT. Archive shelf 30:56 contains three folders.
30,57,SYNTHETIC TRAINING TEXT. Archive shelf 30:57 contains three folders.
30,58,SYNTHETIC TRAINING TEXT. Archive shelf 30:58 contains three folders.
30,59,SYNTHETIC TRAINING TEXT. Archive shelf 30:59 contains three folders.
30,60,SYNTHETIC TRAINING TEXT. Archive shelf 30:60 contains three folders.
31,1,SYNTHETIC TRAINING TEXT. Archive shelf 31:1 contains three folders.
31,2,SYNTHETIC TRAINING TEXT. Archive shelf 31:2 contains three folders.
31,3,SYNTHETIC TRAINING TEXT. Archive shelf 31:3 contains three folders.
31,4,SYNTHETIC TRAINING TEXT. Archive shelf 31:4 contains three folders.
31,5,SYNTHETIC TRAINING TEXT. Archive shelf 31:5 contains three folders.
31,6,SYNTHETIC TRAINING TEXT. Archive shelf 31:6 contains three folders.
31,7,SYNTHETIC TRAINING TEXT. Archive shelf 31:7 contains three folders.
31,8,SYNTHETIC TRAINING TEXT. Archive shelf 31:8 contains three folders.
31,9,SYNTHETIC TRAINING TEXT. Archive shelf 31:9 contains three folders.
31,10,SYNTHETIC TRAINING TEXT. Archive shelf 31:10 contains three folders.
31,11,SYNTHETIC TRAINING TEXT. Archive shelf 31:11 contains three folders.
31,12,SYNTHETIC TRAINING TEXT. Archive shelf 31:12 contains three folders.
31,13,SYNTHETIC TRAINING TEXT. Archive shelf 31:13 contains three folders.
31,14,SYNTHETIC TRAINING TEXT. Archive shelf 31:14 contains three folders.
31,15,SYNTHETIC TRAINING TEXT. Archive shelf 31:15 contains three folders.
31,16,SYNTHETIC TRAINING TEXT. Archive shelf 31:16 contains three folders.
31,17,SYNTHETIC TRAINING TEXT. Archive shelf 31:17 contains three folders.
31,18,SYNTHETIC TRAINING TEXT. Archive shelf 31:18 contains three folders.
31,19,SYNTHETIC TRAINING TEXT. Archive shelf 31:19 contains three folders.
31,20,SYNTHETIC TRAINING TEXT. Archive shelf 31:20 contains three folders.
31,21,SYNTHETIC TRAINING TEXT. Archive shelf 31:21 contains three folders.
31,22,SYNTHETIC TRAINING TEXT. Archive shelf 31:22 contains three folders.
31,23,SYNTHETIC TRAINING TEXT. Archive shelf 31:23 contains three folders.
31,24,SYNTHETIC TRAINING TEXT. Archive shelf 31:24 contains three folders.
31,25,SYNTHETIC TRAINING TEXT. Archive shelf 31:25 contains three folders.
31,26,SYNTHETIC TRAINING TEXT. Archive shelf 31:26 contains three folders.
31,27,SYNTHETIC TRAINING TEXT. Archive shelf 31:27 contains three folders.
31,28,SYNTHETIC TRAINING TEXT. Archive shelf 31:28 contains three folders.
31,29,SYNTHETIC TRAINING TEXT. Archive shelf 31:29 contains three folders.
31,30,SYNTHETIC TRAINING TEXT. Archive shelf 31:30 contains three folders.
31,31,SYNTHETIC TRAINING TEXT. Archive shelf 31:31 contains three folders.
31,32,SYNTHETIC TRAINING TEXT. Archive shelf 31:32 contains three folders.
31,33,SYNTHETIC TRAINING TEXT. Archive shelf 31:33 contains three folders.
31,34,SYNTHETIC TRAINING TEXT. Archive shelf 31:34 contains three folders.
32,1,SYNTHETIC TRAINING TEXT. Archive shelf 32:1 contains three folders.
32,2,SYNTHETIC TRAINING TEXT. Archive shelf 32:2 contains three folders.
32,3,SYNTHETIC TRAINING TEXT. Archive shelf 32:3 contains three folders.
32,4,SYNTHETIC TRAINING TEXT. Archive shelf 32:4 contains three folders.
32,5,SYNTHETIC TRAINING TEXT. Archive shelf 32:5 contains three folders.
32,6,SYNTHETIC TRAINING TEXT. Archive shelf 32:6 contains three folders.
32,7,SYNTHETIC TRAINING TEXT. Archive shelf 32:7 contains three folders.
32,8,SYNTHETIC TRAINING TEXT. Archive shelf 32:8 contains three folders.
32,9,SYNTHETIC TRAINING TEXT. Archive shelf 32:9 contains three folders.
32,10,SYNTHETIC TRAINING TEXT. Archive shelf 32:10 contains three folders.
32,11,SYNTHETIC TRAINING TEXT. Archive shelf 32:11 contains three folders.
32,12,SYNTHETIC TRAINING TEXT. Archive shelf 32:12 contains three folders.
32,13,SYNTHETIC TRAINING TEXT. Archive shelf 32:13 contains three folders.
32,14,SYNTHETIC TRAINING TEXT. Archive shelf 32:14 contains three folders.
32,15,SYNTHETIC TRAINING TEXT. Archive shelf 32:15 contains three folders.
32,16,SYNTHETIC TRAINING TEXT. Archive shelf 32:16 contains three folders.
32,17,SYNTHETIC TRAINING TEXT. Archive shelf 32:17 contains three folders.
32,18,SYNTHETIC TRAINING TEXT. Archive shelf 32:18 contains three folders.
32,19,SYNTHETIC TRAINING TEXT. Archive shelf 32:19 contains three folders.
32,20,SYNTHETIC TRAINING TEXT. Archive shelf 32:20 contains three folders.
32,21,SYNTHETIC TRAINING TEXT. Archive shelf 32:21 contains three folders.
32,22,SYNTHETIC TRAINING TEXT. Archive shelf 32:22 contains three folders.
32,23,SYNTHETIC TRAINING TEXT. Archive shelf 32:23 contains three folders.
32,24,SYNTHETIC TRAINING TEXT. Archive shelf 32:24 contains three folders.
32,25,SYNTHETIC TRAINING TEXT. Archive shelf 32:25 contains three folders.
32,26,SYNTHETIC TRAINING TEXT. Archive shelf 32:26 contains three folders.
32,27,SYNTHETIC TRAINING TEXT. Archive shelf 32:27 contains three folders.
32,28,SYNTHETIC TRAINING TEXT. Archive shelf 32:28 contains three folders.
32,29,SYNTHETIC TRAINING TEXT. Archive shelf 32:29 contains three folders.
32,30,SYNTHETIC TRAINING TEXT. Archive shelf 32:30 contains three folders.
33,1,SYNTHETIC TRAINING TEXT. Archive shelf 33:1 contains three folders.
33,2,SYNTHETIC TRAINING TEXT. Archive shelf 33:2 contains three folders.
33,3,SYNTHETIC TRAINING TEXT. Archive shelf 33:3 contains three folders.
33,4,SYNTHETIC TRAINING TEXT. Archive shelf 33:4 contains three folders.
33,5,SYNTHETIC TRAINING TEXT. Archive shelf 33:5 contains three folders.
33,6,SYNTHETIC TRAINING TEXT. Archive shelf 33:6 contains three folders.
33,7,SYNTHETIC TRAINING TEXT. Archive shelf 33:7 contains three folders.
33,8,SYNTHETIC TRAINING TEXT. Archive shelf 33:8 contains three folders.
33,9,SYNTHETIC TRAINING TEXT. Archive shelf 33:9 contains three folders.
33,10,SYNTHETIC TRAINING TEXT. Archive shelf 33:10 contains three folders.
33,11,SYNTHETIC TRAINING TEXT. Archive shelf 33:11 contains three folders.
33,12,SYNTHETIC TRAINING TEXT. Archive shelf 33:12 contains three folders.
33,13,SYNTHETIC TRAINING TEXT. Archive shelf 33:13 contains three folders.
33,14,SYNTHETIC TRAINING TEXT. Archive shelf 33:14 contains three folders.
33,15,SYNTHETIC TRAINING TEXT. Archive shelf 33:15 contains three folders.
33,16,SYNTHETIC TRAINING TEXT. Archive shelf 33:16 contains three folders.
33,17,SYNTHETIC TRAINING TEXT. Archive shelf 33:17 contains three folders.
33,18,SYNTHETIC TRAINING TEXT. Archive shelf 33:18 contains three folders.
33,19,SYNTHETIC TRAINING TEXT. Archive shelf 33:19 contains three folders.
33,20,SYNTHETIC TRAINING TEXT. Archive shelf 33:20 contains three folders.
33,21,SYNTHETIC TRAINING TEXT. Archive shelf 33:21 contains three folders.
33,22,SYNTHETIC TRAINING TEXT. Archive shelf 33:22 contains three folders.
33,23,SYNTHETIC TRAINING TEXT. Archive shelf 33:23 contains three folders.
33,24,SYNTHETIC TRAINING TEXT. Archive shelf 33:24 contains three folders.
33,25,SYNTHETIC TRAINING TEXT. Archive shelf 33:25 contains three folders.
33,26,SYNTHETIC TRAINING TEXT. Archive shelf 33:26 contains three folders.
33,27,SYNTHETIC TRAINING TEXT. Archive shelf 33:27 contains three folders.
33,28,SYNTHETIC TRAINING TEXT. Archive shelf 33:28 contains three folders.
33,29,SYNTHETIC TRAINING TEXT. Archive shelf 33:29 contains three folders.
33,30,SYNTHETIC TRAINING TEXT. Archive shelf 33:30 contains three folders.
33,31,SYNTHETIC TRAINING TEXT. Archive shelf 33:31 contains three folders.
33,32,SYNTHETIC TRAINING TEXT. Archive shelf 33:32 contains three folders.
33,33,SYNTHETIC TRAINING TEXT. Archive shelf 33:33 contains three folders.
33,34,SYNTHETIC TRAINING TEXT. Archive shelf 33:34 contains three folders.
33,35,SYNTHETIC TRAINING TEXT. Archive shelf 33:35 contains three folders.
33,36,SYNTHETIC TRAINING TEXT. Archive shelf 33:36 contains three folders.
33,37,SYNTHETIC TRAINING TEXT. Archive shelf 33:37 contains three folders.
33,38,SYNTHETIC TRAINING TEXT. Archive shelf 33:38 contains three folders.
33,39,SYNTHETIC TRAINING TEXT. Archive shelf 33:39 contains three folders.
33,40,SYNTHETIC TRAINING TEXT. Archive shelf 33:40 contains three folders.
33,41,SYNTHETIC TRAINING TEXT. Archive shelf 33:41 contains three folders.
33,42,SYNTHETIC TRAINING TEXT. Archive shelf 33:42 contains three folders.
33,43,SYNTHETIC TRAINING TEXT. Archive shelf 33:43 contains three folders.
33,44,SYNTHETIC TRAINING TEXT. Archive shelf 33:44 contains three folders.
33,45,SYNTHETIC TRAINING TEXT. Archive shelf 33:45 contains three folders.
33,46,SYNTHETIC TRAINING TEXT. Archive shelf 33:46 contains three folders.
33,47,SYNTHETIC TRAINING TEXT. Archive shelf 33:47 contains three folders.
33,48,SYNTHETIC TRAINING TEXT. Archive shelf 33:48 contains three folders.
33,49,SYNTHETIC TRAINING TEXT. Archive shelf 33:49 contains three folders.
33,50,SYNTHETIC TRAINING TEXT. Archive shelf 33:50 contains three folders.
33,51,SYNTHETIC TRAINING TEXT. Archive shelf 33:51 contains three folders.
33,52,SYNTHETIC TRAINING TEXT. Archive shelf 33:52 contains three folders.
33,53,SYNTHETIC TRAINING TEXT. Archive shelf 33:53 contains three folders.
33,54,SYNTHETIC TRAINING TEXT. Archive shelf 33:54 contains three folders.
33,55,SYNTHETIC TRAINING TEXT. Archive shelf 33:55 contains three folders.
33,56,SYNTHETIC TRAINING TEXT. Archive shelf 33:56 contains three folders.
33,57,SYNTHETIC TRAINING TEXT. Archive shelf 33:57 contains three folders.
33,58,SYNTHETIC TRAINING TEXT. Archive shelf 33:58 contains three folders.
33,59,SYNTHETIC TRAINING TEXT. Archive shelf 33:59 contains three folders.
33,60,SYNTHETIC TRAINING TEXT. Archive shelf 33:60 contains three folders.
33,61,SYNTHETIC TRAINING TEXT. Archive shelf 33:61 contains three folders.
33,62,SYNTHETIC TRAINING TEXT. Archive shelf 33:62 contains three folders.
33,63,SYNTHETIC TRAINING TEXT. Archive shelf 33:63 contains three folders.
33,64,SYNTHETIC TRAINING TEXT. Archive shelf 33:64 contains three folders.
33,65,SYNTHETIC TRAINING TEXT. Archive shelf 33:65 contains three folders.
33,66,SYNTHETIC TRAINING TEXT. Archive shelf 33:66 contains three folders.
33,67,SYNTHETIC TRAINING TEXT. Archive shelf 33:67 contains three folders.
33,68,SYNTHETIC TRAINING TEXT. Archive shelf 33:68 contains three folders.
33,69,SYNTHETIC TRAINING TEXT. Archive shelf 33:69 contains three folders.
33,70,SYNTHETIC TRAINING TEXT. Archive shelf 33:70 contains three folders.
33,71,SYNTHETIC TRAINING TEXT. Archive shelf 33:71 contains three folders.
33,72,SYNTHETIC TRAINING TEXT. Archive shelf 33:72 contains three folders.
33,73,SYNTHETIC TRAINING TEXT. Archive shelf 33:73 contains three folders.
34,1,SYNTHETIC TRAINING TEXT. Archive shelf 34:1 contains three folders.
34,2,SYNTHETIC TRAINING TEXT. Archive shelf 34:2 contains three folders.
34,3,SYNTHETIC TRAINING TEXT. Archive shelf 34:3 contains three folders.
34,4,SYNTHETIC TRAINING TEXT. Archive shelf 34:4 contains three folders.
34,5,SYNTHETIC TRAINING TEXT. Archive shelf 34:5 contains three folders.
34,6,SYNTHETIC TRAINING TEXT. Archive shelf 34:6 contains three folders.
34,7,SYNTHETIC TRAINING TEXT. Archive shelf 34:7 contains three folders.
34,8,SYNTHETIC TRAINING TEXT. Archive shelf 34:8 contains three folders.
34,9,SYNTHETIC TRAINING TEXT. Archive shelf 34:9 contains three folders.
34,10,SYNTHETIC TRAINING TEXT. Archive shelf 34:10 contains three folders.
34,11,SYNTHETIC TRAINING TEXT. Archive shelf 34:11 contains three folders.
34,12,SYNTHETIC TRAINING TEXT. Archive shelf 34:12 contains three folders.
34,13,SYNTHETIC TRAINING TEXT. Archive shelf 34:13 contains three folders.
34,14,SYNTHETIC TRAINING TEXT. Archive shelf 34:14 contains three folders.
34,15,SYNTHETIC TRAINING TEXT. Archive shelf 34:15 contains three folders.
34,16,SYNTHETIC TRAINING TEXT. Archive shelf 34:16 contains three folders.
34,17,SYNTHETIC TRAINING TEXT. Archive shelf 34:17 contains three folders.
34,18,SYNTHETIC TRAINING TEXT. Archive shelf 34:18 contains three folders.
34,19,SYNTHETIC TRAINING TEXT. Archive shelf 34:19 contains three folders.
34,20,SYNTHETIC TRAINING TEXT. Archive shelf 34:20 contains three folders.
34,21,SYNTHETIC TRAINING TEXT. Archive shelf 34:21 contains three folders.
34,22,SYNTHETIC TRAINING TEXT. Archive shelf 34:22 contains three folders.
34,23,SYNTHETIC TRAINING TEXT. Archive shelf 34:23 contains three folders.
34,24,SYNTHETIC TRAINING TEXT. Archive shelf 34:24 contains three folders.
34,25,SYNTHETIC TRAINING TEXT. Archive shelf 34:25 contains three folders.
34,26,SYNTHETIC TRAINING TEXT. Archive shelf 34:26 contains three folders.
34,27,SYNTHETIC TRAINING TEXT. Archive shelf 34:27 contains three folders.
34,28,SYNTHETIC TRAINING TEXT. Archive shelf 34:28 contains three folders.
34,29,SYNTHETIC TRAINING TEXT. Archive shelf 34:29 contains three folders.
34,30,SYNTHETIC TRAINING TEXT. Archive shelf 34:30 contains three folders.
34,31,SYNTHETIC TRAINING TEXT. Archive shelf 34:31 contains three folders.
34,32,SYNTHETIC TRAINING TEXT. Archive shelf 34:32 contains three folders.
34,33,SYNTHETIC TRAINING TEXT. Archive shelf 34:33 contains three folders.
34,34,SYNTHETIC TRAINING TEXT. Archive shelf 34:34 contains three folders.
34,35,SYNTHETIC TRAINING TEXT. Archive shelf 34:35 contains three folders.
34,36,SYNTHETIC TRAINING TEXT. Archive shelf 34:36 contains three folders.
34,37,SYNTHETIC TRAINING TEXT. Archive shelf 34:37 contains three folders.
34,38,SYNTHETIC TRAINING TEXT. Archive shelf 34:38 contains three folders.
34,39,SYNTHETIC TRAINING TEXT. Archive shelf 34:39 contains three folders.
34,40,SYNTHETIC TRAINING TEXT. Archive shelf 34:40 contains three folders.
34,41,SYNTHETIC TRAINING TEXT. Archive shelf 34:41 contains three folders.
34,42,SYNTHETIC TRAINING TEXT. Archive shelf 34:42 contains three folders.
34,43,SYNTHETIC TRAINING TEXT. Archive shelf 34:43 contains three folders.
34,44,SYNTHETIC TRAINING TEXT. Archive shelf 34:44 contains three folders.
34,45,SYNTHETIC TRAINING TEXT. Archive shelf 34:45 contains three folders.
34,46,SYNTHETIC TRAINING TEXT. Archive shelf 34:46 contains three folders.
34,47,SYNTHETIC TRAINING TEXT. Archive shelf 34:47 contains three folders.
34,48,SYNTHETIC TRAINING TEXT. Archive shelf 34:48 contains three folders.
34,49,SYNTHETIC TRAINING TEXT. Archive shelf 34:49 contains three folders.
34,50,SYNTHETIC TRAINING TEXT. Archive shelf 34:50 contains three folders.
34,51,SYNTHETIC TRAINING TEXT. Archive shelf 34:51 contains three folders.
34,52,SYNTHETIC TRAINING TEXT. Archive shelf 34:52 contains three folders.
34,53,SYNTHETIC TRAINING TEXT. Archive shelf 34:53 contains three folders.
34,54,SYNTHETIC TRAINING TEXT. Archive shelf 34:54 contains three folders.
35,1,SYNTHETIC TRAINING TEXT. Archive shelf 35:1 contains three folders.
35,2,SYNTHETIC TRAINING TEXT. Archive shelf 35:2 contains three folders.
35,3,SYNTHETIC TRAINING TEXT. Archive shelf 35:3 contains three folders.
35,4,SYNTHETIC TRAINING TEXT. Archive shelf 35:4 contains three folders.
35,5,SYNTHETIC TRAINING TEXT. Archive shelf 35:5 contains three folders.
35,6,SYNTHETIC TRAINING TEXT. Archive shelf 35:6 contains three folders.
35,7,SYNTHETIC TRAINING TEXT. Archive shelf 35:7 contains three folders.
35,8,SYNTHETIC TRAINING TEXT. Archive shelf 35:8 contains three folders.
35,9,SYNTHETIC TRAINING TEXT. Archive shelf 35:9 contains three folders.
35,10,SYNTHETIC TRAINING TEXT. Archive shelf 35:10 contains three folders.
35,11,SYNTHETIC TRAINING TEXT. Archive shelf 35:11 contains three folders.
35,12,SYNTHETIC TRAINING TEXT. Archive shelf 35:12 contains three folders.
35,13,SYNTHETIC TRAINING TEXT. Archive shelf 35:13 contains three folders.
35,14,SYNTHETIC TRAINING TEXT. Archive shelf 35:14 contains three folders.
35,15,SYNTHETIC TRAINING TEXT. Archive shelf 35:15 contains three folders.
35,16,SYNTHETIC TRAINING TEXT. Archive shelf 35:16 contains three folders.
35,17,SYNTHETIC TRAINING TEXT. Archive shelf 35:17 contains three folders.
35,18,SYNTHETIC TRAINING TEXT. Archive shelf 35:18 contains three folders.
35,19,SYNTHETIC TRAINING TEXT. Archive shelf 35:19 contains three folders.
35,20,SYNTHETIC TRAINING TEXT. Archive shelf 35:20 contains three folders.
35,21,SYNTHETIC TRAINING TEXT. Archive shelf 35:21 contains three folders.
35,22,SYNTHETIC TRAINING TEXT. Archive shelf 35:22 contains three folders.
35,23,SYNTHETIC TRAINING TEXT. Archive shelf 35:23 contains three folders.
35,24,SYNTHETIC TRAINING TEXT. Archive shelf 35:24 contains three folders.
35,25,SYNTHETIC TRAINING TEXT. Archive shelf 35:25 contains three folders.
35,26,SYNTHETIC TRAINING TEXT. Archive shelf 35:26 contains three folders.
35,27,SYNTHETIC TRAINING TEXT. Archive shelf 35:27 contains three folders.
35,28,SYNTHETIC TRAINING TEXT. Archive shelf 35:28 contains three folders.
35,29,SYNTHETIC TRAINING TEXT. Archive shelf 35:29 contains three folders.
35,30,SYNTHETIC TRAINING TEXT. Archive shelf 35:30 contains three folders.
35,31,SYNTHETIC TRAINING TEXT. Archive shelf 35:31 contains three folders.
35,32,SYNTHETIC TRAINING TEXT. Archive shelf 35:32 contains three folders.
35,33,SYNTHETIC TRAINING TEXT. Archive shelf 35:33 contains three folders.
35,34,SYNTHETIC TRAINING TEXT. Archive shelf 35:34 contains three folders.
35,35,SYNTHETIC TRAINING TEXT. Archive shelf 35:35 contains three folders.
35,36,SYNTHETIC TRAINING TEXT. Archive shelf 35:36 contains three folders.
35,37,SYNTHETIC TRAINING TEXT. Archive shelf 35:37 contains three folders.
35,38,SYNTHETIC TRAINING TEXT. Archive shelf 35:38 contains three folders.
35,39,SYNTHETIC TRAINING TEXT. Archive shelf 35:39 contains three folders.
35,40,SYNTHETIC TRAINING TEXT. Archive shelf 35:40 contains three folders.
35,41,SYNTHETIC TRAINING TEXT. Archive shelf 35:41 contains three folders.
35,42,SYNTHETIC TRAINING TEXT. Archive shelf 35:42 contains three folders.
35,43,SYNTHETIC TRAINING TEXT. Archive shelf 35:43 contains three folders.
35,44,SYNTHETIC TRAINING TEXT. Archive shelf 35:44 contains three folders.
35,45,SYNTHETIC TRAINING TEXT. Archive shelf 35:45 contains three folders.
36,1,SYNTHETIC TRAINING TEXT. Archive shelf 36:1 contains three folders.
36,2,SYNTHETIC TRAINING TEXT. Archive shelf 36:2 contains three folders.
36,3,SYNTHETIC TRAINING TEXT. Archive shelf 36:3 contains three folders.
36,4,SYNTHETIC TRAINING TEXT. Archive shelf 36:4 contains three folders.
36,5,SYNTHETIC TRAINING TEXT. Archive shelf 36:5 contains three folders.
36,6,SYNTHETIC TRAINING TEXT. Archive shelf 36:6 contains three folders.
36,7,SYNTHETIC TRAINING TEXT. Archive shelf 36:7 contains three folders.
36,8,SYNTHETIC TRAINING TEXT. Archive shelf 36:8 contains three folders.
36,9,SYNTHETIC TRAINING TEXT. Archive shelf 36:9 contains three folders.
36,10,SYNTHETIC TRAINING TEXT. Archive shelf 36:10 contains three folders.
36,11,SYNTHETIC TRAINING TEXT. Archive shelf 36:11 contains three folders.
36,12,SYNTHETIC TRAINING TEXT. Archive shelf 36:12 contains three folders.
36,13,SYNTHETIC TRAINING TEXT. Archive shelf 36:13 contains three folders.
36,14,SYNTHETIC TRAINING TEXT. Archive shelf 36:14 contains three folders.
36,15,SYNTHETIC TRAINING TEXT. Archive shelf 36:15 contains three folders.
36,16,SYNTHETIC TRAINING TEXT. Archive shelf 36:16 contains three folders.
36,17,SYNTHETIC TRAINING TEXT. Archive shelf 36:17 contains three folders.
36,18,SYNTHETIC TRAINING TEXT. Archive shelf 36:18 contains three folders.
36,19,SYNTHETIC TRAINING TEXT. Archive shelf 36:19 contains three folders.
36,20,SYNTHETIC TRAINING TEXT. Archive shelf 36:20 contains three folders.
36,21,SYNTHETIC TRAINING TEXT. Archive shelf 36:21 contains three folders.
36,22,SYNTHETIC TRAINING TEXT. Archive shelf 36:22 contains three folders.
36,23,SYNTHETIC TRAINING TEXT. Archive shelf 36:23 contains three folders.
36,24,SYNTHETIC TRAINING TEXT. Archive shelf 36:24 contains three folders.
36,25,SYNTHETIC TRAINING TEXT. Archive shelf 36:25 contains three folders.
36,26,SYNTHETIC TRAINING TEXT. Archive shelf 36:26 contains three folders.
36,27,SYNTHETIC TRAINING TEXT. Archive shelf 36:27 contains three folders.
36,28,SYNTHETIC TRAINING TEXT. Archive shelf 36:28 contains three folders.
36,29,SYNTHETIC TRAINING TEXT. Archive shelf 36:29 contains three folders.
36,30,SYNTHETIC TRAINING TEXT. Archive shelf 36:30 contains three folders.
36,31,SYNTHETIC TRAINING TEXT. Archive shelf 36:31 contains three folders.
36,32,SYNTHETIC TRAINING TEXT. Archive shelf 36:32 contains three folders.
36,33,SYNTHETIC TRAINING TEXT. Archive shelf 36:33 contains three folders.
36,34,SYNTHETIC TRAINING TEXT. Archive shelf 36:34 contains three folders.
36,35,SYNTHETIC TRAINING TEXT. Archive shelf 36:35 contains three folders.
36,36,SYNTHETIC TRAINING TEXT. Archive shelf 36:36 contains three folders.
36,37,SYNTHETIC TRAINING TEXT. Archive shelf 36:37 contains three folders.
36,38,SYNTHETIC TRAINING TEXT. Archive shelf 36:38 contains three folders.
36,39,SYNTHETIC TRAINING TEXT. Archive shelf 36:39 contains three folders.
36,40,SYNTHETIC TRAINING TEXT. Archive shelf 36:40 contains three folders.
36,41,SYNTHETIC TRAINING TEXT. Archive shelf 36:41 contains three folders.
36,42,SYNTHETIC TRAINING TEXT. Archive shelf 36:42 contains three folders.
36,43,SYNTHETIC TRAINING TEXT. Archive shelf 36:43 contains three folders.
36,44,SYNTHETIC TRAINING TEXT. Archive shelf 36:44 contains three folders.
36,45,SYNTHETIC TRAINING TEXT. Archive shelf 36:45 contains three folders.
36,46,SYNTHETIC TRAINING TEXT. Archive shelf 36:46 contains three folders.
36,47,SYNTHETIC TRAINING TEXT. Archive shelf 36:47 contains three folders.
36,48,SYNTHETIC TRAINING TEXT. Archive shelf 36:48 contains three folders.
36,49,SYNTHETIC TRAINING TEXT. Archive shelf 36:49 contains three folders.
36,50,SYNTHETIC TRAINING TEXT. Archive shelf 36:50 contains three folders.
36,51,SYNTHETIC TRAINING TEXT. Archive shelf 36:51 contains three folders.
36,52,SYNTHETIC TRAINING TEXT. Archive shelf 36:52 contains three folders.
36,53,SYNTHETIC TRAINING TEXT. Archive shelf 36:53 contains three folders.
36,54,SYNTHETIC TRAINING TEXT. Archive shelf 36:54 contains three folders.
36,55,SYNTHETIC TRAINING TEXT. Archive shelf 36:55 contains three folders.
36,56,SYNTHETIC TRAINING TEXT. Archive shelf 36:56 contains three folders.
36,57,SYNTHETIC TRAINING TEXT. Archive shelf 36:57 contains three folders.
36,58,SYNTHETIC TRAINING TEXT. Archive shelf 36:58 contains three folders.
36,59,SYNTHETIC TRAINING TEXT. Archive shelf 36:59 contains three folders.
36,60,SYNTHETIC TRAINING TEXT. Archive shelf 36:60 contains three folders.
36,61,SYNTHETIC TRAINING TEXT. Archive shelf 36:61 contains three folders.
36,62,SYNTHETIC TRAINING TEXT. Archive shelf 36:62 contains three folders.
36,63,SYNTHETIC TRAINING TEXT. Archive shelf 36:63 contains three folders.
36,64,SYNTHETIC TRAINING TEXT. Archive shelf 36:64 contains three folders.
36,65,SYNTHETIC TRAINING TEXT. Archive shelf 36:65 contains three folders.
36,66,SYNTHETIC TRAINING TEXT. Archive shelf 36:66 contains three folders.
36,67,SYNTHETIC TRAINING TEXT. Archive shelf 36:67 contains three folders.
36,68,SYNTHETIC TRAINING TEXT. Archive shelf 36:68 contains three folders.
36,69,SYNTHETIC TRAINING TEXT. Archive shelf 36:69 contains three folders.
36,70,SYNTHETIC TRAINING TEXT. Archive shelf 36:70 contains three folders.
36,71,SYNTHETIC TRAINING TEXT. Archive shelf 36:71 contains three folders.
36,72,SYNTHETIC TRAINING TEXT. Archive shelf 36:72 contains three folders.
36,73,SYNTHETIC TRAINING TEXT. Archive shelf 36:73 contains three folders.
36,74,SYNTHETIC TRAINING TEXT. Archive shelf 36:74 contains three folders.
36,75,SYNTHETIC TRAINING TEXT. Archive shelf 36:75 contains three folders.
36,76,SYNTHETIC TRAINING TEXT. Archive shelf 36:76 contains three folders.
36,77,SYNTHETIC TRAINING TEXT. Archive shelf 36:77 contains three folders.
36,78,SYNTHETIC TRAINING TEXT. Archive shelf 36:78 contains three folders.
36,79,SYNTHETIC TRAINING TEXT. Archive shelf 36:79 contains three folders.
36,80,SYNTHETIC TRAINING TEXT. Archive shelf 36:80 contains three folders.
36,81,SYNTHETIC TRAINING TEXT. Archive shelf 36:81 contains three folders.
36,82,SYNTHETIC TRAINING TEXT. Archive shelf 36:82 contains three folders.
36,83,SYNTHETIC TRAINING TEXT. Archive shelf 36:83 contains three folders.
37,1,SYNTHETIC TRAINING TEXT. Archive shelf 37:1 contains three folders.
37,2,SYNTHETIC TRAINING TEXT. Archive shelf 37:2 contains three folders.
37,3,SYNTHETIC TRAINING TEXT. Archive shelf 37:3 contains three folders.
37,4,SYNTHETIC TRAINING TEXT. Archive shelf 37:4 contains three folders.
37,5,SYNTHETIC TRAINING TEXT. Archive shelf 37:5 contains three folders.
37,6,SYNTHETIC TRAINING TEXT. Archive shelf 37:6 contains three folders.
37,7,SYNTHETIC TRAINING TEXT. Archive shelf 37:7 contains three folders.
37,8,SYNTHETIC TRAINING TEXT. Archive shelf 37:8 contains three folders.
37,9,SYNTHETIC TRAINING TEXT. Archive shelf 37:9 contains three folders.
37,10,SYNTHETIC TRAINING TEXT. Archive shelf 37:10 contains three folders.
37,11,SYNTHETIC TRAINING TEXT. Archive shelf 37:11 contains three folders.
37,12,SYNTHETIC TRAINING TEXT. Archive shelf 37:12 contains three folders.
37,13,SYNTHETIC TRAINING TEXT. Archive shelf 37:13 contains three folders.
37,14,SYNTHETIC TRAINING TEXT. Archive shelf 37:14 contains three folders.
37,15,SYNTHETIC TRAINING TEXT. Archive shelf 37:15 contains three folders.
37,16,SYNTHETIC TRAINING TEXT. Archive shelf 37:16 contains three folders.
37,17,SYNTHETIC TRAINING TEXT. Archive shelf 37:17 contains three folders.
37,18,SYNTHETIC TRAINING TEXT. Archive shelf 37:18 contains three folders.
37,19,SYNTHETIC TRAINING TEXT. Archive shelf 37:19 contains three folders.
37,20,SYNTHETIC TRAINING TEXT. Archive shelf 37:20 contains three folders.
37,21,SYNTHETIC TRAINING TEXT. Archive shelf 37:21 contains three folders.
37,22,SYNTHETIC TRAINING TEXT. Archive shelf 37:22 contains three folders.
37,23,SYNTHETIC TRAINING TEXT. Archive shelf 37:23 contains three folders.
37,24,SYNTHETIC TRAINING TEXT. Archive shelf 37:24 contains three folders.
37,25,SYNTHETIC TRAINING TEXT. Archive shelf 37:25 contains three folders.
37,26,SYNTHETIC TRAINING TEXT. Archive shelf 37:26 contains three folders.
37,27,SYNTHETIC TRAINING TEXT. Archive shelf 37:27 contains three folders.
37,28,SYNTHETIC TRAINING TEXT. Archive shelf 37:28 contains three folders.
37,29,SYNTHETIC TRAINING TEXT. Archive shelf 37:29 contains three folders.
37,30,SYNTHETIC TRAINING TEXT. Archive shelf 37:30 contains three folders.
37,31,SYNTHETIC TRAINING TEXT. Archive shelf 37:31 contains three folders.
37,32,SYNTHETIC TRAINING TEXT. Archive shelf 37:32 contains three folders.
37,33,SYNTHETIC TRAINING TEXT. Archive shelf 37:33 contains three folders.
37,34,SYNTHETIC TRAINING TEXT. Archive shelf 37:34 contains three folders.
37,35,SYNTHETIC TRAINING TEXT. Archive shelf 37:35 contains three folders.
37,36,SYNTHETIC TRAINING TEXT. Archive shelf 37:36 contains three folders.
37,37,SYNTHETIC TRAINING TEXT. Archive shelf 37:37 contains three folders.
37,38,SYNTHETIC TRAINING TEXT. Archive shelf 37:38 contains three folders.
37,39,SYNTHETIC TRAINING TEXT. Archive shelf 37:39 contains three folders.
37,40,SYNTHETIC TRAINING TEXT. Archive shelf 37:40 contains three folders.
37,41,SYNTHETIC TRAINING TEXT. Archive shelf 37:41 contains three folders.
37,42,SYNTHETIC TRAINING TEXT. Archive shelf 37:42 contains three folders.
37,43,SYNTHETIC TRAINING TEXT. Archive shelf 37:43 contains three folders.
37,44,SYNTHETIC TRAINING TEXT. Archive shelf 37:44 contains three folders.
37,45,SYNTHETIC TRAINING TEXT. Archive shelf 37:45 contains three folders.
37,46,SYNTHETIC TRAINING TEXT. Archive shelf 37:46 contains three folders.
37,47,SYNTHETIC TRAINING TEXT. Archive shelf 37:47 contains three folders.
37,48,SYNTHETIC TRAINING TEXT. Archive shelf 37:48 contains three folders.
37,49,SYNTHETIC TRAINING TEXT. Archive shelf 37:49 contains three folders.
37,50,SYNTHETIC TRAINING TEXT. Archive shelf 37:50 contains three folders.
37,51,SYNTHETIC TRAINING TEXT. Archive shelf 37:51 contains three folders.
37,52,SYNTHETIC TRAINING TEXT. Archive shelf 37:52 contains three folders.
37,53,SYNTHETIC TRAINING TEXT. Archive shelf 37:53 contains three folders.
37,54,SYNTHETIC TRAINING TEXT. Archive shelf 37:54 contains three folders.
37,55,SYNTHETIC TRAINING TEXT. Archive shelf 37:55 contains three folders.
37,56,SYNTHETIC TRAINING TEXT. Archive shelf 37:56 contains three folders.
37,57,SYNTHETIC TRAINING TEXT. Archive shelf 37:57 contains three folders.
37,58,SYNTHETIC TRAINING TEXT. Archive shelf 37:58 contains three folders.
37,59,SYNTHETIC TRAINING TEXT. Archive shelf 37:59 contains three folders.
37,60,SYNTHETIC TRAINING TEXT. Archive shelf 37:60 contains three folders.
37,61,SYNTHETIC TRAINING TEXT. Archive shelf 37:61 contains three folders.
37,62,SYNTHETIC TRAINING TEXT. Archive shelf 37:62 contains three folders.
37,63,SYNTHETIC TRAINING TEXT. Archive shelf 37:63 contains three folders.
37,64,SYNTHETIC TRAINING TEXT. Archive shelf 37:64 contains three folders.
37,65,SYNTHETIC TRAINING TEXT. Archive shelf 37:65 contains three folders.
37,66,SYNTHETIC TRAINING TEXT. Archive shelf 37:66 contains three folders.
37,67,SYNTHETIC TRAINING TEXT. Archive shelf 37:67 contains three folders.
37,68,SYNTHETIC TRAINING TEXT. Archive shelf 37:68 contains three folders.
37,69,SYNTHETIC TRAINING TEXT. Archive shelf 37:69 contains three folders.
37,70,SYNTHETIC TRAINING TEXT. Archive shelf 37:70 contains three folders.
37,71,SYNTHETIC TRAINING TEXT. Archive shelf 37:71 contains three folders.
37,72,SYNTHETIC TRAINING TEXT. Archive shelf 37:72 contains three folders.
37,73,SYNTHETIC TRAINING TEXT. Archive shelf 37:73 contains three folders.
37,74,SYNTHETIC TRAINING TEXT. Archive shelf 37:74 contains three folders.
37,75,SYNTHETIC TRAINING TEXT. Archive shelf 37:75 contains three folders.
37,76,SYNTHETIC TRAINING TEXT. Archive shelf 37:76 contains three folders.
37,77,SYNTHETIC TRAINING TEXT. Archive shelf 37:77 contains three folders.
37,78,SYNTHETIC TRAINING TEXT. Archive shelf 37:78 contains three folders.
37,79,SYNTHETIC TRAINING TEXT. Archive shelf 37:79 contains three folders.
37,80,SYNTHETIC TRAINING TEXT. Archive shelf 37:80 contains three folders.
37,81,SYNTHETIC TRAINING TEXT. Archive shelf 37:81 contains three folders.
37,82,SYNTHETIC TRAINING TEXT. Archive shelf 37:82 contains three folders.
37,83,SYNTHETIC TRAINING TEXT. Archive shelf 37:83 contains three folders.
37,84,SYNTHETIC TRAINING TEXT. Archive shelf 37:84 contains three folders.
37,85,SYNTHETIC TRAINING TEXT. Archive shelf 37:85 contains three folders.
37,86,SYNTHETIC TRAINING TEXT. Archive shelf 37:86 contains three folders.
37,87,SYNTHETIC TRAINING TEXT. Archive shelf 37:87 contains three folders.
37,88,SYNTHETIC TRAINING TEXT. Archive shelf 37:88 contains three folders.
37,89,SYNTHETIC TRAINING TEXT. Archive shelf 37:89 contains three folders.
37,90,SYNTHETIC TRAINING TEXT. Archive shelf 37:90 contains three folders.
37,91,SYNTHETIC TRAINING TEXT. Archive shelf 37:91 contains three folders.
37,92,SYNTHETIC TRAINING TEXT. Archive shelf 37:92 contains three folders.
37,93,SYNTHETIC TRAINING TEXT. Archive shelf 37:93 contains three folders.
37,94,SYNTHETIC TRAINING TEXT. Archive shelf 37:94 contains three folders.
37,95,SYNTHETIC TRAINING TEXT. Archive shelf 37:95 contains three folders.
37,96,SYNTHETIC TRAINING TEXT. Archive shelf 37:96 contains three folders.
37,97,SYNTHETIC TRAINING TEXT. Archive shelf 37:97 contains three folders.
37,98,SYNTHETIC TRAINING TEXT. Archive shelf 37:98 contains three folders.
37,99,SYNTHETIC TRAINING TEXT. Archive shelf 37:99 contains three folders.
37,100,SYNTHETIC TRAINING TEXT. Archive shelf 37:100 contains three folders.
37,101,SYNTHETIC TRAINING TEXT. Archive shelf 37:101 contains three folders.
37,102,SYNTHETIC TRAINING TEXT. Archive shelf 37:102 contains three folders.
37,103,SYNTHETIC TRAINING TEXT. Archive shelf 37:103 contains three folders.
37,104,SYNTHETIC TRAINING TEXT. Archive shelf 37:104 contains three folders.
37,105,SYNTHETIC TRAINING TEXT. Archive shelf 37:105 contains three folders.
37,106,SYNTHETIC TRAINING TEXT. Archive shelf 37:106 contains three folders.
37,107,SYNTHETIC TRAINING TEXT. Archive shelf 37:107 contains three folders.
37,108,SYNTHETIC TRAINING TEXT. Archive shelf 37:108 contains three folders.
37,109,SYNTHETIC TRAINING TEXT. Archive shelf 37:109 contains three folders.
37,110,SYNTHETIC TRAINING TEXT. Archive shelf 37:110 contains three folders.
37,111,SYNTHETIC TRAINING TEXT. Archive shelf 37:111 contains three folders.
37,112,SYNTHETIC TRAINING TEXT. Archive shelf 37:112 contains three folders.
37,113,SYNTHETIC TRAINING TEXT. Archive shelf 37:113 contains three folders.
37,114,SYNTHETIC TRAINING TEXT. Archive shelf 37:114 contains three folders.
37,115,SYNTHETIC TRAINING TEXT. Archive shelf 37:115 contains three folders.
37,116,SYNTHETIC TRAINING TEXT. Archive shelf 37:116 contains three folders.
37,117,SYNTHETIC TRAINING TEXT. Archive shelf 37:117 contains three folders.
37,118,SYNTHETIC TRAINING TEXT. Archive shelf 37:118 contains three folders.
37,119,SYNTHETIC TRAINING TEXT. Archive shelf 37:119 contains three folders.
37,120,SYNTHETIC TRAINING TEXT. Archive shelf 37:120 contains three folders.
37,121,SYNTHETIC TRAINING TEXT. Archive shelf 37:121 contains three folders.
37,122,SYNTHETIC TRAINING TEXT. Archive shelf 37:122 contains three folders.
37,123,SYNTHETIC TRAINING TEXT. Archive shelf 37:123 contains three folders.
37,124,SYNTHETIC TRAINING TEXT. Archive shelf 37:124 contains three folders.
37,125,SYNTHETIC TRAINING TEXT. Archive shelf 37:125 contains three folders.
37,126,SYNTHETIC TRAINING TEXT. Archive shelf 37:126 contains three folders.
37,127,SYNTHETIC TRAINING TEXT. Archive shelf 37:127 contains three folders.
37,128,SYNTHETIC TRAINING TEXT. Archive shelf 37:128 contains three folders.
37,129,SYNTHETIC TRAINING TEXT. Archive shelf 37:129 contains three folders.
37,130,SYNTHETIC TRAINING TEXT. Archive shelf 37:130 contains three folders.
37,131,SYNTHETIC TRAINING TEXT. Archive shelf 37:131 contains three folders.
37,132,SYNTHETIC TRAINING TEXT. Archive shelf 37:132 contains three folders.
37,133,SYNTHETIC TRAINING TEXT. Archive shelf 37:133 contains three folders.
37,134,SYNTHETIC TRAINING TEXT. Archive shelf 37:134 contains three folders.
37,135,SYNTHETIC TRAINING TEXT. Archive shelf 37:135 contains three folders.
37,136,SYNTHETIC TRAINING TEXT. Archive shelf 37:136 contains three folders.
37,137,SYNTHETIC TRAINING TEXT. Archive shelf 37:137 contains three folders.
37,138,SYNTHETIC TRAINING TEXT. Archive shelf 37:138 contains three folders.
37,139,SYNTHETIC TRAINING TEXT. Archive shelf 37:139 contains three folders.
37,140,SYNTHETIC TRAINING TEXT. Archive shelf 37:140 contains three folders.
37,141,SYNTHETIC TRAINING TEXT. Archive shelf 37:141 contains three folders.
37,142,SYNTHETIC TRAINING TEXT. Archive shelf 37:142 contains three folders.
37,143,SYNTHETIC TRAINING TEXT. Archive shelf 37:143 contains three folders.
37,144,SYNTHETIC TRAINING TEXT. Archive shelf 37:144 contains three folders.
37,145,SYNTHETIC TRAINING TEXT. Archive shelf 37:145 contains three folders.
37,146,SYNTHETIC TRAINING TEXT. Archive shelf 37:146 contains three folders.
37,147,SYNTHETIC TRAINING TEXT. Archive shelf 37:147 contains three folders.
37,148,SYNTHETIC TRAINING TEXT. Archive shelf 37:148 contains three folders.
37,149,SYNTHETIC TRAINING TEXT. Archive shelf 37:149 contains three folders.
37,150,SYNTHETIC TRAINING TEXT. Archive shelf 37:150 contains three folders.
37,151,SYNTHETIC TRAINING TEXT. Archive shelf 37:151 contains three folders.
37,152,SYNTHETIC TRAINING TEXT. Archive shelf 37:152 contains three folders.
37,153,SYNTHETIC TRAINING TEXT. Archive shelf 37:153 contains three folders.
37,154,SYNTHETIC TRAINING TEXT. Archive shelf 37:154 contains three folders.
37,155,SYNTHETIC TRAINING TEXT. Archive shelf 37:155 contains three folders.
37,156,SYNTHETIC TRAINING TEXT. Archive shelf 37:156 contains three folders.
37,157,SYNTHETIC TRAINING TEXT. Archive shelf 37:157 contains three folders.
37,158,SYNTHETIC TRAINING TEXT. Archive shelf 37:158 contains three folders.
37,159,SYNTHETIC TRAINING TEXT. Archive shelf 37:159 contains three folders.
37,160,SYNTHETIC TRAINING TEXT. Archive shelf 37:160 contains three folders.
37,161,SYNTHETIC TRAINING TEXT. Archive shelf 37:161 contains three folders.
37,162,SYNTHETIC TRAINING TEXT. Archive shelf 37:162 contains three folders.
37,163,SYNTHETIC TRAINING TEXT. Archive shelf 37:163 contains three folders.
37,164,SYNTHETIC TRAINING TEXT. Archive shelf 37:164 contains three folders.
37,165,SYNTHETIC TRAINING TEXT. Archive shelf 37:165 contains three folders.
37,166,SYNTHETIC TRAINING TEXT. Archive shelf 37:166 contains three folders.
37,167,SYNTHETIC TRAINING TEXT. Archive shelf 37:167 contains three folders.
37,168,SYNTHETIC TRAINING TEXT. Archive shelf 37:168 contains three folders.
37,169,SYNTHETIC TRAINING TEXT. Archive shelf 37:169 contains three folders.
37,170,SYNTHETIC TRAINING TEXT. Archive shelf 37:170 contains three folders.
37,171,SYNTHETIC TRAINING TEXT. Archive shelf 37:171 contains three folders.
37,172,SYNTHETIC TRAINING TEXT. Archive shelf 37:172 contains three folders.
37,173,SYNTHETIC TRAINING TEXT. Archive shelf 37:173 contains three folders.
37,174,SYNTHETIC TRAINING TEXT. Archive shelf 37:174 contains three folders.
37,175,SYNTHETIC TRAINING TEXT. Archive shelf 37:175 contains three folders.
37,176,SYNTHETIC TRAINING TEXT. Archive shelf 37:176 contains three folders.
37,177,SYNTHETIC TRAINING TEXT. Archive shelf 37:177 contains three folders.
37,178,SYNTHETIC TRAINING TEXT. Archive shelf 37:178 contains three folders.
37,179,SYNTHETIC TRAINING TEXT. Archive shelf 37:179 contains three folders.
37,180,SYNTHETIC TRAINING TEXT. Archive shelf 37:180 contains three folders.
37,181,SYNTHETIC TRAINING TEXT. Archive shelf 37:181 contains three folders.
37,182,SYNTHETIC TRAINING TEXT. Archive shelf 37:182 contains three folders.
38,1,SYNTHETIC TRAINING TEXT. Archive shelf 38:1 contains three folders.
38,2,SYNTHETIC TRAINING TEXT. Archive shelf 38:2 contains three folders.
38,3,SYNTHETIC TRAINING TEXT. Archive shelf 38:3 contains three folders.
38,4,SYNTHETIC TRAINING TEXT. Archive shelf 38:4 contains three folders.
38,5,SYNTHETIC TRAINING TEXT. Archive shelf 38:5 contains three folders.
38,6,SYNTHETIC TRAINING TEXT. Archive shelf 38:6 contains three folders.
38,7,SYNTHETIC TRAINING TEXT. Archive shelf 38:7 contains three folders.
38,8,SYNTHETIC TRAINING TEXT. Archive shelf 38:8 contains three folders.
38,9,SYNTHETIC TRAINING TEXT. Archive shelf 38:9 contains three folders.
38,10,SYNTHETIC TRAINING TEXT. Archive shelf 38:10 contains three folders.
38,11,SYNTHETIC TRAINING TEXT. Archive shelf 38:11 contains three folders.
38,12,SYNTHETIC TRAINING TEXT. Archive shelf 38:12 contains three folders.
38,13,SYNTHETIC TRAINING TEXT. Archive shelf 38:13 contains three folders.
38,14,SYNTHETIC TRAINING TEXT. Archive shelf 38:14 contains three folders.
38,15,SYNTHETIC TRAINING TEXT. Archive shelf 38:15 contains three folders.
38,16,SYNTHETIC TRAINING TEXT. Archive shelf 38:16 contains three folders.
38,17,SYNTHETIC TRAINING TEXT. Archive shelf 38:17 contains three folders.
38,18,SYNTHETIC TRAINING TEXT. Archive shelf 38:18 contains three folders.
38,19,SYNTHETIC TRAINING TEXT. Archive shelf 38:19 contains three folders.
38,20,SYNTHETIC TRAINING TEXT. Archive shelf 38:20 contains three folders.
38,21,SYNTHETIC TRAINING TEXT. Archive shelf 38:21 contains three folders.
38,22,SYNTHETIC TRAINING TEXT. Archive shelf 38:22 contains three folders.
38,23,SYNTHETIC TRAINING TEXT. Archive shelf 38:23 contains three folders.
38,24,SYNTHETIC TRAINING TEXT. Archive shelf 38:24 contains three folders.
38,25,SYNTHETIC TRAINING TEXT. Archive shelf 38:25 contains three folders.
38,26,SYNTHETIC TRAINING TEXT. Archive shelf 38:26 contains three folders.
38,27,SYNTHETIC TRAINING TEXT. Archive shelf 38:27 contains three folders.
38,28,SYNTHETIC TRAINING TEXT. Archive shelf 38:28 contains three folders.
38,29,SYNTHETIC TRAINING TEXT. Archive shelf 38:29 contains three folders.
38,30,SYNTHETIC TRAINING TEXT. Archive shelf 38:30 contains three folders.
38,31,SYNTHETIC TRAINING TEXT. Archive shelf 38:31 contains three folders.
38,32,SYNTHETIC TRAINING TEXT. Archive shelf 38:32 contains three folders.
38,33,SYNTHETIC TRAINING TEXT. Archive shelf 38:33 contains three folders.
38,34,SYNTHETIC TRAINING TEXT. Archive shelf 38:34 contains three folders.
38,35,SYNTHETIC TRAINING TEXT. Archive shelf 38:35 contains three folders.
38,36,SYNTHETIC TRAINING TEXT. Archive shelf 38:36 contains three folders.
38,37,SYNTHETIC TRAINING TEXT. Archive shelf 38:37 contains three folders.
38,38,SYNTHETIC TRAINING TEXT. Archive shelf 38:38 contains three folders.
38,39,SYNTHETIC TRAINING TEXT. Archive shelf 38:39 contains three folders.
38,40,SYNTHETIC TRAINING TEXT. Archive shelf 38:40 contains three folders.
38,41,SYNTHETIC TRAINING TEXT. Archive shelf 38:41 contains three folders.
38,42,SYNTHETIC TRAINING TEXT. Archive shelf 38:42 contains three folders.
38,43,SYNTHETIC TRAINING TEXT. Archive shelf 38:43 contains three folders.
38,44,SYNTHETIC TRAINING TEXT. Archive shelf 38:44 contains three folders.
38,45,SYNTHETIC TRAINING TEXT. Archive shelf 38:45 contains three folders.
38,46,SYNTHETIC TRAINING TEXT. Archive shelf 38:46 contains three folders.
38,47,SYNTHETIC TRAINING TEXT. Archive shelf 38:47 contains three folders.
38,48,SYNTHETIC TRAINING TEXT. Archive shelf 38:48 contains three folders.
38,49,SYNTHETIC TRAINING TEXT. Archive shelf 38:49 contains three folders.
38,50,SYNTHETIC TRAINING TEXT. Archive shelf 38:50 contains three folders.
38,51,SYNTHETIC TRAINING TEXT. Archive shelf 38:51 contains three folders.
38,52,SYNTHETIC TRAINING TEXT. Archive shelf 38:52 contains three folders.
38,53,SYNTHETIC TRAINING TEXT. Archive shelf 38:53 contains three folders.
38,54,SYNTHETIC TRAINING TEXT. Archive shelf 38:54 contains three folders.
38,55,SYNTHETIC TRAINING TEXT. Archive shelf 38:55 contains three folders.
38,56,SYNTHETIC TRAINING TEXT. Archive shelf 38:56 contains three folders.
38,57,SYNTHETIC TRAINING TEXT. Archive shelf 38:57 contains three folders.
38,58,SYNTHETIC TRAINING TEXT. Archive shelf 38:58 contains three folders.
38,59,SYNTHETIC TRAINING TEXT. Archive shelf 38:59 contains three folders.
38,60,SYNTHETIC TRAINING TEXT. Archive shelf 38:60 contains three folders.
38,61,SYNTHETIC TRAINING TEXT. Archive shelf 38:61 contains three folders.
38,62,SYNTHETIC TRAINING TEXT. Archive shelf 38:62 contains three folders.
38,63,SYNTHETIC TRAINING TEXT. Archive shelf 38:63 contains three folders.
38,64,SYNTHETIC TRAINING TEXT. Archive shelf 38:64 contains three folders.
38,65,SYNTHETIC TRAINING TEXT. Archive shelf 38:65 contains three folders.
38,66,SYNTHETIC TRAINING TEXT. Archive shelf 38:66 contains three folders.
38,67,SYNTHETIC TRAINING TEXT. Archive shelf 38:67 contains three folders.
38,68,SYNTHETIC TRAINING TEXT. Archive shelf 38:68 contains three folders.
38,69,SYNTHETIC TRAINING TEXT. Archive shelf 38:69 contains three folders.
38,70,SYNTHETIC TRAINING TEXT. Archive shelf 38:70 contains three folders.
38,71,SYNTHETIC TRAINING TEXT. Archive shelf 38:71 contains three folders.
38,72,SYNTHETIC TRAINING TEXT. Archive shelf 38:72 contains three folders.
38,73,SYNTHETIC TRAINING TEXT. Archive shelf 38:73 contains three folders.
38,74,SYNTHETIC TRAINING TEXT. Archive shelf 38:74 contains three folders.
38,75,SYNTHETIC TRAINING TEXT. Archive shelf 38:75 contains three folders.
38,76,SYNTHETIC TRAINING TEXT. Archive shelf 38:76 contains three folders.
38,77,SYNTHETIC TRAINING TEXT. Archive shelf 38:77 contains three folders.
38,78,SYNTHETIC TRAINING TEXT. Archive shelf 38:78 contains three folders.
38,79,SYNTHETIC TRAINING TEXT. Archive shelf 38:79 contains three folders.
38,80,SYNTHETIC TRAINING TEXT. Archive shelf 38:80 contains three folders.
38,81,SYNTHETIC TRAINING TEXT. Archive shelf 38:81 contains three folders.
38,82,SYNTHETIC TRAINING TEXT. Archive shelf 38:82 contains three folders.
38,83,SYNTHETIC TRAINING TEXT. Archive shelf 38:83 contains three folders.
38,84,SYNTHETIC TRAINING TEXT. Archive shelf 38:84 contains three folders.
38,85,SYNTHETIC TRAINING TEXT. Archive shelf 38:85 contains three folders.
38,86,SYNTHETIC TRAINING TEXT. Archive shelf 38:86 contains three folders.
38,87,SYNTHETIC TRAINING TEXT. Archive shelf 38:87 contains three folders.
38,88,SYNTHETIC TRAINING TEXT. Archive shelf 38:88 contains three folders.
39,1,SYNTHETIC TRAINING TEXT. Archive shelf 39:1 contains three folders.
39,2,SYNTHETIC TRAINING TEXT. Archive shelf 39:2 contains three folders.
39,3,SYNTHETIC TRAINING TEXT. Archive shelf 39:3 contains three folders.
39,4,SYNTHETIC TRAINING TEXT. Archive shelf 39:4 contains three folders.
39,5,SYNTHETIC TRAINING TEXT. Archive shelf 39:5 contains three folders.
39,6,SYNTHETIC TRAINING TEXT. Archive shelf 39:6 contains three folders.
39,7,SYNTHETIC TRAINING TEXT. Archive shelf 39:7 contains three folders.
39,8,SYNTHETIC TRAINING TEXT. Archive shelf 39:8 contains three folders.
39,9,SYNTHETIC TRAINING TEXT. Archive shelf 39:9 contains three folders.
39,10,SYNTHETIC TRAINING TEXT. Archive shelf 39:10 contains three folders.
39,11,SYNTHETIC TRAINING TEXT. Archive shelf 39:11 contains three folders.
39,12,SYNTHETIC TRAINING TEXT. Archive shelf 39:12 contains three folders.
39,13,SYNTHETIC TRAINING TEXT. Archive shelf 39:13 contains three folders.
39,14,SYNTHETIC TRAINING TEXT. Archive shelf 39:14 contains three folders.
39,15,SYNTHETIC TRAINING TEXT. Archive shelf 39:15 contains three folders.
39,16,SYNTHETIC TRAINING TEXT. Archive shelf 39:16 contains three folders.
39,17,SYNTHETIC TRAINING TEXT. Archive shelf 39:17 contains three folders.
39,18,SYNTHETIC TRAINING TEXT. Archive shelf 39:18 contains three folders.
39,19,SYNTHETIC TRAINING TEXT. Archive shelf 39:19 contains three folders.
39,20,SYNTHETIC TRAINING TEXT. Archive shelf 39:20 contains three folders.
39,21,SYNTHETIC TRAINING TEXT. Archive shelf 39:21 contains three folders.
39,22,SYNTHETIC TRAINING TEXT. Archive shelf 39:22 contains three folders.
39,23,SYNTHETIC TRAINING TEXT. Archive shelf 39:23 contains three folders.
39,24,SYNTHETIC TRAINING TEXT. Archive shelf 39:24 contains three folders.
39,25,SYNTHETIC TRAINING TEXT. Archive shelf 39:25 contains three folders.
39,26,SYNTHETIC TRAINING TEXT. Archive shelf 39:26 contains three folders.
39,27,SYNTHETIC TRAINING TEXT. Archive shelf 39:27 contains three folders.
39,28,SYNTHETIC TRAINING TEXT. Archive shelf 39:28 contains three folders.
39,29,SYNTHETIC TRAINING TEXT. Archive shelf 39:29 contains three folders.
39,30,SYNTHETIC TRAINING TEXT. Archive shelf 39:30 contains three folders.
39,31,SYNTHETIC TRAINING TEXT. Archive shelf 39:31 contains three folders.
39,32,SYNTHETIC TRAINING TEXT. Archive shelf 39:32 contains three folders.
39,33,SYNTHETIC TRAINING TEXT. Archive shelf 39:33 contains three folders.
39,34,SYNTHETIC TRAINING TEXT. Archive shelf 39:34 contains three folders.
39,35,SYNTHETIC TRAINING TEXT. Archive shelf 39:35 contains three folders.
39,36,SYNTHETIC TRAINING TEXT. Archive shelf 39:36 contains three folders.
39,37,SYNTHETIC TRAINING TEXT. Archive shelf 39:37 contains three folders.
39,38,SYNTHETIC TRAINING TEXT. Archive shelf 39:38 contains three folders.
39,39,SYNTHETIC TRAINING TEXT. Archive shelf 39:39 contains three folders.
39,40,SYNTHETIC TRAINING TEXT. Archive shelf 39:40 contains three folders.
39,41,SYNTHETIC TRAINING TEXT. Archive shelf 39:41 contains three folders.
39,42,SYNTHETIC TRAINING TEXT. Archive shelf 39:42 contains three folders.
39,43,SYNTHETIC TRAINING TEXT. Archive shelf 39:43 contains three folders.
39,44,SYNTHETIC TRAINING TEXT. Archive shelf 39:44 contains three folders.
39,45,SYNTHETIC TRAINING TEXT. Archive shelf 39:45 contains three folders.
39,46,SYNTHETIC TRAINING TEXT. Archive shelf 39:46 contains three folders.
39,47,SYNTHETIC TRAINING TEXT. Archive shelf 39:47 contains three folders.
39,48,SYNTHETIC TRAINING TEXT. Archive shelf 39:48 contains three folders.
39,49,SYNTHETIC TRAINING TEXT. Archive shelf 39:49 contains three folders.
39,50,SYNTHETIC TRAINING TEXT. Archive shelf 39:50 contains three folders.
39,51,SYNTHETIC TRAINING TEXT. Archive shelf 39:51 contains three folders.
39,52,SYNTHETIC TRAINING TEXT. Archive shelf 39:52 contains three folders.
39,53,SYNTHETIC TRAINING TEXT. Archive shelf 39:53 contains three folders.
39,54,SYNTHETIC TRAINING TEXT. Archive shelf 39:54 contains three folders.
39,55,SYNTHETIC TRAINING TEXT. Archive shelf 39:55 contains three folders.
39,56,SYNTHETIC TRAINING TEXT. Archive shelf 39:56 contains three folders.
39,57,SYNTHETIC TRAINING TEXT. Archive shelf 39:57 contains three folders.
39,58,SYNTHETIC TRAINING TEXT. Archive shelf 39:58 contains three folders.
39,59,SYNTHETIC TRAINING TEXT. Archive shelf 39:59 contains three folders.
39,60,SYNTHETIC TRAINING TEXT. Archive shelf 39:60 contains three folders.
39,61,SYNTHETIC TRAINING TEXT. Archive shelf 39:61 contains three folders.
39,62,SYNTHETIC TRAINING TEXT. Archive shelf 39:62 contains three folders.
39,63,SYNTHETIC TRAINING TEXT. Archive shelf 39:63 contains three folders.
39,64,SYNTHETIC TRAINING TEXT. Archive shelf 39:64 contains three folders.
39,65,SYNTHETIC TRAINING TEXT. Archive shelf 39:65 contains three folders.
39,66,SYNTHETIC TRAINING TEXT. Archive shelf 39:66 contains three folders.
39,67,SYNTHETIC TRAINING TEXT. Archive shelf 39:67 contains three folders.
39,68,SYNTHETIC TRAINING TEXT. Archive shelf 39:68 contains three folders.
39,69,SYNTHETIC TRAINING TEXT. Archive shelf 39:69 contains three folders.
39,70,SYNTHETIC TRAINING TEXT. Archive shelf 39:70 contains three folders.
39,71,SYNTHETIC TRAINING TEXT. Archive shelf 39:71 contains three folders.
39,72,SYNTHETIC TRAINING TEXT. Archive shelf 39:72 contains three folders.
39,73,SYNTHETIC TRAINING TEXT. Archive shelf 39:73 contains three folders.
39,74,SYNTHETIC TRAINING TEXT. Archive shelf 39:74 contains three folders.
39,75,SYNTHETIC TRAINING TEXT. Archive shelf 39:75 contains three folders.
40,1,SYNTHETIC TRAINING TEXT. Archive shelf 40:1 contains three folders.
40,2,SYNTHETIC TRAINING TEXT. Archive shelf 40:2 contains three folders.
40,3,SYNTHETIC TRAINING TEXT. Archive shelf 40:3 contains three folders.
40,4,SYNTHETIC TRAINING TEXT. Archive shelf 40:4 contains three folders.
40,5,SYNTHETIC TRAINING TEXT. Archive shelf 40:5 contains three folders.
40,6,SYNTHETIC TRAINING TEXT. Archive shelf 40:6 contains three folders.
40,7,SYNTHETIC TRAINING TEXT. Archive shelf 40:7 contains three folders.
40,8,SYNTHETIC TRAINING TEXT. Archive shelf 40:8 contains three folders.
40,9,SYNTHETIC TRAINING TEXT. Archive shelf 40:9 contains three folders.
40,10,SYNTHETIC TRAINING TEXT. Archive shelf 40:10 contains three folders.
40,11,SYNTHETIC TRAINING TEXT. Archive shelf 40:11 contains three folders.
40,12,SYNTHETIC TRAINING TEXT. Archive shelf 40:12 contains three folders.
40,13,SYNTHETIC TRAINING TEXT. Archive shelf 40:13 contains three folders.
40,14,SYNTHETIC TRAINING TEXT. Archive shelf 40:14 contains three folders.
40,15,SYNTHETIC TRAINING TEXT. Archive shelf 40:15 contains three folders.
40,16,SYNTHETIC TRAINING TEXT. Archive shelf 40:16 contains three folders.
40,17,SYNTHETIC TRAINING TEXT. Archive shelf 40:17 contains three folders.
40,18,SYNTHETIC TRAINING TEXT. Archive shelf 40:18 contains three folders.
40,19,SYNTHETIC TRAINING TEXT. Archive shelf 40:19 contains three folders.
40,20,SYNTHETIC TRAINING TEXT. Archive shelf 40:20 contains three folders.
40,21,SYNTHETIC TRAINING TEXT. Archive shelf 40:21 contains three folders.
40,22,SYNTHETIC TRAINING TEXT. Archive shelf 40:22 contains three folders.
40,23,SYNTHETIC TRAINING TEXT. Archive shelf 40:23 contains three folders.
40,24,SYNTHETIC TRAINING TEXT. Archive shelf 40:24 contains three folders.
40,25,SYNTHETIC TRAINING TEXT. Archive shelf 40:25 contains three folders.
40,26,SYNTHETIC TRAINING TEXT. Archive shelf 40:26 contains three folders.
40,27,SYNTHETIC TRAINING TEXT. Archive shelf 40:27 contains three folders.
40,28,SYNTHETIC TRAINING TEXT. Archive shelf 40:28 contains three folders.
40,29,SYNTHETIC TRAINING TEXT. Archive shelf 40:29 contains three folders.
40,30,SYNTHETIC TRAINING TEXT. Archive shelf 40:30 contains three folders.
40,31,SYNTHETIC TRAINING TEXT. Archive shelf 40:31 contains three folders.
40,32,SYNTHETIC TRAINING TEXT. Archive shelf 40:32 contains three folders.
40,33,SYNTHETIC TRAINING TEXT. Archive shelf 40:33 contains three folders.
40,34,SYNTHETIC TRAINING TEXT. Archive shelf 40:34 contains three folders.
40,35,SYNTHETIC TRAINING TEXT. Archive shelf 40:35 contains three folders.
40,36,SYNTHETIC TRAINING TEXT. Archive shelf 40:36 contains three folders.
40,37,SYNTHETIC TRAINING TEXT. Archive shelf 40:37 contains three folders.
40,38,SYNTHETIC TRAINING TEXT. Archive shelf 40:38 contains three folders.
40,39,SYNTHETIC TRAINING TEXT. Archive shelf 40:39 contains three folders.
40,40,SYNTHETIC TRAINING TEXT. Archive shelf 40:40 contains three folders.
40,41,SYNTHETIC TRAINING TEXT. Archive shelf 40:41 contains three folders.
40,42,SYNTHETIC TRAINING TEXT. Archive shelf 40:42 contains three folders.
40,43,SYNTHETIC TRAINING TEXT. Archive shelf 40:43 contains three folders.
40,44,SYNTHETIC TRAINING TEXT. Archive shelf 40:44 contains three folders.
40,45,SYNTHETIC TRAINING TEXT. Archive shelf 40:45 contains three folders.
40,46,SYNTHETIC TRAINING TEXT. Archive shelf 40:46 contains three folders.
40,47,SYNTHETIC TRAINING TEXT. Archive shelf 40:47 contains three folders.
40,48,SYNTHETIC TRAINING TEXT. Archive shelf 40:48 contains three folders.
40,49,SYNTHETIC TRAINING TEXT. Archive shelf 40:49 contains three folders.
40,50,SYNTHETIC TRAINING TEXT. Archive shelf 40:50 contains three folders.
40,51,SYNTHETIC TRAINING TEXT. Archive shelf 40:51 contains three folders.
40,52,SYNTHETIC TRAINING TEXT. Archive shelf 40:52 contains three folders.
40,53,SYNTHETIC TRAINING TEXT. Archive shelf 40:53 contains three folders.
40,54,SYNTHETIC TRAINING TEXT. Archive shelf 40:54 contains three folders.
40,55,SYNTHETIC TRAINING TEXT. Archive shelf 40:55 contains three folders.
40,56,SYNTHETIC TRAINING TEXT. Archive shelf 40:56 contains three folders.
40,57,SYNTHETIC TRAINING TEXT. Archive shelf 40:57 contains three folders.
40,58,SYNTHETIC TRAINING TEXT. Archive shelf 40:58 contains three folders.
40,59,SYNTHETIC TRAINING TEXT. Archive shelf 40:59 contains three folders.
40,60,SYNTHETIC TRAINING TEXT. Archive shelf 40:60 contains three folders.
40,61,SYNTHETIC TRAINING TEXT. Archive shelf 40:61 contains three folders.
40,62,SYNTHETIC TRAINING TEXT. Archive shelf 40:62 contains three folders.
40,63,SYNTHETIC TRAINING TEXT. Archive shelf 40:63 contains three folders.
40,64,SYNTHETIC TRAINING TEXT. Archive shelf 40:64 contains three folders.
40,65,SYNTHETIC TRAINING TEXT. Archive shelf 40:65 contains three folders.
40,66,SYNTHETIC TRAINING TEXT. Archive shelf 40:66 contains three folders.
40,67,SYNTHETIC TRAINING TEXT. Archive shelf 40:67 contains three folders.
40,68,SYNTHETIC TRAINING TEXT. Archive shelf 40:68 contains three folders.
40,69,SYNTHETIC TRAINING TEXT. Archive shelf 40:69 contains three folders.
40,70,SYNTHETIC TRAINING TEXT. Archive shelf 40:70 contains three folders.
40,71,SYNTHETIC TRAINING TEXT. Archive shelf 40:71 contains three folders.
40,72,SYNTHETIC TRAINING TEXT. Archive shelf 40:72 contains three folders.
40,73,SYNTHETIC TRAINING TEXT. Archive shelf 40:73 contains three folders.
40,74,SYNTHETIC TRAINING TEXT. Archive shelf 40:74 contains three folders.
40,75,SYNTHETIC TRAINING TEXT. Archive shelf 40:75 contains three folders.
40,76,SYNTHETIC TRAINING TEXT. Archive shelf 40:76 contains three folders.
40,77,SYNTHETIC TRAINING TEXT. Archive shelf 40:77 contains three folders.
40,78,SYNTHETIC TRAINING TEXT. Archive shelf 40:78 contains three folders.
40,79,SYNTHETIC TRAINING TEXT. Archive shelf 40:79 contains three folders.
40,80,SYNTHETIC TRAINING TEXT. Archive shelf 40:80 contains three folders.
40,81,SYNTHETIC TRAINING TEXT. Archive shelf 40:81 contains three folders.
40,82,SYNTHETIC TRAINING TEXT. Archive shelf 40:82 contains three folders.
40,83,SYNTHETIC TRAINING TEXT. Archive shelf 40:83 contains three folders.
40,84,SYNTHETIC TRAINING TEXT. Archive shelf 40:84 contains three folders.
40,85,SYNTHETIC TRAINING TEXT. Archive shelf 40:85 contains three folders.
41,1,SYNTHETIC TRAINING TEXT. Archive shelf 41:1 contains three folders.
41,2,SYNTHETIC TRAINING TEXT. Archive shelf 41:2 contains three folders.
41,3,SYNTHETIC TRAINING TEXT. Archive shelf 41:3 contains three folders.
41,4,SYNTHETIC TRAINING TEXT. Archive shelf 41:4 contains three folders.
41,5,SYNTHETIC TRAINING TEXT. Archive shelf 41:5 contains three folders.
41,6,SYNTHETIC TRAINING TEXT. Archive shelf 41:6 contains three folders.
41,7,SYNTHETIC TRAINING TEXT. Archive shelf 41:7 contains three folders.
41,8,SYNTHETIC TRAINING TEXT. Archive shelf 41:8 contains three folders.
41,9,SYNTHETIC TRAINING TEXT. Archive shelf 41:9 contains three folders.
41,10,SYNTHETIC TRAINING TEXT. Archive shelf 41:10 contains three folders.
41,11,SYNTHETIC TRAINING TEXT. Archive shelf 41:11 contains three folders.
41,12,SYNTHETIC TRAINING TEXT. Archive shelf 41:12 contains three folders.
41,13,SYNTHETIC TRAINING TEXT. Archive shelf 41:13 contains three folders.
41,14,SYNTHETIC TRAINING TEXT. Archive shelf 41:14 contains three folders.
41,15,SYNTHETIC TRAINING TEXT. Archive shelf 41:15 contains three folders.
41,16,SYNTHETIC TRAINING TEXT. Archive shelf 41:16 contains three folders.
41,17,SYNTHETIC TRAINING TEXT. Archive shelf 41:17 contains three folders.
41,18,SYNTHETIC TRAINING TEXT. Archive shelf 41:18 contains three folders.
41,19,SYNTHETIC TRAINING TEXT. Archive shelf 41:19 contains three folders.
41,20,SYNTHETIC TRAINING TEXT. Archive shelf 41:20 contains three folders.
41,21,SYNTHETIC TRAINING TEXT. Archive shelf 41:21 contains three folders.
41,22,SYNTHETIC TRAINING TEXT. Archive shelf 41:22 contains three folders.
41,23,SYNTHETIC TRAINING TEXT. Archive shelf 41:23 contains three folders.
41,24,SYNTHETIC TRAINING TEXT. Archive shelf 41:24 contains three folders.
41,25,SYNTHETIC TRAINING TEXT. Archive shelf 41:25 contains three folders.
41,26,SYNTHETIC TRAINING TEXT. Archive shelf 41:26 contains three folders.
41,27,SYNTHETIC TRAINING TEXT. Archive shelf 41:27 contains three folders.
41,28,SYNTHETIC TRAINING TEXT. Archive shelf 41:28 contains three folders.
41,29,SYNTHETIC TRAINING TEXT. Archive shelf 41:29 contains three folders.
41,30,SYNTHETIC TRAINING TEXT. Archive shelf 41:30 contains three folders.
41,31,SYNTHETIC TRAINING TEXT. Archive shelf 41:31 contains three folders.
41,32,SYNTHETIC TRAINING TEXT. Archive shelf 41:32 contains three folders.
41,33,SYNTHETIC TRAINING TEXT. Archive shelf 41:33 contains three folders.
41,34,SYNTHETIC TRAINING TEXT. Archive shelf 41:34 contains three folders.
41,35,SYNTHETIC TRAINING TEXT. Archive shelf 41:35 contains three folders.
41,36,SYNTHETIC TRAINING TEXT. Archive shelf 41:36 contains three folders.
41,37,SYNTHETIC TRAINING TEXT. Archive shelf 41:37 contains three folders.
41,38,SYNTHETIC TRAINING TEXT. Archive shelf 41:38 contains three folders.
41,39,SYNTHETIC TRAINING TEXT. Archive shelf 41:39 contains three folders.
41,40,SYNTHETIC TRAINING TEXT. Archive shelf 41:40 contains three folders.
41,41,SYNTHETIC TRAINING TEXT. Archive shelf 41:41 contains three folders.
41,42,SYNTHETIC TRAINING TEXT. Archive shelf 41:42 contains three folders.
41,43,SYNTHETIC TRAINING TEXT. Archive shelf 41:43 contains three folders.
41,44,SYNTHETIC TRAINING TEXT. Archive shelf 41:44 contains three folders.
41,45,SYNTHETIC TRAINING TEXT. Archive shelf 41:45 contains three folders.
41,46,SYNTHETIC TRAINING TEXT. Archive shelf 41:46 contains three folders.
41,47,SYNTHETIC TRAINING TEXT. Archive shelf 41:47 contains three folders.
41,48,SYNTHETIC TRAINING TEXT. Archive shelf 41:48 contains three folders.
41,49,SYNTHETIC TRAINING TEXT. Archive shelf 41:49 contains three folders.
41,50,SYNTHETIC TRAINING TEXT. Archive shelf 41:50 contains three folders.
41,51,SYNTHETIC TRAINING TEXT. Archive shelf 41:51 contains three folders.
41,52,SYNTHETIC TRAINING TEXT. Archive shelf 41:52 contains three folders.
41,53,SYNTHETIC TRAINING TEXT. Archive shelf 41:53 contains three folders.
41,54,SYNTHETIC TRAINING TEXT. Archive shelf 41:54 contains three folders.
42,1,SYNTHETIC TRAINING TEXT. Archive shelf 42:1 contains three folders.
42,2,SYNTHETIC TRAINING TEXT. Archive shelf 42:2 contains three folders.
42,3,SYNTHETIC TRAINING TEXT. Archive shelf 42:3 contains three folders.
42,4,SYNTHETIC TRAINING TEXT. Archive shelf 42:4 contains three folders.
42,5,SYNTHETIC TRAINING TEXT. Archive shelf 42:5 contains three folders.
42,6,SYNTHETIC TRAINING TEXT. Archive shelf 42:6 contains three folders.
42,7,SYNTHETIC TRAINING TEXT. Archive shelf 42:7 contains three folders.
42,8,SYNTHETIC TRAINING TEXT. Archive shelf 42:8 contains three folders.
42,9,SYNTHETIC TRAINING TEXT. Archive shelf 42:9 contains three folders.
42,10,SYNTHETIC TRAINING TEXT. Archive shelf 42:10 contains three folders.
42,11,SYNTHETIC TRAINING TEXT. Archive shelf 42:11 contains three folders.
42,12,SYNTHETIC TRAINING TEXT. Archive shelf 42:12 contains three folders.
42,13,SYNTHETIC TRAINING TEXT. Archive shelf 42:13 contains three folders.
42,14,SYNTHETIC TRAINING TEXT. Archive shelf 42:14 contains three folders.
42,15,SYNTHETIC TRAINING TEXT. Archive shelf 42:15 contains three folders.
42,16,SYNTHETIC TRAINING TEXT. Archive shelf 42:16 contains three folders.
42,17,SYNTHETIC TRAINING TEXT. Archive shelf 42:17 contains three folders.
42,18,SYNTHETIC TRAINING TEXT. Archive shelf 42:18 contains three folders.
42,19,SYNTHETIC TRAINING TEXT. Archive shelf 42:19 contains three folders.
42,20,SYNTHETIC TRAINING TEXT. Archive shelf 42:20 contains three folders.
42,21,SYNTHETIC TRAINING TEXT. Archive shelf 42:21 contains three folders.
42,22,SYNTHETIC TRAINING TEXT. Archive shelf 42:22 contains three folders.
42,23,SYNTHETIC TRAINING TEXT. Archive shelf 42:23 contains three folders.
42,24,SYNTHETIC TRAINING TEXT. Archive shelf 42:24 contains three folders.
42,25,SYNTHETIC TRAINING TEXT. Archive shelf 42:25 contains three folders.
42,26,SYNTHETIC TRAINING TEXT. Archive shelf 42:26 contains three folders.
42,27,SYNTHETIC TRAINING TEXT. Archive shelf 42:27 contains three folders.
42,28,SYNTHETIC TRAINING TEXT. Archive shelf 42:28 contains three folders.
42,29,SYNTHETIC TRAINING TEXT. Archive shelf 42:29 contains three folders.
42,30,SYNTHETIC TRAINING TEXT. Archive shelf 42:30 contains three folders.
42,31,SYNTHETIC TRAINING TEXT. Archive shelf 42:31 contains three folders.
42,32,SYNTHETIC TRAINING TEXT. Archive shelf 42:32 contains three folders.
42,33,SYNTHETIC TRAINING TEXT. Archive shelf 42:33 contains three folders.
42,34,SYNTHETIC TRAINING TEXT. Archive shelf 42:34 contains three folders.
42,35,SYNTHETIC TRAINING TEXT. Archive shelf 42:35 contains three folders.
42,36,SYNTHETIC TRAINING TEXT. Archive shelf 42:36 contains three folders.
42,37,SYNTHETIC TRAINING TEXT. Archive shelf 42:37 contains three folders.
42,38,SYNTHETIC TRAINING TEXT. Archive shelf 42:38 contains three folders.
42,39,SYNTHETIC TRAINING TEXT. Archive shelf 42:39 contains three folders.
42,40,SYNTHETIC TRAINING TEXT. Archive shelf 42:40 contains three folders.
42,41,SYNTHETIC TRAINING TEXT. Archive shelf 42:41 contains three folders.
42,42,SYNTHETIC TRAINING TEXT. Archive shelf 42:42 contains three folders.
42,43,SYNTHETIC TRAINING TEXT. Archive shelf 42:43 contains three folders.
42,44,SYNTHETIC TRAINING TEXT. Archive shelf 42:44 contains three folders.
42,45,SYNTHETIC TRAINING TEXT. Archive shelf 42:45 contains three folders.
42,46,SYNTHETIC TRAINING TEXT. Archive shelf 42:46 contains three folders.
42,47,SYNTHETIC TRAINING TEXT. Archive shelf 42:47 contains three folders.
42,48,SYNTHETIC TRAINING TEXT. Archive shelf 42:48 contains three folders.
42,49,SYNTHETIC TRAINING TEXT. Archive shelf 42:49 contains three folders.
42,50,SYNTHETIC TRAINING TEXT. Archive shelf 42:50 contains three folders.
42,51,SYNTHETIC TRAINING TEXT. Archive shelf 42:51 contains three folders.
42,52,SYNTHETIC TRAINING TEXT. Archive shelf 42:52 contains three folders.
42,53,SYNTHETIC TRAINING TEXT. Archive shelf 42:53 contains three folders.
43,1,SYNTHETIC TRAINING TEXT. Archive shelf 43:1 contains three folders.
43,2,SYNTHETIC TRAINING TEXT. Archive shelf 43:2 contains three folders.
43,3,SYNTHETIC TRAINING TEXT. Archive shelf 43:3 contains three folders.
43,4,SYNTHETIC TRAINING TEXT. Archive shelf 43:4 contains three folders.
43,5,SYNTHETIC TRAINING TEXT. Archive shelf 43:5 contains three folders.
43,6,SYNTHETIC TRAINING TEXT. Archive shelf 43:6 contains three folders.
43,7,SYNTHETIC TRAINING TEXT. Archive shelf 43:7 contains three folders.
43,8,SYNTHETIC TRAINING TEXT. Archive shelf 43:8 contains three folders.
43,9,SYNTHETIC TRAINING TEXT. Archive shelf 43:9 contains three folders.
43,10,SYNTHETIC TRAINING TEXT. Archive shelf 43:10 contains three folders.
43,11,SYNTHETIC TRAINING TEXT. Archive shelf 43:11 contains three folders.
43,12,SYNTHETIC TRAINING TEXT. Archive shelf 43:12 contains three folders.
43,13,SYNTHETIC TRAINING TEXT. Archive shelf 43:13 contains three folders.
43,14,SYNTHETIC TRAINING TEXT. Archive shelf 43:14 contains three folders.
43,15,SYNTHETIC TRAINING TEXT. Archive shelf 43:15 contains three folders.
43,16,SYNTHETIC TRAINING TEXT. Archive shelf 43:16 contains three folders.
43,17,SYNTHETIC TRAINING TEXT. Archive shelf 43:17 contains three folders.
43,18,SYNTHETIC TRAINING TEXT. Archive shelf 43:18 contains three folders.
43,19,SYNTHETIC TRAINING TEXT. Archive shelf 43:19 contains three folders.
43,20,SYNTHETIC TRAINING TEXT. Archive shelf 43:20 contains three folders.
43,21,SYNTHETIC TRAINING TEXT. Archive shelf 43:21 contains three folders.
43,22,SYNTHETIC TRAINING TEXT. Archive shelf 43:22 contains three folders.
43,23,SYNTHETIC TRAINING TEXT. Archive shelf 43:23 contains three folders.
43,24,SYNTHETIC TRAINING TEXT. Archive shelf 43:24 contains three folders.
43,25,SYNTHETIC TRAINING TEXT. Archive shelf 43:25 contains three folders.
43,26,SYNTHETIC TRAINING TEXT. Archive shelf 43:26 contains three folders.
43,27,SYNTHETIC TRAINING TEXT. Archive shelf 43:27 contains three folders.
43,28,SYNTHETIC TRAINING TEXT. Archive shelf 43:28 contains three folders.
43,29,SYNTHETIC TRAINING TEXT. Archive shelf 43:29 contains three folders.
43,30,SYNTHETIC TRAINING TEXT. Archive shelf 43:30 contains three folders.
43,31,SYNTHETIC TRAINING TEXT. Archive shelf 43:31 contains three folders.
43,32,SYNTHETIC TRAINING TEXT. Archive shelf 43:32 contains three folders.
43,33,SYNTHETIC TRAINING TEXT. Archive shelf 43:33 contains three folders.
43,34,SYNTHETIC TRAINING TEXT. Archive shelf 43:34 contains three folders.
43,35,SYNTHETIC TRAINING TEXT. Archive shelf 43:35 contains three folders.
43,36,SYNTHETIC TRAINING TEXT. Archive shelf 43:36 contains three folders.
43,37,SYNTHETIC TRAINING TEXT. Archive shelf 43:37 contains three folders.
43,38,SYNTHETIC TRAINING TEXT. Archive shelf 43:38 contains three folders.
43,39,SYNTHETIC TRAINING TEXT. Archive shelf 43:39 contains three folders.
43,40,SYNTHETIC TRAINING TEXT. Archive shelf 43:40 contains three folders.
43,41,SYNTHETIC TRAINING TEXT. Archive shelf 43:41 contains three folders.
43,42,SYNTHETIC TRAINING TEXT. Archive shelf 43:42 contains three folders.
43,43,SYNTHETIC TRAINING TEXT. Archive shelf 43:43 contains three folders.
43,44,SYNTHETIC TRAINING TEXT. Archive shelf 43:44 contains three folders.
43,45,SYNTHETIC TRAINING TEXT. Archive shelf 43:45 contains three folders.
43,46,SYNTHETIC TRAINING TEXT. Archive shelf 43:46 contains three folders.
43,47,SYNTHETIC TRAINING TEXT. Archive shelf 43:47 contains three folders.
43,48,SYNTHETIC TRAINING TEXT. Archive shelf 43:48 contains three folders.
43,49,SYNTHETIC TRAINING TEXT. Archive shelf 43:49 contains three folders.
43,50,SYNTHETIC TRAINING TEXT. Archive shelf 43:50 contains three folders.
43,51,SYNTHETIC TRAINING TEXT. Archive shelf 43:51 contains three folders.
43,52,SYNTHETIC TRAINING TEXT. Archive shelf 43:52 contains three folders.
43,53,SYNTHETIC TRAINING TEXT. Archive shelf 43:53 contains three folders.
43,54,SYNTHETIC TRAINING TEXT. Archive shelf 43:54 contains three folders.
43,55,SYNTHETIC TRAINING TEXT. Archive shelf 43:55 contains three folders.
43,56,SYNTHETIC TRAINING TEXT. Archive shelf 43:56 contains three folders.
43,57,SYNTHETIC TRAINING TEXT. Archive shelf 43:57 contains three folders.
43,58,SYNTHETIC TRAINING TEXT. Archive shelf 43:58 contains three folders.
43,59,SYNTHETIC TRAINING TEXT. Archive shelf 43:59 contains three folders.
43,60,SYNTHETIC TRAINING TEXT. Archive shelf 43:60 contains three folders.
43,61,SYNTHETIC TRAINING TEXT. Archive shelf 43:61 contains three folders.
43,62,SYNTHETIC TRAINING TEXT. Archive shelf 43:62 contains three folders.
43,63,SYNTHETIC TRAINING TEXT. Archive shelf 43:63 contains three folders.
43,64,SYNTHETIC TRAINING TEXT. Archive shelf 43:64 contains three folders.
43,65,SYNTHETIC TRAINING TEXT. Archive shelf 43:65 contains three folders.
43,66,SYNTHETIC TRAINING TEXT. Archive shelf 43:66 contains three folders.
43,67,SYNTHETIC TRAINING TEXT. Archive shelf 43:67 contains three folders.
43,68,SYNTHETIC TRAINING TEXT. Archive shelf 43:68 contains three folders.
43,69,SYNTHETIC TRAINING TEXT. Archive shelf 43:69 contains three folders.
43,70,SYNTHETIC TRAINING TEXT. Archive shelf 43:70 contains three folders.
43,71,SYNTHETIC TRAINING TEXT. Archive shelf 43:71 contains three folders.
43,72,SYNTHETIC TRAINING TEXT. Archive shelf 43:72 contains three folders.
43,73,SYNTHETIC TRAINING TEXT. Archive shelf 43:73 contains three folders.
43,74,SYNTHETIC TRAINING TEXT. Archive shelf 43:74 contains three folders.
43,75,SYNTHETIC TRAINING TEXT. Archive shelf 43:75 contains three folders.
43,76,SYNTHETIC TRAINING TEXT. Archive shelf 43:76 contains three folders.
43,77,SYNTHETIC TRAINING TEXT. Archive shelf 43:77 contains three folders.
43,78,SYNTHETIC TRAINING TEXT. Archive shelf 43:78 contains three folders.
43,79,SYNTHETIC TRAINING TEXT. Archive shelf 43:79 contains three folders.
43,80,SYNTHETIC TRAINING TEXT. Archive shelf 43:80 contains three folders.
43,81,SYNTHETIC TRAINING TEXT. Archive shelf 43:81 contains three folders.
43,82,SYNTHETIC TRAINING TEXT. Archive shelf 43:82 contains three folders.
43,83,SYNTHETIC TRAINING TEXT. Archive shelf 43:83 contains three folders.
43,84,SYNTHETIC TRAINING TEXT. Archive shelf 43:84 contains three folders.
43,85,SYNTHETIC TRAINING TEXT. Archive shelf 43:85 contains three folders.
43,86,SYNTHETIC TRAINING TEXT. Archive shelf 43:86 contains three folders.
43,87,SYNTHETIC TRAINING TEXT. Archive shelf 43:87 contains three folders.
43,88,SYNTHETIC TRAINING TEXT. Archive shelf 43:88 contains three folders.
43,89,SYNTHETIC TRAINING TEXT. Archive shelf 43:89 contains three folders.
44,1,SYNTHETIC TRAINING TEXT. Archive shelf 44:1 contains three folders.
44,2,SYNTHETIC TRAINING TEXT. Archive shelf 44:2 contains three folders.
44,3,SYNTHETIC TRAINING TEXT. Archive shelf 44:3 contains three folders.
44,4,SYNTHETIC TRAINING TEXT. Archive shelf 44:4 contains three folders.
44,5,SYNTHETIC TRAINING TEXT. Archive shelf 44:5 contains three folders.
44,6,SYNTHETIC TRAINING TEXT. Archive shelf 44:6 contains three folders.
44,7,SYNTHETIC TRAINING TEXT. Archive shelf 44:7 contains three folders.
44,8,SYNTHETIC TRAINING TEXT. Archive shelf 44:8 contains three folders.
44,9,SYNTHETIC TRAINING TEXT. Archive shelf 44:9 contains three folders.
44,10,SYNTHETIC TRAINING TEXT. Archive shelf 44:10 contains three folders.
44,11,SYNTHETIC TRAINING TEXT. Archive shelf 44:11 contains three folders.
44,12,SYNTHETIC TRAINING TEXT. Archive shelf 44:12 contains three folders.
44,13,SYNTHETIC TRAINING TEXT. Archive shelf 44:13 contains three folders.
44,14,SYNTHETIC TRAINING TEXT. Archive shelf 44:14 contains three folders.
44,15,SYNTHETIC TRAINING TEXT. Archive shelf 44:15 contains three folders.
44,16,SYNTHETIC TRAINING TEXT. Archive shelf 44:16 contains three folders.
44,17,SYNTHETIC TRAINING TEXT. Archive shelf 44:17 contains three folders.
44,18,SYNTHETIC TRAINING TEXT. Archive shelf 44:18 contains three folders.
44,19,SYNTHETIC TRAINING TEXT. Archive shelf 44:19 contains three folders.
44,20,SYNTHETIC TRAINING TEXT. Archive shelf 44:20 contains three folders.
44,21,SYNTHETIC TRAINING TEXT. Archive shelf 44:21 contains three folders.
44,22,SYNTHETIC TRAINING TEXT. Archive shelf 44:22 contains three folders.
44,23,SYNTHETIC TRAINING TEXT. Archive shelf 44:23 contains three folders.
44,24,SYNTHETIC TRAINING TEXT. Archive shelf 44:24 contains three folders.
44,25,SYNTHETIC TRAINING TEXT. Archive shelf 44:25 contains three folders.
44,26,SYNTHETIC TRAINING TEXT. Archive shelf 44:26 contains three folders.
44,27,SYNTHETIC TRAINING TEXT. Archive shelf 44:27 contains three folders.
44,28,SYNTHETIC TRAINING TEXT. Archive shelf 44:28 contains three folders.
44,29,SYNTHETIC TRAINING TEXT. Archive shelf 44:29 contains three folders.
44,30,SYNTHETIC TRAINING TEXT. Archive shelf 44:30 contains three folders.
44,31,SYNTHETIC TRAINING TEXT. Archive shelf 44:31 contains three folders.
44,32,SYNTHETIC TRAINING TEXT. Archive shelf 44:32 contains three folders.
44,33,SYNTHETIC TRAINING TEXT. Archive shelf 44:33 contains three folders.
44,34,SYNTHETIC TRAINING TEXT. Archive shelf 44:34 contains three folders.
44,35,SYNTHETIC TRAINING TEXT. Archive shelf 44:35 contains three folders.
44,36,SYNTHETIC TRAINING TEXT. Archive shelf 44:36 contains three folders.
44,37,SYNTHETIC TRAINING TEXT. Archive shelf 44:37 contains three folders.
44,38,SYNTHETIC TRAINING TEXT. Archive shelf 44:38 contains three folders.
44,39,SYNTHETIC TRAINING TEXT. Archive shelf 44:39 contains three folders.
44,40,SYNTHETIC TRAINING TEXT. Archive shelf 44:40 contains three folders.
44,41,SYNTHETIC TRAINING TEXT. Archive shelf 44:41 contains three folders.
44,42,SYNTHETIC TRAINING TEXT. Archive shelf 44:42 contains three folders.
44,43,SYNTHETIC TRAINING TEXT. Archive shelf 44:43 contains three folders.
44,44,SYNTHETIC TRAINING TEXT. Archive shelf 44:44 contains three folders.
44,45,SYNTHETIC TRAINING TEXT. Archive shelf 44:45 contains three folders.
44,46,SYNTHETIC TRAINING TEXT. Archive shelf 44:46 contains three folders.
44,47,SYNTHETIC TRAINING TEXT. Archive shelf 44:47 contains three folders.
44,48,SYNTHETIC TRAINING TEXT. Archive shelf 44:48 contains three folders.
44,49,SYNTHETIC TRAINING TEXT. Archive shelf 44:49 contains three folders.
44,50,SYNTHETIC TRAINING TEXT. Archive shelf 44:50 contains three folders.
44,51,SYNTHETIC TRAINING TEXT. Archive shelf 44:51 contains three folders.
44,52,SYNTHETIC TRAINING TEXT. Archive shelf 44:52 contains three folders.
44,53,SYNTHETIC TRAINING TEXT. Archive shelf 44:53 contains three folders.
44,54,SYNTHETIC TRAINING TEXT. Archive shelf 44:54 contains three folders.
44,55,SYNTHETIC TRAINING TEXT. Archive shelf 44:55 contains three folders.
44,56,SYNTHETIC TRAINING TEXT. Archive shelf 44:56 contains three folders.
44,57,SYNTHETIC TRAINING TEXT. Archive shelf 44:57 contains three folders.
44,58,SYNTHETIC TRAINING TEXT. Archive shelf 44:58 contains three folders.
44,59,SYNTHETIC TRAINING TEXT. Archive shelf 44:59 contains three folders.
45,1,SYNTHETIC TRAINING TEXT. Archive shelf 45:1 contains three folders.
45,2,SYNTHETIC TRAINING TEXT. Archive shelf 45:2 contains three folders.
45,3,SYNTHETIC TRAINING TEXT. Archive shelf 45:3 contains three folders.
45,4,SYNTHETIC TRAINING TEXT. Archive shelf 45:4 contains three folders.
45,5,SYNTHETIC TRAINING TEXT. Archive shelf 45:5 contains three folders.
45,6,SYNTHETIC TRAINING TEXT. Archive shelf 45:6 contains three folders.
45,7,SYNTHETIC TRAINING TEXT. Archive shelf 45:7 contains three folders.
45,8,SYNTHETIC TRAINING TEXT. Archive shelf 45:8 contains three folders.
45,9,SYNTHETIC TRAINING TEXT. Archive shelf 45:9 contains three folders.
45,10,SYNTHETIC TRAINING TEXT. Archive shelf 45:10 contains three folders.
45,11,SYNTHETIC TRAINING TEXT. Archive shelf 45:11 contains three folders.
45,12,SYNTHETIC TRAINING TEXT. Archive shelf 45:12 contains three folders.
45,13,SYNTHETIC TRAINING TEXT. Archive shelf 45:13 contains three folders.
45,14,SYNTHETIC TRAINING TEXT. Archive shelf 45:14 contains three folders.
45,15,SYNTHETIC TRAINING TEXT. Archive shelf 45:15 contains three folders.
45,16,SYNTHETIC TRAINING TEXT. Archive shelf 45:16 contains three folders.
45,17,SYNTHETIC TRAINING TEXT. Archive shelf 45:17 contains three folders.
45,18,SYNTHETIC TRAINING TEXT. Archive shelf 45:18 contains three folders.
45,19,SYNTHETIC TRAINING TEXT. Archive shelf 45:19 contains three folders.
45,20,SYNTHETIC TRAINING TEXT. Archive shelf 45:20 contains three folders.
45,21,SYNTHETIC TRAINING TEXT. Archive shelf 45:21 contains three folders.
45,22,SYNTHETIC TRAINING TEXT. Archive shelf 45:22 contains three folders.
45,23,SYNTHETIC TRAINING TEXT. Archive shelf 45:23 contains three folders.
45,24,SYNTHETIC TRAINING TEXT. Archive shelf 45:24 contains three folders.
45,25,SYNTHETIC TRAINING TEXT. Archive shelf 45:25 contains three folders.
45,26,SYNTHETIC TRAINING TEXT. Archive shelf 45:26 contains three folders.
45,27,SYNTHETIC TRAINING TEXT. Archive shelf 45:27 contains three folders.
45,28,SYNTHETIC TRAINING TEXT. Archive shelf 45:28 contains three folders.
45,29,SYNTHETIC TRAINING TEXT. Archive shelf 45:29 contains three folders.
45,30,SYNTHETIC TRAINING TEXT. Archive shelf 45:30 contains three folders.
45,31,SYNTHETIC TRAINING TEXT. Archive shelf 45:31 contains three folders.
45,32,SYNTHETIC TRAINING TEXT. Archive shelf 45:32 contains three folders.
45,33,SYNTHETIC TRAINING TEXT. Archive shelf 45:33 contains three folders.
45,34,SYNTHETIC TRAINING TEXT. Archive shelf 45:34 contains three folders.
45,35,SYNTHETIC TRAINING TEXT. Archive shelf 45:35 contains three folders.
45,36,SYNTHETIC TRAINING TEXT. Archive shelf 45:36 contains three folders.
45,37,SYNTHETIC TRAINING TEXT. Archive shelf 45:37 contains three folders.
46,1,SYNTHETIC TRAINING TEXT. Archive shelf 46:1 contains three folders.
46,2,SYNTHETIC TRAINING TEXT. Archive shelf 46:2 contains three folders.
46,3,SYNTHETIC TRAINING TEXT. Archive shelf 46:3 contains three folders.
46,4,SYNTHETIC TRAINING TEXT. Archive shelf 46:4 contains three folders.
46,5,SYNTHETIC TRAINING TEXT. Archive shelf 46:5 contains three folders.
46,6,SYNTHETIC TRAINING TEXT. Archive shelf 46:6 contains three folders.
46,7,SYNTHETIC TRAINING TEXT. Archive shelf 46:7 contains three folders.
46,8,SYNTHETIC TRAINING TEXT. Archive shelf 46:8 contains three folders.
46,9,SYNTHETIC TRAINING TEXT. Archive shelf 46:9 contains three folders.
46,10,SYNTHETIC TRAINING TEXT. Archive shelf 46:10 contains three folders.
46,11,SYNTHETIC TRAINING TEXT. Archive shelf 46:11 contains three folders.
46,12,SYNTHETIC TRAINING TEXT. Archive shelf 46:12 contains three folders.
46,13,SYNTHETIC TRAINING TEXT. Archive shelf 46:13 contains three folders.
46,14,SYNTHETIC TRAINING TEXT. Archive shelf 46:14 contains three folders.
46,15,SYNTHETIC TRAINING TEXT. Archive shelf 46:15 contains three folders.
46,16,SYNTHETIC TRAINING TEXT. Archive shelf 46:16 contains three folders.
46,17,SYNTHETIC TRAINING TEXT. Archive shelf 46:17 contains three folders.
46,18,SYNTHETIC TRAINING TEXT. Archive shelf 46:18 contains three folders.
46,19,SYNTHETIC TRAINING TEXT. Archive shelf 46:19 contains three folders.
46,20,SYNTHETIC TRAINING TEXT. Archive shelf 46:20 contains three folders.
46,21,SYNTHETIC TRAINING TEXT. Archive shelf 46:21 contains three folders.
46,22,SYNTHETIC TRAINING TEXT. Archive shelf 46:22 contains three folders.
46,23,SYNTHETIC TRAINING TEXT. Archive shelf 46:23 contains three folders.
46,24,SYNTHETIC TRAINING TEXT. Archive shelf 46:24 contains three folders.
46,25,SYNTHETIC TRAINING TEXT. Archive shelf 46:25 contains three folders.
46,26,SYNTHETIC TRAINING TEXT. Archive shelf 46:26 contains three folders.
46,27,SYNTHETIC TRAINING TEXT. Archive shelf 46:27 contains three folders.
46,28,SYNTHETIC TRAINING TEXT. Archive shelf 46:28 contains three folders.
46,29,SYNTHETIC TRAINING TEXT. Archive shelf 46:29 contains three folders.
46,30,SYNTHETIC TRAINING TEXT. Archive shelf 46:30 contains three folders.
46,31,SYNTHETIC TRAINING TEXT. Archive shelf 46:31 contains three folders.
46,32,SYNTHETIC TRAINING TEXT. Archive shelf 46:32 contains three folders.
46,33,SYNTHETIC TRAINING TEXT. Archive shelf 46:33 contains three folders.
46,34,SYNTHETIC TRAINING TEXT. Archive shelf 46:34 contains three folders.
46,35,SYNTHETIC TRAINING TEXT. Archive shelf 46:35 contains three folders.
47,1,SYNTHETIC TRAINING TEXT. Archive shelf 47:1 contains three folders.
47,2,SYNTHETIC TRAINING TEXT. Archive shelf 47:2 contains three folders.
47,3,SYNTHETIC TRAINING TEXT. Archive shelf 47:3 contains three folders.
47,4,SYNTHETIC TRAINING TEXT. Archive shelf 47:4 contains three folders.
47,5,SYNTHETIC TRAINING TEXT. Archive shelf 47:5 contains three folders.
47,6,SYNTHETIC TRAINING TEXT. Archive shelf 47:6 contains three folders.
47,7,SYNTHETIC TRAINING TEXT. Archive shelf 47:7 contains three folders.
47,8,SYNTHETIC TRAINING TEXT. Archive shelf 47:8 contains three folders.
47,9,SYNTHETIC TRAINING TEXT. Archive shelf 47:9 contains three folders.
47,10,SYNTHETIC TRAINING TEXT. Archive shelf 47:10 contains three folders.
47,11,SYNTHETIC TRAINING TEXT. Archive shelf 47:11 contains three folders.
47,12,SYNTHETIC TRAINING TEXT. Archive shelf 47:12 contains three folders.
47,13,SYNTHETIC TRAINING TEXT. Archive shelf 47:13 contains three folders.
47,14,SYNTHETIC TRAINING TEXT. Archive shelf 47:14 contains three folders.
47,15,SYNTHETIC TRAINING TEXT. Archive shelf 47:15 contains three folders.
47,16,SYNTHETIC TRAINING TEXT. Archive shelf 47:16 contains three folders.
47,17,SYNTHETIC TRAINING TEXT. Archive shelf 47:17 contains three folders.
47,18,SYNTHETIC TRAINING TEXT. Archive shelf 47:18 contains three folders.
47,19,SYNTHETIC TRAINING TEXT. Archive shelf 47:19 contains three folders.
47,20,SYNTHETIC TRAINING TEXT. Archive shelf 47:20 contains three folders.
47,21,SYNTHETIC TRAINING TEXT. Archive shelf 47:21 contains three folders.
47,22,SYNTHETIC TRAINING TEXT. Archive shelf 47:22 contains three folders.
47,23,SYNTHETIC TRAINING TEXT. Archive shelf 47:23 contains three folders.
47,24,SYNTHETIC TRAINING TEXT. Archive shelf 47:24 contains three folders.
47,25,SYNTHETIC TRAINING TEXT. Archive shelf 47:25 contains three folders.
47,26,SYNTHETIC TRAINING TEXT. Archive shelf 47:26 contains three folders.
47,27,SYNTHETIC TRAINING TEXT. Archive shelf 47:27 contains three folders.
47,28,SYNTHETIC TRAINING TEXT. Archive shelf 47:28 contains three folders.
47,29,SYNTHETIC TRAINING TEXT. Archive shelf 47:29 contains three folders.
47,30,SYNTHETIC TRAINING TEXT. Archive shelf 47:30 contains three folders.
47,31,SYNTHETIC TRAINING TEXT. Archive shelf 47:31 contains three folders.
47,32,SYNTHETIC TRAINING TEXT. Archive shelf 47:32 contains three folders.
47,33,SYNTHETIC TRAINING TEXT. Archive shelf 47:33 contains three folders.
47,34,SYNTHETIC TRAINING TEXT. Archive shelf 47:34 contains three folders.
47,35,SYNTHETIC TRAINING TEXT. Archive shelf 47:35 contains three folders.
47,36,SYNTHETIC TRAINING TEXT. Archive shelf 47:36 contains three folders.
47,37,SYNTHETIC TRAINING TEXT. Archive shelf 47:37 contains three folders.
47,38,SYNTHETIC TRAINING TEXT. Archive shelf 47:38 contains three folders.
48,1,SYNTHETIC TRAINING TEXT. Archive shelf 48:1 contains three folders.
48,2,SYNTHETIC TRAINING TEXT. Archive shelf 48:2 contains three folders.
48,3,SYNTHETIC TRAINING TEXT. Archive shelf 48:3 contains three folders.
48,4,SYNTHETIC TRAINING TEXT. Archive shelf 48:4 contains three folders.
48,5,SYNTHETIC TRAINING TEXT. Archive shelf 48:5 contains three folders.
48,6,SYNTHETIC TRAINING TEXT. Archive shelf 48:6 contains three folders.
48,7,SYNTHETIC TRAINING TEXT. Archive shelf 48:7 contains three folders.
48,8,SYNTHETIC TRAINING TEXT. Archive shelf 48:8 contains three folders.
48,9,SYNTHETIC TRAINING TEXT. Archive shelf 48:9 contains three folders.
48,10,SYNTHETIC TRAINING TEXT. Archive shelf 48:10 contains three folders.
48,11,SYNTHETIC TRAINING TEXT. Archive shelf 48:11 contains three folders.
48,12,SYNTHETIC TRAINING TEXT. Archive shelf 48:12 contains three folders.
48,13,SYNTHETIC TRAINING TEXT. Archive shelf 48:13 contains three folders.
48,14,SYNTHETIC TRAINING TEXT. Archive shelf 48:14 contains three folders.
48,15,SYNTHETIC TRAINING TEXT. Archive shelf 48:15 contains three folders.
48,16,SYNTHETIC TRAINING TEXT. Archive shelf 48:16 contains three folders.
48,17,SYNTHETIC TRAINING TEXT. Archive shelf 48:17 contains three folders.
48,18,SYNTHETIC TRAINING TEXT. Archive shelf 48:18 contains three folders.
48,19,SYNTHETIC TRAINING TEXT. Archive shelf 48:19 contains three folders.
48,20,SYNTHETIC TRAINING TEXT. Archive shelf 48:20 contains three folders.
48,21,SYNTHETIC TRAINING TEXT. Archive shelf 48:21 contains three folders.
48,22,SYNTHETIC TRAINING TEXT. Archive shelf 48:22 contains three folders.
48,23,SYNTHETIC TRAINING TEXT. Archive shelf 48:23 contains three folders.
48,24,SYNTHETIC TRAINING TEXT. Archive shelf 48:24 contains three folders.
48,25,SYNTHETIC TRAINING TEXT. Archive shelf 48:25 contains three folders.
48,26,SYNTHETIC TRAINING TEXT. Archive shelf 48:26 contains three folders.
48,27,SYNTHETIC TRAINING TEXT. Archive shelf 48:27 contains three folders.
48,28,SYNTHETIC TRAINING TEXT. Archive shelf 48:28 contains three folders.
48,29,SYNTHETIC TRAINING TEXT. Archive shelf 48:29 contains three folders.
49,1,SYNTHETIC TRAINING TEXT. Archive shelf 49:1 contains three folders.
49,2,SYNTHETIC TRAINING TEXT. Archive shelf 49:2 contains three folders.
49,3,SYNTHETIC TRAINING TEXT. Archive shelf 49:3 contains three folders.
49,4,SYNTHETIC TRAINING TEXT. Archive shelf 49:4 contains three folders.
49,5,SYNTHETIC TRAINING TEXT. Archive shelf 49:5 contains three folders.
49,6,SYNTHETIC TRAINING TEXT. Archive shelf 49:6 contains three folders.
49,7,SYNTHETIC TRAINING TEXT. Archive shelf 49:7 contains three folders.
49,8,SYNTHETIC TRAINING TEXT. Archive shelf 49:8 contains three folders.
49,9,SYNTHETIC TRAINING TEXT. Archive shelf 49:9 contains three folders.
49,10,SYNTHETIC TRAINING TEXT. Archive shelf 49:10 contains three folders.
49,11,SYNTHETIC TRAINING TEXT. Archive shelf 49:11 contains three folders.
49,12,SYNTHETIC TRAINING TEXT. Archive shelf 49:12 contains three folders.
49,13,SYNTHETIC TRAINING TEXT. Archive shelf 49:13 contains three folders.
49,14,SYNTHETIC TRAINING TEXT. Archive shelf 49:14 contains three folders.
49,15,SYNTHETIC TRAINING TEXT. Archive shelf 49:15 contains three folders.
49,16,SYNTHETIC TRAINING TEXT. Archive shelf 49:16 contains three folders.
49,17,SYNTHETIC TRAINING TEXT. Archive shelf 49:17 contains three folders.
49,18,SYNTHETIC TRAINING TEXT. Archive shelf 49:18 contains three folders.
50,1,SYNTHETIC TRAINING TEXT. Archive shelf 50:1 contains three folders.
50,2,SYNTHETIC TRAINING TEXT. Archive shelf 50:2 contains three folders.
50,3,SYNTHETIC TRAINING TEXT. Archive shelf 50:3 contains three folders.
50,4,SYNTHETIC TRAINING TEXT. Archive shelf 50:4 contains three folders.
50,5,SYNTHETIC TRAINING TEXT. Archive shelf 50:5 contains three folders.
50,6,SYNTHETIC TRAINING TEXT. Archive shelf 50:6 contains three folders.
50,7,SYNTHETIC TRAINING TEXT. Archive shelf 50:7 contains three folders.
50,8,SYNTHETIC TRAINING TEXT. Archive shelf 50:8 contains three folders.
50,9,SYNTHETIC TRAINING TEXT. Archive shelf 50:9 contains three folders.
50,10,SYNTHETIC TRAINING TEXT. Archive shelf 50:10 contains three folders.
50,11,SYNTHETIC TRAINING TEXT. Archive shelf 50:11 contains three folders.
50,12,SYNTHETIC TRAINING TEXT. Archive shelf 50:12 contains three folders.
50,13,SYNTHETIC TRAINING TEXT. Archive shelf 50:13 contains three folders.
50,14,SYNTHETIC TRAINING TEXT. Archive shelf 50:14 contains three folders.
50,15,SYNTHETIC TRAINING TEXT. Archive shelf 50:15 contains three folders.
50,16,SYNTHETIC TRAINING TEXT. Archive shelf 50:16 contains three folders.
50,17,SYNTHETIC TRAINING TEXT. Archive shelf 50:17 contains three folders.
50,18,SYNTHETIC TRAINING TEXT. Archive shelf 50:18 contains three folders.
50,19,SYNTHETIC TRAINING TEXT. Archive shelf 50:19 contains three folders.
50,20,SYNTHETIC TRAINING TEXT. Archive shelf 50:20 contains three folders.
50,21,SYNTHETIC TRAINING TEXT. Archive shelf 50:21 contains three folders.
50,22,SYNTHETIC TRAINING TEXT. Archive shelf 50:22 contains three folders.
50,23,SYNTHETIC TRAINING TEXT. Archive shelf 50:23 contains three folders.
50,24,SYNTHETIC TRAINING TEXT. Archive shelf 50:24 contains three folders.
50,25,SYNTHETIC TRAINING TEXT. Archive shelf 50:25 contains three folders.
50,26,SYNTHETIC TRAINING TEXT. Archive shelf 50:26 contains three folders.
50,27,SYNTHETIC TRAINING TEXT. Archive shelf 50:27 contains three folders.
50,28,SYNTHETIC TRAINING TEXT. Archive shelf 50:28 contains three folders.
50,29,SYNTHETIC TRAINING TEXT. Archive shelf 50:29 contains three folders.
50,30,SYNTHETIC TRAINING TEXT. Archive shelf 50:30 contains three folders.
50,31,SYNTHETIC TRAINING TEXT. Archive shelf 50:31 contains three folders.
50,32,SYNTHETIC TRAINING TEXT. Archive shelf 50:32 contains three folders.
50,33,SYNTHETIC TRAINING TEXT. Archive shelf 50:33 contains three folders.
50,34,SYNTHETIC TRAINING TEXT. Archive shelf 50:34 contains three folders.
50,35,SYNTHETIC TRAINING TEXT. Archive shelf 50:35 contains three folders.
50,36,SYNTHETIC TRAINING TEXT. Archive shelf 50:36 contains three folders.
50,37,SYNTHETIC TRAINING TEXT. Archive shelf 50:37 contains three folders.
50,38,SYNTHETIC TRAINING TEXT. Archive shelf 50:38 contains three folders.
50,39,SYNTHETIC TRAINING TEXT. Archive shelf 50:39 contains three folders.
50,40,SYNTHETIC TRAINING TEXT. Archive shelf 50:40 contains three folders.
50,41,SYNTHETIC TRAINING TEXT. Archive shelf 50:41 contains three folders.
50,42,SYNTHETIC TRAINING TEXT. Archive shelf 50:42 contains three folders.
50,43,SYNTHETIC TRAINING TEXT. Archive shelf 50:43 contains three folders.
50,44,SYNTHETIC TRAINING TEXT. Archive shelf 50:44 contains three folders.
50,45,SYNTHETIC TRAINING TEXT. Archive shelf 50:45 contains three folders.
51,1,SYNTHETIC TRAINING TEXT. Archive shelf 51:1 contains three folders.
51,2,SYNTHETIC TRAINING TEXT. Archive shelf 51:2 contains three folders.
51,3,SYNTHETIC TRAINING TEXT. Archive shelf 51:3 contains three folders.
51,4,SYNTHETIC TRAINING TEXT. Archive shelf 51:4 contains three folders.
51,5,SYNTHETIC TRAINING TEXT. Archive shelf 51:5 contains three folders.
51,6,SYNTHETIC TRAINING TEXT. Archive shelf 51:6 contains three folders.
51,7,SYNTHETIC TRAINING TEXT. Archive shelf 51:7 contains three folders.
51,8,SYNTHETIC TRAINING TEXT. Archive shelf 51:8 contains three folders.
51,9,SYNTHETIC TRAINING TEXT. Archive shelf 51:9 contains three folders.
51,10,SYNTHETIC TRAINING TEXT. Archive shelf 51:10 contains three folders.
51,11,SYNTHETIC TRAINING TEXT. Archive shelf 51:11 contains three folders.
51,12,SYNTHETIC TRAINING TEXT. Archive shelf 51:12 contains three folders.
51,13,SYNTHETIC TRAINING TEXT. Archive shelf 51:13 contains three folders.
51,14,SYNTHETIC TRAINING TEXT. Archive shelf 51:14 contains three folders.
51,15,SYNTHETIC TRAINING TEXT. Archive shelf 51:15 contains three folders.
51,16,SYNTHETIC TRAINING TEXT. Archive shelf 51:16 contains three folders.
51,17,SYNTHETIC TRAINING TEXT. Archive shelf 51:17 contains three folders.
51,18,SYNTHETIC TRAINING TEXT. Archive shelf 51:18 contains three folders.
51,19,SYNTHETIC TRAINING TEXT. Archive shelf 51:19 contains three folders.
51,20,SYNTHETIC TRAINING TEXT. Archive shelf 51:20 contains three folders.
51,21,SYNTHETIC TRAINING TEXT. Archive shelf 51:21 contains three folders.
51,22,SYNTHETIC TRAINING TEXT. Archive shelf 51:22 contains three folders.
51,23,SYNTHETIC TRAINING TEXT. Archive shelf 51:23 contains three folders.
51,24,SYNTHETIC TRAINING TEXT. Archive shelf 51:24 contains three folders.
51,25,SYNTHETIC TRAINING TEXT. Archive shelf 51:25 contains three folders.
51,26,SYNTHETIC TRAINING TEXT. Archive shelf 51:26 contains three folders.
51,27,SYNTHETIC TRAINING TEXT. Archive shelf 51:27 contains three folders.
51,28,SYNTHETIC TRAINING TEXT. Archive shelf 51:28 contains three folders.
51,29,SYNTHETIC TRAINING TEXT. Archive shelf 51:29 contains three folders.
51,30,SYNTHETIC TRAINING TEXT. Archive shelf 51:30 contains three folders.
51,31,SYNTHETIC TRAINING TEXT. Archive shelf 51:31 contains three folders.
51,32,SYNTHETIC TRAINING TEXT. Archive shelf 51:32 contains three folders.
51,33,SYNTHETIC TRAINING TEXT. Archive shelf 51:33 contains three folders.
51,34,SYNTHETIC TRAINING TEXT. Archive shelf 51:34 contains three folders.
51,35,SYNTHETIC TRAINING TEXT. Archive shelf 51:35 contains three folders.
51,36,SYNTHETIC TRAINING TEXT. Archive shelf 51:36 contains three folders.
51,37,SYNTHETIC TRAINING TEXT. Archive shelf 51:37 contains three folders.
51,38,SYNTHETIC TRAINING TEXT. Archive shelf 51:38 contains three folders.
51,39,SYNTHETIC TRAINING TEXT. Archive shelf 51:39 contains three folders.
51,40,SYNTHETIC TRAINING TEXT. Archive shelf 51:40 contains three folders.
51,41,SYNTHETIC TRAINING TEXT. Archive shelf 51:41 contains three folders.
51,42,SYNTHETIC TRAINING TEXT. Archive shelf 51:42 contains three folders.
51,43,SYNTHETIC TRAINING TEXT. Archive shelf 51:43 contains three folders.
51,44,SYNTHETIC TRAINING TEXT. Archive shelf 51:44 contains three folders.
51,45,SYNTHETIC TRAINING TEXT. Archive shelf 51:45 contains three folders.
51,46,SYNTHETIC TRAINING TEXT. Archive shelf 51:46 contains three folders.
51,47,SYNTHETIC TRAINING TEXT. Archive shelf 51:47 contains three folders.
51,48,SYNTHETIC TRAINING TEXT. Archive shelf 51:48 contains three folders.
51,49,SYNTHETIC TRAINING TEXT. Archive shelf 51:49 contains three folders.
51,50,SYNTHETIC TRAINING TEXT. Archive shelf 51:50 contains three folders.
51,51,SYNTHETIC TRAINING TEXT. Archive shelf 51:51 contains three folders.
51,52,SYNTHETIC TRAINING TEXT. Archive shelf 51:52 contains three folders.
51,53,SYNTHETIC TRAINING TEXT. Archive shelf 51:53 contains three folders.
51,54,SYNTHETIC TRAINING TEXT. Archive shelf 51:54 contains three folders.
51,55,SYNTHETIC TRAINING TEXT. Archive shelf 51:55 contains three folders.
51,56,SYNTHETIC TRAINING TEXT. Archive shelf 51:56 contains three folders.
51,57,SYNTHETIC TRAINING TEXT. Archive shelf 51:57 contains three folders.
51,58,SYNTHETIC TRAINING TEXT. Archive shelf 51:58 contains three folders.
51,59,SYNTHETIC TRAINING TEXT. Archive shelf 51:59 contains three folders.
51,60,SYNTHETIC TRAINING TEXT. Archive shelf 51:60 contains three folders.
52,1,SYNTHETIC TRAINING TEXT. Archive shelf 52:1 contains three folders.
52,2,SYNTHETIC TRAINING TEXT. Archive shelf 52:2 contains three folders.
52,3,SYNTHETIC TRAINING TEXT. Archive shelf 52:3 contains three folders.
52,4,SYNTHETIC TRAINING TEXT. Archive shelf 52:4 contains three folders.
52,5,SYNTHETIC TRAINING TEXT. Archive shelf 52:5 contains three folders.
52,6,SYNTHETIC TRAINING TEXT. Archive shelf 52:6 contains three folders.
52,7,SYNTHETIC TRAINING TEXT. Archive shelf 52:7 contains three folders.
52,8,SYNTHETIC TRAINING TEXT. Archive shelf 52:8 contains three folders.
52,9,SYNTHETIC TRAINING TEXT. Archive shelf 52:9 contains three folders.
52,10,SYNTHETIC TRAINING TEXT. Archive shelf 52:10 contains three folders.
52,11,SYNTHETIC TRAINING TEXT. Archive shelf 52:11 contains three folders.
52,12,SYNTHETIC TRAINING TEXT. Archive shelf 52:12 contains three folders.
52,13,SYNTHETIC TRAINING TEXT. Archive shelf 52:13 contains three folders.
52,14,SYNTHETIC TRAINING TEXT. Archive shelf 52:14 contains three folders.
52,15,SYNTHETIC TRAINING TEXT. Archive shelf 52:15 contains three folders.
52,16,SYNTHETIC TRAINING TEXT. Archive shelf 52:16 contains three folders.
52,17,SYNTHETIC TRAINING TEXT. Archive shelf 52:17 contains three folders.
52,18,SYNTHETIC TRAINING TEXT. Archive shelf 52:18 contains three folders.
52,19,SYNTHETIC TRAINING TEXT. Archive shelf 52:19 contains three folders.
52,20,SYNTHETIC TRAINING TEXT. Archive shelf 52:20 contains three folders.
52,21,SYNTHETIC TRAINING TEXT. Archive shelf 52:21 contains three folders.
52,22,SYNTHETIC TRAINING TEXT. Archive shelf 52:22 contains three folders.
52,23,SYNTHETIC TRAINING TEXT. Archive shelf 52:23 contains three folders.
52,24,SYNTHETIC TRAINING TEXT. Archive shelf 52:24 contains three folders.
52,25,SYNTHETIC TRAINING TEXT. Archive shelf 52:25 contains three folders.
52,26,SYNTHETIC TRAINING TEXT. Archive shelf 52:26 contains three folders.
52,27,SYNTHETIC TRAINING TEXT. Archive shelf 52:27 contains three folders.
52,28,SYNTHETIC TRAINING TEXT. Archive shelf 52:28 contains three folders.
52,29,SYNTHETIC TRAINING TEXT. Archive shelf 52:29 contains three folders.
52,30,SYNTHETIC TRAINING TEXT. Archive shelf 52:30 contains three folders.
52,31,SYNTHETIC TRAINING TEXT. Archive shelf 52:31 contains three folders.
52,32,SYNTHETIC TRAINING TEXT. Archive shelf 52:32 contains three folders.
52,33,SYNTHETIC TRAINING TEXT. Archive shelf 52:33 contains three folders.
52,34,SYNTHETIC TRAINING TEXT. Archive shelf 52:34 contains three folders.
52,35,SYNTHETIC TRAINING TEXT. Archive shelf 52:35 contains three folders.
52,36,SYNTHETIC TRAINING TEXT. Archive shelf 52:36 contains three folders.
52,37,SYNTHETIC TRAINING TEXT. Archive shelf 52:37 contains three folders.
52,38,SYNTHETIC TRAINING TEXT. Archive shelf 52:38 contains three folders.
52,39,SYNTHETIC TRAINING TEXT. Archive shelf 52:39 contains three folders.
52,40,SYNTHETIC TRAINING TEXT. Archive shelf 52:40 contains three folders.
52,41,SYNTHETIC TRAINING TEXT. Archive shelf 52:41 contains three folders.
52,42,SYNTHETIC TRAINING TEXT. Archive shelf 52:42 contains three folders.
52,43,SYNTHETIC TRAINING TEXT. Archive shelf 52:43 contains three folders.
52,44,SYNTHETIC TRAINING TEXT. Archive shelf 52:44 contains three folders.
52,45,SYNTHETIC TRAINING TEXT. Archive shelf 52:45 contains three folders.
52,46,SYNTHETIC TRAINING TEXT. Archive shelf 52:46 contains three folders.
52,47,SYNTHETIC TRAINING TEXT. Archive shelf 52:47 contains three folders.
52,48,SYNTHETIC TRAINING TEXT. Archive shelf 52:48 contains three folders.
52,49,SYNTHETIC TRAINING TEXT. Archive shelf 52:49 contains three folders.
53,1,SYNTHETIC TRAINING TEXT. Archive shelf 53:1 contains three folders.
53,2,SYNTHETIC TRAINING TEXT. Archive shelf 53:2 contains three folders.
53,3,SYNTHETIC TRAINING TEXT. Archive shelf 53:3 contains three folders.
53,4,SYNTHETIC TRAINING TEXT. Archive shelf 53:4 contains three folders.
53,5,SYNTHETIC TRAINING TEXT. Archive shelf 53:5 contains three folders.
53,6,SYNTHETIC TRAINING TEXT. Archive shelf 53:6 contains three folders.
53,7,SYNTHETIC TRAINING TEXT. Archive shelf 53:7 contains three folders.
53,8,SYNTHETIC TRAINING TEXT. Archive shelf 53:8 contains three folders.
53,9,SYNTHETIC TRAINING TEXT. Archive shelf 53:9 contains three folders.
53,10,SYNTHETIC TRAINING TEXT. Archive shelf 53:10 contains three folders.
53,11,SYNTHETIC TRAINING TEXT. Archive shelf 53:11 contains three folders.
53,12,SYNTHETIC TRAINING TEXT. Archive shelf 53:12 contains three folders.
53,13,SYNTHETIC TRAINING TEXT. Archive shelf 53:13 contains three folders.
53,14,SYNTHETIC TRAINING TEXT. Archive shelf 53:14 contains three folders.
53,15,SYNTHETIC TRAINING TEXT. Archive shelf 53:15 contains three folders.
53,16,SYNTHETIC TRAINING TEXT. Archive shelf 53:16 contains three folders.
53,17,SYNTHETIC TRAINING TEXT. Archive shelf 53:17 contains three folders.
53,18,SYNTHETIC TRAINING TEXT. Archive shelf 53:18 contains three folders.
53,19,SYNTHETIC TRAINING TEXT. Archive shelf 53:19 contains three folders.
53,20,SYNTHETIC TRAINING TEXT. Archive shelf 53:20 contains three folders.
53,21,SYNTHETIC TRAINING TEXT. Archive shelf 53:21 contains three folders.
53,22,SYNTHETIC TRAINING TEXT. Archive shelf 53:22 contains three folders.
53,23,SYNTHETIC TRAINING TEXT. Archive shelf 53:23 contains three folders.
53,24,SYNTHETIC TRAINING TEXT. Archive shelf 53:24 contains three folders.
53,25,SYNTHETIC TRAINING TEXT. Archive shelf 53:25 contains three folders.
53,26,SYNTHETIC TRAINING TEXT. Archive shelf 53:26 contains three folders.
53,27,SYNTHETIC TRAINING TEXT. Archive shelf 53:27 contains three folders.
53,28,SYNTHETIC TRAINING TEXT. Archive shelf 53:28 contains three folders.
53,29,SYNTHETIC TRAINING TEXT. Archive shelf 53:29 contains three folders.
53,30,SYNTHETIC TRAINING TEXT. Archive shelf 53:30 contains three folders.
53,31,SYNTHETIC TRAINING TEXT. Archive shelf 53:31 contains three folders.
53,32,SYNTHETIC TRAINING TEXT. Archive shelf 53:32 contains three folders.
53,33,SYNTHETIC TRAINING TEXT. Archive shelf 53:33 contains three folders.
53,34,SYNTHETIC TRAINING TEXT. Archive shelf 53:34 contains three folders.
53,35,SYNTHETIC TRAINING TEXT. Archive shelf 53:35 contains three folders.
53,36,SYNTHETIC TRAINING TEXT. Archive shelf 53:36 contains three folders.
53,37,SYNTHETIC TRAINING TEXT. Archive shelf 53:37 contains three folders.
53,38,SYNTHETIC TRAINING TEXT. Archive shelf 53:38 contains three folders.
53,39,SYNTHETIC TRAINING TEXT. Archive shelf 53:39 contains three folders.
53,40,SYNTHETIC TRAINING TEXT. Archive shelf 53:40 contains three folders.
53,41,SYNTHETIC TRAINING TEXT. Archive shelf 53:41 contains three folders.
53,42,SYNTHETIC TRAINING TEXT. Archive shelf 53:42 contains three folders.
53,43,SYNTHETIC TRAINING TEXT. Archive shelf 53:43 contains three folders.
53,44,SYNTHETIC TRAINING TEXT. Archive shelf 53:44 contains three folders.
53,45,SYNTHETIC TRAINING TEXT. Archive shelf 53:45 contains three folders.
53,46,SYNTHETIC TRAINING TEXT. Archive shelf 53:46 contains three folders.
53,47,SYNTHETIC TRAINING TEXT. Archive shelf 53:47 contains three folders.
53,48,SYNTHETIC TRAINING TEXT. Archive shelf 53:48 contains three folders.
53,49,SYNTHETIC TRAINING TEXT. Archive shelf 53:49 contains three folders.
53,50,SYNTHETIC TRAINING TEXT. Archive shelf 53:50 contains three folders.
53,51,SYNTHETIC TRAINING TEXT. Archive shelf 53:51 contains three folders.
53,52,SYNTHETIC TRAINING TEXT. Archive shelf 53:52 contains three folders.
53,53,SYNTHETIC TRAINING TEXT. Archive shelf 53:53 contains three folders.
53,54,SYNTHETIC TRAINING TEXT. Archive shelf 53:54 contains three folders.
53,55,SYNTHETIC TRAINING TEXT. Archive shelf 53:55 contains three folders.
53,56,SYNTHETIC TRAINING TEXT. Archive shelf 53:56 contains three folders.
53,57,SYNTHETIC TRAINING TEXT. Archive shelf 53:57 contains three folders.
53,58,SYNTHETIC TRAINING TEXT. Archive shelf 53:58 contains three folders.
53,59,SYNTHETIC TRAINING TEXT. Archive shelf 53:59 contains three folders.
53,60,SYNTHETIC TRAINING TEXT. Archive shelf 53:60 contains three folders.
53,61,SYNTHETIC TRAINING TEXT. Archive shelf 53:61 contains three folders.
53,62,SYNTHETIC TRAINING TEXT. Archive shelf 53:62 contains three folders.
54,1,SYNTHETIC TRAINING TEXT. Archive shelf 54:1 contains three folders.
54,2,SYNTHETIC TRAINING TEXT. Archive shelf 54:2 contains three folders.
54,3,SYNTHETIC TRAINING TEXT. Archive shelf 54:3 contains three folders.
54,4,SYNTHETIC TRAINING TEXT. Archive shelf 54:4 contains three folders.
54,5,SYNTHETIC TRAINING TEXT. Archive shelf 54:5 contains three folders.
54,6,SYNTHETIC TRAINING TEXT. Archive shelf 54:6 contains three folders.
54,7,SYNTHETIC TRAINING TEXT. Archive shelf 54:7 contains three folders.
54,8,SYNTHETIC TRAINING TEXT. Archive shelf 54:8 contains three folders.
54,9,SYNTHETIC TRAINING TEXT. Archive shelf 54:9 contains three folders.
54,10,SYNTHETIC TRAINING TEXT. Archive shelf 54:10 contains three folders.
54,11,SYNTHETIC TRAINING TEXT. Archive shelf 54:11 contains three folders.
54,12,SYNTHETIC TRAINING TEXT. Archive shelf 54:12 contains three folders.
54,13,SYNTHETIC TRAINING TEXT. Archive shelf 54:13 contains three folders.
54,14,SYNTHETIC TRAINING TEXT. Archive shelf 54:14 contains three folders.
54,15,SYNTHETIC TRAINING TEXT. Archive shelf 54:15 contains three folders.
54,16,SYNTHETIC TRAINING TEXT. Archive shelf 54:16 contains three folders.
54,17,SYNTHETIC TRAINING TEXT. Archive shelf 54:17 contains three folders.
54,18,SYNTHETIC TRAINING TEXT. Archive shelf 54:18 contains three folders.
54,19,SYNTHETIC TRAINING TEXT. Archive shelf 54:19 contains three folders.
54,20,SYNTHETIC TRAINING TEXT. Archive shelf 54:20 contains three folders.
54,21,SYNTHETIC TRAINING TEXT. Archive shelf 54:21 contains three folders.
54,22,SYNTHETIC TRAINING TEXT. Archive shelf 54:22 contains three folders.
54,23,SYNTHETIC TRAINING TEXT. Archive shelf 54:23 contains three folders.
54,24,SYNTHETIC TRAINING TEXT. Archive shelf 54:24 contains three folders.
54,25,SYNTHETIC TRAINING TEXT. Archive shelf 54:25 contains three folders.
54,26,SYNTHETIC TRAINING TEXT. Archive shelf 54:26 contains three folders.
54,27,SYNTHETIC TRAINING TEXT. Archive shelf 54:27 contains three folders.
54,28,SYNTHETIC TRAINING TEXT. Archive shelf 54:28 contains three folders.
54,29,SYNTHETIC TRAINING TEXT. Archive shelf 54:29 contains three folders.
54,30,SYNTHETIC TRAINING TEXT. Archive shelf 54:30 contains three folders.
54,31,SYNTHETIC TRAINING TEXT. Archive shelf 54:31 contains three folders.
54,32,SYNTHETIC TRAINING TEXT. Archive shelf 54:32 contains three folders.
54,33,SYNTHETIC TRAINING TEXT. Archive shelf 54:33 contains three folders.
54,34,SYNTHETIC TRAINING TEXT. Archive shelf 54:34 contains three folders.
54,35,SYNTHETIC TRAINING TEXT. Archive shelf 54:35 contains three folders.
54,36,SYNTHETIC TRAINING TEXT. Archive shelf 54:36 contains three folders.
54,37,SYNTHETIC TRAINING TEXT. Archive shelf 54:37 contains three folders.
54,38,SYNTHETIC TRAINING TEXT. Archive shelf 54:38 contains three folders.
54,39,SYNTHETIC TRAINING TEXT. Archive shelf 54:39 contains three folders.
54,40,SYNTHETIC TRAINING TEXT. Archive shelf 54:40 contains three folders.
54,41,SYNTHETIC TRAINING TEXT. Archive shelf 54:41 contains three folders.
54,42,SYNTHETIC TRAINING TEXT. Archive shelf 54:42 contains three folders.
54,43,SYNTHETIC TRAINING TEXT. Archive shelf 54:43 contains three folders.
54,44,SYNTHETIC TRAINING TEXT. Archive shelf 54:44 contains three folders.
54,45,SYNTHETIC TRAINING TEXT. Archive shelf 54:45 contains three folders.
54,46,SYNTHETIC TRAINING TEXT. Archive shelf 54:46 contains three folders.
54,47,SYNTHETIC TRAINING TEXT. Archive shelf 54:47 contains three folders.
54,48,SYNTHETIC TRAINING TEXT. Archive shelf 54:48 contains three folders.
54,49,SYNTHETIC TRAINING TEXT. Archive shelf 54:49 contains three folders.
54,50,SYNTHETIC TRAINING TEXT. Archive shelf 54:50 contains three folders.
54,51,SYNTHETIC TRAINING TEXT. Archive shelf 54:51 contains three folders.
54,52,SYNTHETIC TRAINING TEXT. Archive shelf 54:52 contains three folders.
54,53,SYNTHETIC TRAINING TEXT. Archive shelf 54:53 contains three folders.
54,54,SYNTHETIC TRAINING TEXT. Archive shelf 54:54 contains three folders.
54,55,SYNTHETIC TRAINING TEXT. Archive shelf 54:55 contains three folders.
55,1,SYNTHETIC TRAINING TEXT. Archive shelf 55:1 contains three folders.
55,2,SYNTHETIC TRAINING TEXT. Archive shelf 55:2 contains three folders.
55,3,SYNTHETIC TRAINING TEXT. Archive shelf 55:3 contains three folders.
55,4,SYNTHETIC TRAINING TEXT. Archive shelf 55:4 contains three folders.
55,5,SYNTHETIC TRAINING TEXT. Archive shelf 55:5 contains three folders.
55,6,SYNTHETIC TRAINING TEXT. Archive shelf 55:6 contains three folders.
55,7,SYNTHETIC TRAINING TEXT. Archive shelf 55:7 contains three folders.
55,8,SYNTHETIC TRAINING TEXT. Archive shelf 55:8 contains three folders.
55,9,SYNTHETIC TRAINING TEXT. Archive shelf 55:9 contains three folders.
55,10,SYNTHETIC TRAINING TEXT. Archive shelf 55:10 contains three folders.
55,11,SYNTHETIC TRAINING TEXT. Archive shelf 55:11 contains three folders.
55,12,SYNTHETIC TRAINING TEXT. Archive shelf 55:12 contains three folders.
55,13,SYNTHETIC TRAINING TEXT. Archive shelf 55:13 contains three folders.
55,14,SYNTHETIC TRAINING TEXT. Archive shelf 55:14 contains three folders.
55,15,SYNTHETIC TRAINING TEXT. Archive shelf 55:15 contains three folders.
55,16,SYNTHETIC TRAINING TEXT. Archive shelf 55:16 contains three folders.
55,17,SYNTHETIC TRAINING TEXT. Archive shelf 55:17 contains three folders.
55,18,SYNTHETIC TRAINING TEXT. Archive shelf 55:18 contains three folders.
55,19,SYNTHETIC TRAINING TEXT. Archive shelf 55:19 contains three folders.
55,20,SYNTHETIC TRAINING TEXT. Archive shelf 55:20 contains three folders.
55,21,SYNTHETIC TRAINING TEXT. Archive shelf 55:21 contains three folders.
55,22,SYNTHETIC TRAINING TEXT. Archive shelf 55:22 contains three folders.
55,23,SYNTHETIC TRAINING TEXT. Archive shelf 55:23 contains three folders.
55,24,SYNTHETIC TRAINING TEXT. Archive shelf 55:24 contains three folders.
55,25,SYNTHETIC TRAINING TEXT. Archive shelf 55:25 contains three folders.
55,26,SYNTHETIC TRAINING TEXT. Archive shelf 55:26 contains three folders.
55,27,SYNTHETIC TRAINING TEXT. Archive shelf 55:27 contains three folders.
55,28,SYNTHETIC TRAINING TEXT. Archive shelf 55:28 contains three folders.
55,29,SYNTHETIC TRAINING TEXT. Archive shelf 55:29 contains three folders.
55,30,SYNTHETIC TRAINING TEXT. Archive shelf 55:30 contains three folders.
55,31,SYNTHETIC TRAINING TEXT. Archive shelf 55:31 contains three folders.
55,32,SYNTHETIC TRAINING TEXT. Archive shelf 55:32 contains three folders.
55,33,SYNTHETIC TRAINING TEXT. Archive shelf 55:33 contains three folders.
55,34,SYNTHETIC TRAINING TEXT. Archive shelf 55:34 contains three folders.
55,35,SYNTHETIC TRAINING TEXT. Archive shelf 55:35 contains three folders.
55,36,SYNTHETIC TRAINING TEXT. Archive shelf 55:36 contains three folders.
55,37,SYNTHETIC TRAINING TEXT. Archive shelf 55:37 contains three folders.
55,38,SYNTHETIC TRAINING TEXT. Archive shelf 55:38 contains three folders.
55,39,SYNTHETIC TRAINING TEXT. Archive shelf 55:39 contains three folders.
55,40,SYNTHETIC TRAINING TEXT. Archive shelf 55:40 contains three folders.
55,41,SYNTHETIC TRAINING TEXT. Archive shelf 55:41 contains three folders.
55,42,SYNTHETIC TRAINING TEXT. Archive shelf 55:42 contains three folders.
55,43,SYNTHETIC TRAINING TEXT. Archive shelf 55:43 contains three folders.
55,44,SYNTHETIC TRAINING TEXT. Archive shelf 55:44 contains three folders.
55,45,SYNTHETIC TRAINING TEXT. Archive shelf 55:45 contains three folders.
55,46,SYNTHETIC TRAINING TEXT. Archive shelf 55:46 contains three folders.
55,47,SYNTHETIC TRAINING TEXT. Archive shelf 55:47 contains three folders.
55,48,SYNTHETIC TRAINING TEXT. Archive shelf 55:48 contains three folders.
55,49,SYNTHETIC TRAINING TEXT. Archive shelf 55:49 contains three folders.
55,50,SYNTHETIC TRAINING TEXT. Archive shelf 55:50 contains three folders.
55,51,SYNTHETIC TRAINING TEXT. Archive shelf 55:51 contains three folders.
55,52,SYNTHETIC TRAINING TEXT. Archive shelf 55:52 contains three folders.
55,53,SYNTHETIC TRAINING TEXT. Archive shelf 55:53 contains three folders.
55,54,SYNTHETIC TRAINING TEXT. Archive shelf 55:54 contains three folders.
55,55,SYNTHETIC TRAINING TEXT. Archive shelf 55:55 contains three folders.
55,56,SYNTHETIC TRAINING TEXT. Archive shelf 55:56 contains three folders.
55,57,SYNTHETIC TRAINING TEXT. Archive shelf 55:57 contains three folders.
55,58,SYNTHETIC TRAINING TEXT. Archive shelf 55:58 contains three folders.
55,59,SYNTHETIC TRAINING TEXT. Archive shelf 55:59 contains three folders.
55,60,SYNTHETIC TRAINING TEXT. Archive shelf 55:60 contains three folders.
55,61,SYNTHETIC TRAINING TEXT. Archive shelf 55:61 contains three folders.
55,62,SYNTHETIC TRAINING TEXT. Archive shelf 55:62 contains three folders.
55,63,SYNTHETIC TRAINING TEXT. Archive shelf 55:63 contains three folders.
55,64,SYNTHETIC TRAINING TEXT. Archive shelf 55:64 contains three folders.
55,65,SYNTHETIC TRAINING TEXT. Archive shelf 55:65 contains three folders.
55,66,SYNTHETIC TRAINING TEXT. Archive shelf 55:66 contains three folders.
55,67,SYNTHETIC TRAINING TEXT. Archive shelf 55:67 contains three folders.
55,68,SYNTHETIC TRAINING TEXT. Archive shelf 55:68 contains three folders.
55,69,SYNTHETIC TRAINING TEXT. Archive shelf 55:69 contains three folders.
55,70,SYNTHETIC TRAINING TEXT. Archive shelf 55:70 contains three folders.
55,71,SYNTHETIC TRAINING TEXT. Archive shelf 55:71 contains three folders.
55,72,SYNTHETIC TRAINING TEXT. Archive shelf 55:72 contains three folders.
55,73,SYNTHETIC TRAINING TEXT. Archive shelf 55:73 contains three folders.
55,74,SYNTHETIC TRAINING TEXT. Archive shelf 55:74 contains three folders.
55,75,SYNTHETIC TRAINING TEXT. Archive shelf 55:75 contains three folders.
55,76,SYNTHETIC TRAINING TEXT. Archive shelf 55:76 contains three folders.
55,77,SYNTHETIC TRAINING TEXT. Archive shelf 55:77 contains three folders.
55,78,SYNTHETIC TRAINING TEXT. Archive shelf 55:78 contains three folders.
56,1,SYNTHETIC TRAINING TEXT. Archive shelf 56:1 contains three folders.
56,2,SYNTHETIC TRAINING TEXT. Archive shelf 56:2 contains three folders.
56,3,SYNTHETIC TRAINING TEXT. Archive shelf 56:3 contains three folders.
56,4,SYNTHETIC TRAINING TEXT. Archive shelf 56:4 contains three folders.
56,5,SYNTHETIC TRAINING TEXT. Archive shelf 56:5 contains three folders.
56,6,SYNTHETIC TRAINING TEXT. Archive shelf 56:6 contains three folders.
56,7,SYNTHETIC TRAINING TEXT. Archive shelf 56:7 contains three folders.
56,8,SYNTHETIC TRAINING TEXT. Archive shelf 56:8 contains three folders.
56,9,SYNTHETIC TRAINING TEXT. Archive shelf 56:9 contains three folders.
56,10,SYNTHETIC TRAINING TEXT. Archive shelf 56:10 contains three folders.
56,11,SYNTHETIC TRAINING TEXT. Archive shelf 56:11 contains three folders.
56,12,SYNTHETIC TRAINING TEXT. Archive shelf 56:12 contains three folders.
56,13,SYNTHETIC TRAINING TEXT. Archive shelf 56:13 contains three folders.
56,14,SYNTHETIC TRAINING TEXT. Archive shelf 56:14 contains three folders.
56,15,SYNTHETIC TRAINING TEXT. Archive shelf 56:15 contains three folders.
56,16,SYNTHETIC TRAINING TEXT. Archive shelf 56:16 contains three folders.
56,17,SYNTHETIC TRAINING TEXT. Archive shelf 56:17 contains three folders.
56,18,SYNTHETIC TRAINING TEXT. Archive shelf 56:18 contains three folders.
56,19,SYNTHETIC TRAINING TEXT. Archive shelf 56:19 contains three folders.
56,20,SYNTHETIC TRAINING TEXT. Archive shelf 56:20 contains three folders.
56,21,SYNTHETIC TRAINING TEXT. Archive shelf 56:21 contains three folders.
56,22,SYNTHETIC TRAINING TEXT. Archive shelf 56:22 contains three folders.
56,23,SYNTHETIC TRAINING TEXT. Archive shelf 56:23 contains three folders.
56,24,SYNTHETIC TRAINING TEXT. Archive shelf 56:24 contains three folders.
56,25,SYNTHETIC TRAINING TEXT. Archive shelf 56:25 contains three folders.
56,26,SYNTHETIC TRAINING TEXT. Archive shelf 56:26 contains three folders.
56,27,SYNTHETIC TRAINING TEXT. Archive shelf 56:27 contains three folders.
56,28,SYNTHETIC TRAINING TEXT. Archive shelf 56:28 contains three folders.
56,29,SYNTHETIC TRAINING TEXT. Archive shelf 56:29 contains three folders.
56,30,SYNTHETIC TRAINING TEXT. Archive shelf 56:30 contains three folders.
56,31,SYNTHETIC TRAINING TEXT. Archive shelf 56:31 contains three folders.
56,32,SYNTHETIC TRAINING TEXT. Archive shelf 56:32 contains three folders.
56,33,SYNTHETIC TRAINING TEXT. Archive shelf 56:33 contains three folders.
56,34,SYNTHETIC TRAINING TEXT. Archive shelf 56:34 contains three folders.
56,35,SYNTHETIC TRAINING TEXT. Archive shelf 56:35 contains three folders.
56,36,SYNTHETIC TRAINING TEXT. Archive shelf 56:36 contains three folders.
56,37,SYNTHETIC TRAINING TEXT. Archive shelf 56:37 contains three folders.
56,38,SYNTHETIC TRAINING TEXT. Archive shelf 56:38 contains three folders.
56,39,SYNTHETIC TRAINING TEXT. Archive shelf 56:39 contains three folders.
56,40,SYNTHETIC TRAINING TEXT. Archive shelf 56:40 contains three folders.
56,41,SYNTHETIC TRAINING TEXT. Archive shelf 56:41 contains three folders.
56,42,SYNTHETIC TRAINING TEXT. Archive shelf 56:42 contains three folders.
56,43,SYNTHETIC TRAINING TEXT. Archive shelf 56:43 contains three folders.
56,44,SYNTHETIC TRAINING TEXT. Archive shelf 56:44 contains three folders.
56,45,SYNTHETIC TRAINING TEXT. Archive shelf 56:45 contains three folders.
56,46,SYNTHETIC TRAINING TEXT. Archive shelf 56:46 contains three folders.
56,47,SYNTHETIC TRAINING TEXT. Archive shelf 56:47 contains three folders.
56,48,SYNTHETIC TRAINING TEXT. Archive shelf 56:48 contains three folders.
56,49,SYNTHETIC TRAINING TEXT. Archive shelf 56:49 contains three folders.
56,50,SYNTHETIC TRAINING TEXT. Archive shelf 56:50 contains three folders.
56,51,SYNTHETIC TRAINING TEXT. Archive shelf 56:51 contains three folders.
56,52,SYNTHETIC TRAINING TEXT. Archive shelf 56:52 contains three folders.
56,53,SYNTHETIC TRAINING TEXT. Archive shelf 56:53 contains three folders.
56,54,SYNTHETIC TRAINING TEXT. Archive shelf 56:54 contains three folders.
56,55,SYNTHETIC TRAINING TEXT. Archive shelf 56:55 contains three folders.
56,56,SYNTHETIC TRAINING TEXT. Archive shelf 56:56 contains three folders.
56,57,SYNTHETIC TRAINING TEXT. Archive shelf 56:57 contains three folders.
56,58,SYNTHETIC TRAINING TEXT. Archive shelf 56:58 contains three folders.
56,59,SYNTHETIC TRAINING TEXT. Archive shelf 56:59 contains three folders.
56,60,SYNTHETIC TRAINING TEXT. Archive shelf 56:60 contains three folders.
56,61,SYNTHETIC TRAINING TEXT. Archive shelf 56:61 contains three folders.
56,62,SYNTHETIC TRAINING TEXT. Archive shelf 56:62 contains three folders.
56,63,SYNTHETIC TRAINING TEXT. Archive shelf 56:63 contains three folders.
56,64,SYNTHETIC TRAINING TEXT. Archive shelf 56:64 contains three folders.
56,65,SYNTHETIC TRAINING TEXT. Archive shelf 56:65 contains three folders.
56,66,SYNTHETIC TRAINING TEXT. Archive shelf 56:66 contains three folders.
56,67,SYNTHETIC TRAINING TEXT. Archive shelf 56:67 contains three folders.
56,68,SYNTHETIC TRAINING TEXT. Archive shelf 56:68 contains three folders.
56,69,SYNTHETIC TRAINING TEXT. Archive shelf 56:69 contains three folders.
56,70,SYNTHETIC TRAINING TEXT. Archive shelf 56:70 contains three folders.
56,71,SYNTHETIC TRAINING TEXT. Archive shelf 56:71 contains three folders.
56,72,SYNTHETIC TRAINING TEXT. Archive shelf 56:72 contains three folders.
56,73,SYNTHETIC TRAINING TEXT. Archive shelf 56:73 contains three folders.
56,74,SYNTHETIC TRAINING TEXT. Archive shelf 56:74 contains three folders.
56,75,SYNTHETIC TRAINING TEXT. Archive shelf 56:75 contains three folders.
56,76,SYNTHETIC TRAINING TEXT. Archive shelf 56:76 contains three folders.
56,77,SYNTHETIC TRAINING TEXT. Archive shelf 56:77 contains three folders.
56,78,SYNTHETIC TRAINING TEXT. Archive shelf 56:78 contains three folders.
56,79,SYNTHETIC TRAINING TEXT. Archive shelf 56:79 contains three folders.
56,80,SYNTHETIC TRAINING TEXT. Archive shelf 56:80 contains three folders.
56,81,SYNTHETIC TRAINING TEXT. Archive shelf 56:81 contains three folders.
56,82,SYNTHETIC TRAINING TEXT. Archive shelf 56:82 contains three folders.
56,83,SYNTHETIC TRAINING TEXT. Archive shelf 56:83 contains three folders.
56,84,SYNTHETIC TRAINING TEXT. Archive shelf 56:84 contains three folders.
56,85,SYNTHETIC TRAINING TEXT. Archive shelf 56:85 contains three folders.
56,86,SYNTHETIC TRAINING TEXT. Archive shelf 56:86 contains three folders.
56,87,SYNTHETIC TRAINING TEXT. Archive shelf 56:87 contains three folders.
56,88,SYNTHETIC TRAINING TEXT. Archive shelf 56:88 contains three folders.
56,89,SYNTHETIC TRAINING TEXT. Archive shelf 56:89 contains three folders.
56,90,SYNTHETIC TRAINING TEXT. Archive shelf 56:90 contains three folders.
56,91,SYNTHETIC TRAINING TEXT. Archive shelf 56:91 contains three folders.
56,92,SYNTHETIC TRAINING TEXT. Archive shelf 56:92 contains three folders.
56,93,SYNTHETIC TRAINING TEXT. Archive shelf 56:93 contains three folders.
56,94,SYNTHETIC TRAINING TEXT. Archive shelf 56:94 contains three folders.
56,95,SYNTHETIC TRAINING TEXT. Archive shelf 56:95 contains three folders.
56,96,SYNTHETIC TRAINING TEXT. Archive shelf 56:96 contains three folders.
57,1,SYNTHETIC TRAINING TEXT. Archive shelf 57:1 contains three folders.
57,2,SYNTHETIC TRAINING TEXT. Archive shelf 57:2 contains three folders.
57,3,SYNTHETIC TRAINING TEXT. Archive shelf 57:3 contains three folders.
57,4,SYNTHETIC TRAINING TEXT. Archive shelf 57:4 contains three folders.
57,5,SYNTHETIC TRAINING TEXT. Archive shelf 57:5 contains three folders.
57,6,SYNTHETIC TRAINING TEXT. Archive shelf 57:6 contains three folders.
57,7,SYNTHETIC TRAINING TEXT. Archive shelf 57:7 contains three folders.
57,8,SYNTHETIC TRAINING TEXT. Archive shelf 57:8 contains three folders.
57,9,SYNTHETIC TRAINING TEXT. Archive shelf 57:9 contains three folders.
57,10,SYNTHETIC TRAINING TEXT. Archive shelf 57:10 contains three folders.
57,11,SYNTHETIC TRAINING TEXT. Archive shelf 57:11 contains three folders.
57,12,SYNTHETIC TRAINING TEXT. Archive shelf 57:12 contains three folders.
57,13,SYNTHETIC TRAINING TEXT. Archive shelf 57:13 contains three folders.
57,14,SYNTHETIC TRAINING TEXT. Archive shelf 57:14 contains three folders.
57,15,SYNTHETIC TRAINING TEXT. Archive shelf 57:15 contains three folders.
57,16,SYNTHETIC TRAINING TEXT. Archive shelf 57:16 contains three folders.
57,17,SYNTHETIC TRAINING TEXT. Archive shelf 57:17 contains three folders.
57,18,SYNTHETIC TRAINING TEXT. Archive shelf 57:18 contains three folders.
57,19,SYNTHETIC TRAINING TEXT. Archive shelf 57:19 contains three folders.
57,20,SYNTHETIC TRAINING TEXT. Archive shelf 57:20 contains three folders.
57,21,SYNTHETIC TRAINING TEXT. Archive shelf 57:21 contains three folders.
57,22,SYNTHETIC TRAINING TEXT. Archive shelf 57:22 contains three folders.
57,23,SYNTHETIC TRAINING TEXT. Archive shelf 57:23 contains three folders.
57,24,SYNTHETIC TRAINING TEXT. Archive shelf 57:24 contains three folders.
57,25,SYNTHETIC TRAINING TEXT. Archive shelf 57:25 contains three folders.
57,26,SYNTHETIC TRAINING TEXT. Archive shelf 57:26 contains three folders.
57,27,SYNTHETIC TRAINING TEXT. Archive shelf 57:27 contains three folders.
57,28,SYNTHETIC TRAINING TEXT. Archive shelf 57:28 contains three folders.
57,29,SYNTHETIC TRAINING TEXT. Archive shelf 57:29 contains three folders.
58,1,SYNTHETIC TRAINING TEXT. Archive shelf 58:1 contains three folders.
58,2,SYNTHETIC TRAINING TEXT. Archive shelf 58:2 contains three folders.
58,3,SYNTHETIC TRAINING TEXT. Archive shelf 58:3 contains three folders.
58,4,SYNTHETIC TRAINING TEXT. Archive shelf 58:4 contains three folders.
58,5,SYNTHETIC TRAINING TEXT. Archive shelf 58:5 contains three folders.
58,6,SYNTHETIC TRAINING TEXT. Archive shelf 58:6 contains three folders.
58,7,SYNTHETIC TRAINING TEXT. Archive shelf 58:7 contains three folders.
58,8,SYNTHETIC TRAINING TEXT. Archive shelf 58:8 contains three folders.
58,9,SYNTHETIC TRAINING TEXT. Archive shelf 58:9 contains three folders.
58,10,SYNTHETIC TRAINING TEXT. Archive shelf 58:10 contains three folders.
58,11,SYNTHETIC TRAINING TEXT. Archive shelf 58:11 contains three folders.
58,12,SYNTHETIC TRAINING TEXT. Archive shelf 58:12 contains three folders.
58,13,SYNTHETIC TRAINING TEXT. Archive shelf 58:13 contains three folders.
58,14,SYNTHETIC TRAINING TEXT. Archive shelf 58:14 contains three folders.
58,15,SYNTHETIC TRAINING TEXT. Archive shelf 58:15 contains three folders.
58,16,SYNTHETIC TRAINING TEXT. Archive shelf 58:16 contains three folders.
58,17,SYNTHETIC TRAINING TEXT. Archive shelf 58:17 contains three folders.
58,18,SYNTHETIC TRAINING TEXT. Archive shelf 58:18 contains three folders.
58,19,SYNTHETIC TRAINING TEXT. Archive shelf 58:19 contains three folders.
58,20,SYNTHETIC TRAINING TEXT. Archive shelf 58:20 contains three folders.
58,21,SYNTHETIC TRAINING TEXT. Archive shelf 58:21 contains three folders.
58,22,SYNTHETIC TRAINING TEXT. Archive shelf 58:22 contains three folders.
59,1,SYNTHETIC TRAINING TEXT. Archive shelf 59:1 contains three folders.
59,2,SYNTHETIC TRAINING TEXT. Archive shelf 59:2 contains three folders.
59,3,SYNTHETIC TRAINING TEXT. Archive shelf 59:3 contains three folders.
59,4,SYNTHETIC TRAINING TEXT. Archive shelf 59:4 contains three folders.
59,5,SYNTHETIC TRAINING TEXT. Archive shelf 59:5 contains three folders.
59,6,SYNTHETIC TRAINING TEXT. Archive shelf 59:6 contains three folders.
59,7,SYNTHETIC TRAINING TEXT. Archive shelf 59:7 contains three folders.
59,8,SYNTHETIC TRAINING TEXT. Archive shelf 59:8 contains three folders.
59,9,SYNTHETIC TRAINING TEXT. Archive shelf 59:9 contains three folders.
59,10,SYNTHETIC TRAINING TEXT. Archive shelf 59:10 contains three folders.
59,11,SYNTHETIC TRAINING TEXT. Archive shelf 59:11 contains three folders.
59,12,SYNTHETIC TRAINING TEXT. Archive shelf 59:12 contains three folders.
59,13,SYNTHETIC TRAINING TEXT. Archive shelf 59:13 contains three folders.
59,14,SYNTHETIC TRAINING TEXT. Archive shelf 59:14 contains three folders.
59,15,SYNTHETIC TRAINING TEXT. Archive shelf 59:15 contains three folders.
59,16,SYNTHETIC TRAINING TEXT. Archive shelf 59:16 contains three folders.
59,17,SYNTHETIC TRAINING TEXT. Archive shelf 59:17 contains three folders.
59,18,SYNTHETIC TRAINING TEXT. Archive shelf 59:18 contains three folders.
59,19,SYNTHETIC TRAINING TEXT. Archive shelf 59:19 contains three folders.
59,20,SYNTHETIC TRAINING TEXT. Archive shelf 59:20 contains three folders.
59,21,SYNTHETIC TRAINING TEXT. Archive shelf 59:21 contains three folders.
59,22,SYNTHETIC TRAINING TEXT. Archive shelf 59:22 contains three folders.
59,23,SYNTHETIC TRAINING TEXT. Archive shelf 59:23 contains three folders.
59,24,SYNTHETIC TRAINING TEXT. Archive shelf 59:24 contains three folders.
60,1,SYNTHETIC TRAINING TEXT. Archive shelf 60:1 contains three folders.
60,2,SYNTHETIC TRAINING TEXT. Archive shelf 60:2 contains three folders.
60,3,SYNTHETIC TRAINING TEXT. Archive shelf 60:3 contains three folders.
60,4,SYNTHETIC TRAINING TEXT. Archive shelf 60:4 contains three folders.
60,5,SYNTHETIC TRAINING TEXT. Archive shelf 60:5 contains three folders.
60,6,SYNTHETIC TRAINING TEXT. Archive shelf 60:6 contains three folders.
60,7,SYNTHETIC TRAINING TEXT. Archive shelf 60:7 contains three folders.
60,8,SYNTHETIC TRAINING TEXT. Archive shelf 60:8 contains three folders.
60,9,SYNTHETIC TRAINING TEXT. Archive shelf 60:9 contains three folders.
60,10,SYNTHETIC TRAINING TEXT. Archive shelf 60:10 contains three folders.
60,11,SYNTHETIC TRAINING TEXT. Archive shelf 60:11 contains three folders.
60,12,SYNTHETIC TRAINING TEXT. Archive shelf 60:12 contains three folders.
60,13,SYNTHETIC TRAINING TEXT. Archive shelf 60:13 contains three folders.
61,1,SYNTHETIC TRAINING TEXT. Archive shelf 61:1 contains three folders.
61,2,SYNTHETIC TRAINING TEXT. Archive shelf 61:2 contains three folders.
61,3,SYNTHETIC TRAINING TEXT. Archive shelf 61:3 contains three folders.
61,4,SYNTHETIC TRAINING TEXT. Archive shelf 61:4 contains three folders.
61,5,SYNTHETIC TRAINING TEXT. Archive shelf 61:5 contains three folders.
61,6,SYNTHETIC TRAINING TEXT. Archive shelf 61:6 contains three folders.
61,7,SYNTHETIC TRAINING TEXT. Archive shelf 61:7 contains three folders.
61,8,SYNTHETIC TRAINING TEXT. Archive shelf 61:8 contains three folders.
61,9,SYNTHETIC TRAINING TEXT. Archive shelf 61:9 contains three folders.
61,10,SYNTHETIC TRAINING TEXT. Archive shelf 61:10 contains three folders.
61,11,SYNTHETIC TRAINING TEXT. Archive shelf 61:11 contains three folders.
61,12,SYNTHETIC TRAINING TEXT. Archive shelf 61:12 contains three folders.
61,13,SYNTHETIC TRAINING TEXT. Archive shelf 61:13 contains three folders.
61,14,SYNTHETIC TRAINING TEXT. Archive shelf 61:14 contains three folders.
62,1,SYNTHETIC TRAINING TEXT. Archive shelf 62:1 contains three folders.
62,2,SYNTHETIC TRAINING TEXT. Archive shelf 62:2 contains three folders.
62,3,SYNTHETIC TRAINING TEXT. Archive shelf 62:3 contains three folders.
62,4,SYNTHETIC TRAINING TEXT. Archive shelf 62:4 contains three folders.
62,5,SYNTHETIC TRAINING TEXT. Archive shelf 62:5 contains three folders.
62,6,SYNTHETIC TRAINING TEXT. Archive shelf 62:6 contains three folders.
62,7,SYNTHETIC TRAINING TEXT. Archive shelf 62:7 contains three folders.
62,8,SYNTHETIC TRAINING TEXT. Archive shelf 62:8 contains three folders.
62,9,SYNTHETIC TRAINING TEXT. Archive shelf 62:9 contains three folders.
62,10,SYNTHETIC TRAINING TEXT. Archive shelf 62:10 contains three folders.
62,11,SYNTHETIC TRAINING TEXT. Archive shelf 62:11 contains three folders.
63,1,SYNTHETIC TRAINING TEXT. Archive shelf 63:1 contains three folders.
63,2,SYNTHETIC TRAINING TEXT. Archive shelf 63:2 contains three folders.
63,3,SYNTHETIC TRAINING TEXT. Archive shelf 63:3 contains three folders.
63,4,SYNTHETIC TRAINING TEXT. Archive shelf 63:4 contains three folders.
63,5,SYNTHETIC TRAINING TEXT. Archive shelf 63:5 contains three folders.
63,6,SYNTHETIC TRAINING TEXT. Archive shelf 63:6 contains three folders.
63,7,SYNTHETIC TRAINING TEXT. Archive shelf 63:7 contains three folders.
63,8,SYNTHETIC TRAINING TEXT. Archive shelf 63:8 contains three folders.
63,9,SYNTHETIC TRAINING TEXT. Archive shelf 63:9 contains three folders.
63,10,SYNTHETIC TRAINING TEXT. Archive shelf 63:10 contains three folders.
63,11,SYNTHETIC TRAINING TEXT. Archive shelf 63:11 contains three folders.
64,1,SYNTHETIC TRAINING TEXT. Archive shelf 64:1 contains three folders.
64,2,SYNTHETIC TRAINING TEXT. Archive shelf 64:2 contains three folders.
64,3,SYNTHETIC TRAINING TEXT. Archive shelf 64:3 contains three folders.
64,4,SYNTHETIC TRAINING TEXT. Archive shelf 64:4 contains three folders.
64,5,SYNTHETIC TRAINING TEXT. Archive shelf 64:5 contains three folders.
64,6,SYNTHETIC TRAINING TEXT. Archive shelf 64:6 contains three folders.
64,7,SYNTHETIC TRAINING TEXT. Archive shelf 64:7 contains three folders.
64,8,SYNTHETIC TRAINING TEXT. Archive shelf 64:8 contains three folders.
64,9,SYNTHETIC TRAINING TEXT. Archive shelf 64:9 contains three folders.
64,10,SYNTHETIC TRAINING TEXT. Archive shelf 64:10 contains three folders.
64,11,SYNTHETIC TRAINING TEXT. Archive shelf 64:11 contains three folders.
64,12,SYNTHETIC TRAINING TEXT. Archive shelf 64:12 contains three folders.
64,13,SYNTHETIC TRAINING TEXT. Archive shelf 64:13 contains three folders.
64,14,SYNTHETIC TRAINING TEXT. Archive shelf 64:14 contains three folders.
64,15,SYNTHETIC TRAINING TEXT. Archive shelf 64:15 contains three folders.
64,16,SYNTHETIC TRAINING TEXT. Archive shelf 64:16 contains three folders.
64,17,SYNTHETIC TRAINING TEXT. Archive shelf 64:17 contains three folders.
64,18,SYNTHETIC TRAINING TEXT. Archive shelf 64:18 contains three folders.
65,1,SYNTHETIC TRAINING TEXT. Archive shelf 65:1 contains three folders.
65,2,SYNTHETIC TRAINING TEXT. Archive shelf 65:2 contains three folders.
65,3,SYNTHETIC TRAINING TEXT. Archive shelf 65:3 contains three folders.
65,4,SYNTHETIC TRAINING TEXT. Archive shelf 65:4 contains three folders.
65,5,SYNTHETIC TRAINING TEXT. Archive shelf 65:5 contains three folders.
65,6,SYNTHETIC TRAINING TEXT. Archive shelf 65:6 contains three folders.
65,7,SYNTHETIC TRAINING TEXT. Archive shelf 65:7 contains three folders.
65,8,SYNTHETIC TRAINING TEXT. Archive shelf 65:8 contains three folders.
65,9,SYNTHETIC TRAINING TEXT. Archive shelf 65:9 contains three folders.
65,10,SYNTHETIC TRAINING TEXT. Archive shelf 65:10 contains three folders.
65,11,SYNTHETIC TRAINING TEXT. Archive shelf 65:11 contains three folders.
65,12,SYNTHETIC TRAINING TEXT. Archive shelf 65:12 contains three folders.
66,1,SYNTHETIC TRAINING TEXT. Archive shelf 66:1 contains three folders.
66,2,SYNTHETIC TRAINING TEXT. Archive shelf 66:2 contains three folders.
66,3,SYNTHETIC TRAINING TEXT. Archive shelf 66:3 contains three folders.
66,4,SYNTHETIC TRAINING TEXT. Archive shelf 66:4 contains three folders.
66,5,SYNTHETIC TRAINING TEXT. Archive shelf 66:5 contains three folders.
66,6,SYNTHETIC TRAINING TEXT. Archive shelf 66:6 contains three folders.
66,7,SYNTHETIC TRAINING TEXT. Archive shelf 66:7 contains three folders.
66,8,SYNTHETIC TRAINING TEXT. Archive shelf 66:8 contains three folders.
66,9,SYNTHETIC TRAINING TEXT. Archive shelf 66:9 contains three folders.
66,10,SYNTHETIC TRAINING TEXT. Archive shelf 66:10 contains three folders.
66,11,SYNTHETIC TRAINING TEXT. Archive shelf 66:11 contains three folders.
66,12,SYNTHETIC TRAINING TEXT. Archive shelf 66:12 contains three folders.
67,1,SYNTHETIC TRAINING TEXT. Archive shelf 67:1 contains three folders.
67,2,SYNTHETIC TRAINING TEXT. Archive shelf 67:2 contains three folders.
67,3,SYNTHETIC TRAINING TEXT. Archive shelf 67:3 contains three folders.
67,4,SYNTHETIC TRAINING TEXT. Archive shelf 67:4 contains three folders.
67,5,SYNTHETIC TRAINING TEXT. Archive shelf 67:5 contains three folders.
67,6,SYNTHETIC TRAINING TEXT. Archive shelf 67:6 contains three folders.
67,7,SYNTHETIC TRAINING TEXT. Archive shelf 67:7 contains three folders.
67,8,SYNTHETIC TRAINING TEXT. Archive shelf 67:8 contains three folders.
67,9,SYNTHETIC TRAINING TEXT. Archive shelf 67:9 contains three folders.
67,10,SYNTHETIC TRAINING TEXT. Archive shelf 67:10 contains three folders.
67,11,SYNTHETIC TRAINING TEXT. Archive shelf 67:11 contains three folders.
67,12,SYNTHETIC TRAINING TEXT. Archive shelf 67:12 contains three folders.
67,13,SYNTHETIC TRAINING TEXT. Archive shelf 67:13 contains three folders.
67,14,SYNTHETIC TRAINING TEXT. Archive shelf 67:14 contains three folders.
67,15,SYNTHETIC TRAINING TEXT. Archive shelf 67:15 contains three folders.
67,16,SYNTHETIC TRAINING TEXT. Archive shelf 67:16 contains three folders.
67,17,SYNTHETIC TRAINING TEXT. Archive shelf 67:17 contains three folders.
67,18,SYNTHETIC TRAINING TEXT. Archive shelf 67:18 contains three folders.
67,19,SYNTHETIC TRAINING TEXT. Archive shelf 67:19 contains three folders.
67,20,SYNTHETIC TRAINING TEXT. Archive shelf 67:20 contains three folders.
67,21,SYNTHETIC TRAINING TEXT. Archive shelf 67:21 contains three folders.
67,22,SYNTHETIC TRAINING TEXT. Archive shelf 67:22 contains three folders.
67,23,SYNTHETIC TRAINING TEXT. Archive shelf 67:23 contains three folders.
67,24,SYNTHETIC TRAINING TEXT. Archive shelf 67:24 contains three folders.
67,25,SYNTHETIC TRAINING TEXT. Archive shelf 67:25 contains three folders.
67,26,SYNTHETIC TRAINING TEXT. Archive shelf 67:26 contains three folders.
67,27,SYNTHETIC TRAINING TEXT. Archive shelf 67:27 contains three folders.
67,28,SYNTHETIC TRAINING TEXT. Archive shelf 67:28 contains three folders.
67,29,SYNTHETIC TRAINING TEXT. Archive shelf 67:29 contains three folders.
67,30,SYNTHETIC TRAINING TEXT. Archive shelf 67:30 contains three folders.
68,1,SYNTHETIC TRAINING TEXT. Archive shelf 68:1 contains three folders.
68,2,SYNTHETIC TRAINING TEXT. Archive shelf 68:2 contains three folders.
68,3,SYNTHETIC TRAINING TEXT. Archive shelf 68:3 contains three folders.
68,4,SYNTHETIC TRAINING TEXT. Archive shelf 68:4 contains three folders.
68,5,SYNTHETIC TRAINING TEXT. Archive shelf 68:5 contains three folders.
68,6,SYNTHETIC TRAINING TEXT. Archive shelf 68:6 contains three folders.
68,7,SYNTHETIC TRAINING TEXT. Archive shelf 68:7 contains three folders.
68,8,SYNTHETIC TRAINING TEXT. Archive shelf 68:8 contains three folders.
68,9,SYNTHETIC TRAINING TEXT. Archive shelf 68:9 contains three folders.
68,10,SYNTHETIC TRAINING TEXT. Archive shelf 68:10 contains three folders.
68,11,SYNTHETIC TRAINING TEXT. Archive shelf 68:11 contains three folders.
68,12,SYNTHETIC TRAINING TEXT. Archive shelf 68:12 contains three folders.
68,13,SYNTHETIC TRAINING TEXT. Archive shelf 68:13 contains three folders.
68,14,SYNTHETIC TRAINING TEXT. Archive shelf 68:14 contains three folders.
68,15,SYNTHETIC TRAINING TEXT. Archive shelf 68:15 contains three folders.
68,16,SYNTHETIC TRAINING TEXT. Archive shelf 68:16 contains three folders.
68,17,SYNTHETIC TRAINING TEXT. Archive shelf 68:17 contains three folders.
68,18,SYNTHETIC TRAINING TEXT. Archive shelf 68:18 contains three folders.
68,19,SYNTHETIC TRAINING TEXT. Archive shelf 68:19 contains three folders.
68,20,SYNTHETIC TRAINING TEXT. Archive shelf 68:20 contains three folders.
68,21,SYNTHETIC TRAINING TEXT. Archive shelf 68:21 contains three folders.
68,22,SYNTHETIC TRAINING TEXT. Archive shelf 68:22 contains three folders.
68,23,SYNTHETIC TRAINING TEXT. Archive shelf 68:23 contains three folders.
68,24,SYNTHETIC TRAINING TEXT. Archive shelf 68:24 contains three folders.
68,25,SYNTHETIC TRAINING TEXT. Archive shelf 68:25 contains three folders.
68,26,SYNTHETIC TRAINING TEXT. Archive shelf 68:26 contains three folders.
68,27,SYNTHETIC TRAINING TEXT. Archive shelf 68:27 contains three folders.
68,28,SYNTHETIC TRAINING TEXT. Archive shelf 68:28 contains three folders.
68,29,SYNTHETIC TRAINING TEXT. Archive shelf 68:29 contains three folders.
68,30,SYNTHETIC TRAINING TEXT. Archive shelf 68:30 contains three folders.
68,31,SYNTHETIC TRAINING TEXT. Archive shelf 68:31 contains three folders.
68,32,SYNTHETIC TRAINING TEXT. Archive shelf 68:32 contains three folders.
68,33,SYNTHETIC TRAINING TEXT. Archive shelf 68:33 contains three folders.
68,34,SYNTHETIC TRAINING TEXT. Archive shelf 68:34 contains three folders.
68,35,SYNTHETIC TRAINING TEXT. Archive shelf 68:35 contains three folders.
68,36,SYNTHETIC TRAINING TEXT. Archive shelf 68:36 contains three folders.
68,37,SYNTHETIC TRAINING TEXT. Archive shelf 68:37 contains three folders.
68,38,SYNTHETIC TRAINING TEXT. Archive shelf 68:38 contains three folders.
68,39,SYNTHETIC TRAINING TEXT. Archive shelf 68:39 contains three folders.
68,40,SYNTHETIC TRAINING TEXT. Archive shelf 68:40 contains three folders.
68,41,SYNTHETIC TRAINING TEXT. Archive shelf 68:41 contains three folders.
68,42,SYNTHETIC TRAINING TEXT. Archive shelf 68:42 contains three folders.
68,43,SYNTHETIC TRAINING TEXT. Archive shelf 68:43 contains three folders.
68,44,SYNTHETIC TRAINING TEXT. Archive shelf 68:44 contains three folders.
68,45,SYNTHETIC TRAINING TEXT. Archive shelf 68:45 contains three folders.
68,46,SYNTHETIC TRAINING TEXT. Archive shelf 68:46 contains three folders.
68,47,SYNTHETIC TRAINING TEXT. Archive shelf 68:47 contains three folders.
68,48,SYNTHETIC TRAINING TEXT. Archive shelf 68:48 contains three folders.
68,49,SYNTHETIC TRAINING TEXT. Archive shelf 68:49 contains three folders.
68,50,SYNTHETIC TRAINING TEXT. Archive shelf 68:50 contains three folders.
68,51,SYNTHETIC TRAINING TEXT. Archive shelf 68:51 contains three folders.
68,52,SYNTHETIC TRAINING TEXT. Archive shelf 68:52 contains three folders.
69,1,SYNTHETIC TRAINING TEXT. Archive shelf 69:1 contains three folders.
69,2,SYNTHETIC TRAINING TEXT. Archive shelf 69:2 contains three folders.
69,3,SYNTHETIC TRAINING TEXT. Archive shelf 69:3 contains three folders.
69,4,SYNTHETIC TRAINING TEXT. Archive shelf 69:4 contains three folders.
69,5,SYNTHETIC TRAINING TEXT. Archive shelf 69:5 contains three folders.
69,6,SYNTHETIC TRAINING TEXT. Archive shelf 69:6 contains three folders.
69,7,SYNTHETIC TRAINING TEXT. Archive shelf 69:7 contains three folders.
69,8,SYNTHETIC TRAINING TEXT. Archive shelf 69:8 contains three folders.
69,9,SYNTHETIC TRAINING TEXT. Archive shelf 69:9 contains three folders.
69,10,SYNTHETIC TRAINING TEXT. Archive shelf 69:10 contains three folders.
69,11,SYNTHETIC TRAINING TEXT. Archive shelf 69:11 contains three folders.
69,12,SYNTHETIC TRAINING TEXT. Archive shelf 69:12 contains three folders.
69,13,SYNTHETIC TRAINING TEXT. Archive shelf 69:13 contains three folders.
69,14,SYNTHETIC TRAINING TEXT. Archive shelf 69:14 contains three folders.
69,15,SYNTHETIC TRAINING TEXT. Archive shelf 69:15 contains three folders.
69,16,SYNTHETIC TRAINING TEXT. Archive shelf 69:16 contains three folders.
69,17,SYNTHETIC TRAINING TEXT. Archive shelf 69:17 contains three folders.
69,18,SYNTHETIC TRAINING TEXT. Archive shelf 69:18 contains three folders.
69,19,SYNTHETIC TRAINING TEXT. Archive shelf 69:19 contains three folders.
69,20,SYNTHETIC TRAINING TEXT. Archive shelf 69:20 contains three folders.
69,21,SYNTHETIC TRAINING TEXT. Archive shelf 69:21 contains three folders.
69,22,SYNTHETIC TRAINING TEXT. Archive shelf 69:22 contains three folders.
69,23,SYNTHETIC TRAINING TEXT. Archive shelf 69:23 contains three folders.
69,24,SYNTHETIC TRAINING TEXT. Archive shelf 69:24 contains three folders.
69,25,SYNTHETIC TRAINING TEXT. Archive shelf 69:25 contains three folders.
69,26,SYNTHETIC TRAINING TEXT. Archive shelf 69:26 contains three folders.
69,27,SYNTHETIC TRAINING TEXT. Archive shelf 69:27 contains three folders.
69,28,SYNTHETIC TRAINING TEXT. Archive shelf 69:28 contains three folders.
69,29,SYNTHETIC TRAINING TEXT. Archive shelf 69:29 contains three folders.
69,30,SYNTHETIC TRAINING TEXT. Archive shelf 69:30 contains three folders.
69,31,SYNTHETIC TRAINING TEXT. Archive shelf 69:31 contains three folders.
69,32,SYNTHETIC TRAINING TEXT. Archive shelf 69:32 contains three folders.
69,33,SYNTHETIC TRAINING TEXT. Archive shelf 69:33 contains three folders.
69,34,SYNTHETIC TRAINING TEXT. Archive shelf 69:34 contains three folders.
69,35,SYNTHETIC TRAINING TEXT. Archive shelf 69:35 contains three folders.
69,36,SYNTHETIC TRAINING TEXT. Archive shelf 69:36 contains three folders.
69,37,SYNTHETIC TRAINING TEXT. Archive shelf 69:37 contains three folders.
69,38,SYNTHETIC TRAINING TEXT. Archive shelf 69:38 contains three folders.
69,39,SYNTHETIC TRAINING TEXT. Archive shelf 69:39 contains three folders.
69,40,SYNTHETIC TRAINING TEXT. Archive shelf 69:40 contains three folders.
69,41,SYNTHETIC TRAINING TEXT. Archive shelf 69:41 contains three folders.
69,42,SYNTHETIC TRAINING TEXT. Archive shelf 69:42 contains three folders.
69,43,SYNTHETIC TRAINING TEXT. Archive shelf 69:43 contains three folders.
69,44,SYNTHETIC TRAINING TEXT. Archive shelf 69:44 contains three folders.
69,45,SYNTHETIC TRAINING TEXT. Archive shelf 69:45 contains three folders.
69,46,SYNTHETIC TRAINING TEXT. Archive shelf 69:46 contains three folders.
69,47,SYNTHETIC TRAINING TEXT. Archive shelf 69:47 contains three folders.
69,48,SYNTHETIC TRAINING TEXT. Archive shelf 69:48 contains three folders.
69,49,SYNTHETIC TRAINING TEXT. Archive shelf 69:49 contains three folders.
69,50,SYNTHETIC TRAINING TEXT. Archive shelf 69:50 contains three folders.
69,51,SYNTHETIC TRAINING TEXT. Archive shelf 69:51 contains three folders.
69,52,SYNTHETIC TRAINING TEXT. Archive shelf 69:52 contains three folders.
70,1,SYNTHETIC TRAINING TEXT. Archive shelf 70:1 contains three folders.
70,2,SYNTHETIC TRAINING TEXT. Archive shelf 70:2 contains three folders.
70,3,SYNTHETIC TRAINING TEXT. Archive shelf 70:3 contains three folders.
70,4,SYNTHETIC TRAINING TEXT. Archive shelf 70:4 contains three folders.
70,5,SYNTHETIC TRAINING TEXT. Archive shelf 70:5 contains three folders.
70,6,SYNTHETIC TRAINING TEXT. Archive shelf 70:6 contains three folders.
70,7,SYNTHETIC TRAINING TEXT. Archive shelf 70:7 contains three folders.
70,8,SYNTHETIC TRAINING TEXT. Archive shelf 70:8 contains three folders.
70,9,SYNTHETIC TRAINING TEXT. Archive shelf 70:9 contains three folders.
70,10,SYNTHETIC TRAINING TEXT. Archive shelf 70:10 contains three folders.
70,11,SYNTHETIC TRAINING TEXT. Archive shelf 70:11 contains three folders.
70,12,SYNTHETIC TRAINING TEXT. Archive shelf 70:12 contains three folders.
70,13,SYNTHETIC TRAINING TEXT. Archive shelf 70:13 contains three folders.
70,14,SYNTHETIC TRAINING TEXT. Archive shelf 70:14 contains three folders.
70,15,SYNTHETIC TRAINING TEXT. Archive shelf 70:15 contains three folders.
70,16,SYNTHETIC TRAINING TEXT. Archive shelf 70:16 contains three folders.
70,17,SYNTHETIC TRAINING TEXT. Archive shelf 70:17 contains three folders.
70,18,SYNTHETIC TRAINING TEXT. Archive shelf 70:18 contains three folders.
70,19,SYNTHETIC TRAINING TEXT. Archive shelf 70:19 contains three folders.
70,20,SYNTHETIC TRAINING TEXT. Archive shelf 70:20 contains three folders.
70,21,SYNTHETIC TRAINING TEXT. Archive shelf 70:21 contains three folders.
70,22,SYNTHETIC TRAINING TEXT. Archive shelf 70:22 contains three folders.
70,23,SYNTHETIC TRAINING TEXT. Archive shelf 70:23 contains three folders.
70,24,SYNTHETIC TRAINING TEXT. Archive shelf 70:24 contains three folders.
70,25,SYNTHETIC TRAINING TEXT. Archive shelf 70:25 contains three folders.
70,26,SYNTHETIC TRAINING TEXT. Archive shelf 70:26 contains three folders.
70,27,SYNTHETIC TRAINING TEXT. Archive shelf 70:27 contains three folders.
70,28,SYNTHETIC TRAINING TEXT. Archive shelf 70:28 contains three folders.
70,29,SYNTHETIC TRAINING TEXT. Archive shelf 70:29 contains three folders.
70,30,SYNTHETIC TRAINING TEXT. Archive shelf 70:30 contains three folders.
70,31,SYNTHETIC TRAINING TEXT. Archive shelf 70:31 contains three folders.
70,32,SYNTHETIC TRAINING TEXT. Archive shelf 70:32 contains three folders.
70,33,SYNTHETIC TRAINING TEXT. Archive shelf 70:33 contains three folders.
70,34,SYNTHETIC TRAINING TEXT. Archive shelf 70:34 contains three folders.
70,35,SYNTHETIC TRAINING TEXT. Archive shelf 70:35 contains three folders.
70,36,SYNTHETIC TRAINING TEXT. Archive shelf 70:36 contains three folders.
70,37,SYNTHETIC TRAINING TEXT. Archive shelf 70:37 contains three folders.
70,38,SYNTHETIC TRAINING TEXT. Archive shelf 70:38 contains three folders.
70,39,SYNTHETIC TRAINING TEXT. Archive shelf 70:39 contains three folders.
70,40,SYNTHETIC TRAINING TEXT. Archive shelf 70:40 contains three folders.
70,41,SYNTHETIC TRAINING TEXT. Archive shelf 70:41 contains three folders.
70,42,SYNTHETIC TRAINING TEXT. Archive shelf 70:42 contains three folders.
70,43,SYNTHETIC TRAINING TEXT. Archive shelf 70:43 contains three folders.
70,44,SYNTHETIC TRAINING TEXT. Archive shelf 70:44 contains three folders.
71,1,SYNTHETIC TRAINING TEXT. Archive shelf 71:1 contains three folders.
71,2,SYNTHETIC TRAINING TEXT. Archive shelf 71:2 contains three folders.
71,3,SYNTHETIC TRAINING TEXT. Archive shelf 71:3 contains three folders.
71,4,SYNTHETIC TRAINING TEXT. Archive shelf 71:4 contains three folders.
71,5,SYNTHETIC TRAINING TEXT. Archive shelf 71:5 contains three folders.
71,6,SYNTHETIC TRAINING TEXT. Archive shelf 71:6 contains three folders.
71,7,SYNTHETIC TRAINING TEXT. Archive shelf 71:7 contains three folders.
71,8,SYNTHETIC TRAINING TEXT. Archive shelf 71:8 contains three folders.
71,9,SYNTHETIC TRAINING TEXT. Archive shelf 71:9 contains three folders.
71,10,SYNTHETIC TRAINING TEXT. Archive shelf 71:10 contains three folders.
71,11,SYNTHETIC TRAINING TEXT. Archive shelf 71:11 contains three folders.
71,12,SYNTHETIC TRAINING TEXT. Archive shelf 71:12 contains three folders.
71,13,SYNTHETIC TRAINING TEXT. Archive shelf 71:13 contains three folders.
71,14,SYNTHETIC TRAINING TEXT. Archive shelf 71:14 contains three folders.
71,15,SYNTHETIC TRAINING TEXT. Archive shelf 71:15 contains three folders.
71,16,SYNTHETIC TRAINING TEXT. Archive shelf 71:16 contains three folders.
71,17,SYNTHETIC TRAINING TEXT. Archive shelf 71:17 contains three folders.
71,18,SYNTHETIC TRAINING TEXT. Archive shelf 71:18 contains three folders.
71,19,SYNTHETIC TRAINING TEXT. Archive shelf 71:19 contains three folders.
71,20,SYNTHETIC TRAINING TEXT. Archive shelf 71:20 contains three folders.
71,21,SYNTHETIC TRAINING TEXT. Archive shelf 71:21 contains three folders.
71,22,SYNTHETIC TRAINING TEXT. Archive shelf 71:22 contains three folders.
71,23,SYNTHETIC TRAINING TEXT. Archive shelf 71:23 contains three folders.
71,24,SYNTHETIC TRAINING TEXT. Archive shelf 71:24 contains three folders.
71,25,SYNTHETIC TRAINING TEXT. Archive shelf 71:25 contains three folders.
71,26,SYNTHETIC TRAINING TEXT. Archive shelf 71:26 contains three folders.
71,27,SYNTHETIC TRAINING TEXT. Archive shelf 71:27 contains three folders.
71,28,SYNTHETIC TRAINING TEXT. Archive shelf 71:28 contains three folders.
72,1,SYNTHETIC TRAINING TEXT. Archive shelf 72:1 contains three folders.
72,2,SYNTHETIC TRAINING TEXT. Archive shelf 72:2 contains three folders.
72,3,SYNTHETIC TRAINING TEXT. Archive shelf 72:3 contains three folders.
72,4,SYNTHETIC TRAINING TEXT. Archive shelf 72:4 contains three folders.
72,5,SYNTHETIC TRAINING TEXT. Archive shelf 72:5 contains three folders.
72,6,SYNTHETIC TRAINING TEXT. Archive shelf 72:6 contains three folders.
72,7,SYNTHETIC TRAINING TEXT. Archive shelf 72:7 contains three folders.
72,8,SYNTHETIC TRAINING TEXT. Archive shelf 72:8 contains three folders.
72,9,SYNTHETIC TRAINING TEXT. Archive shelf 72:9 contains three folders.
72,10,SYNTHETIC TRAINING TEXT. Archive shelf 72:10 contains three folders.
72,11,SYNTHETIC TRAINING TEXT. Archive shelf 72:11 contains three folders.
72,12,SYNTHETIC TRAINING TEXT. Archive shelf 72:12 contains three folders.
72,13,SYNTHETIC TRAINING TEXT. Archive shelf 72:13 contains three folders.
72,14,SYNTHETIC TRAINING TEXT. Archive shelf 72:14 contains three folders.
72,15,SYNTHETIC TRAINING TEXT. Archive shelf 72:15 contains three folders.
72,16,SYNTHETIC TRAINING TEXT. Archive shelf 72:16 contains three folders.
72,17,SYNTHETIC TRAINING TEXT. Archive shelf 72:17 contains three folders.
72,18,SYNTHETIC TRAINING TEXT. Archive shelf 72:18 contains three folders.
72,19,SYNTHETIC TRAINING TEXT. Archive shelf 72:19 contains three folders.
72,20,SYNTHETIC TRAINING TEXT. Archive shelf 72:20 contains three folders.
72,21,SYNTHETIC TRAINING TEXT. Archive shelf 72:21 contains three folders.
72,22,SYNTHETIC TRAINING TEXT. Archive shelf 72:22 contains three folders.
72,23,SYNTHETIC TRAINING TEXT. Archive shelf 72:23 contains three folders.
72,24,SYNTHETIC TRAINING TEXT. Archive shelf 72:24 contains three folders.
72,25,SYNTHETIC TRAINING TEXT. Archive shelf 72:25 contains three folders.
72,26,SYNTHETIC TRAINING TEXT. Archive shelf 72:26 contains three folders.
72,27,SYNTHETIC TRAINING TEXT. Archive shelf 72:27 contains three folders.
72,28,SYNTHETIC TRAINING TEXT. Archive shelf 72:28 contains three folders.
73,1,SYNTHETIC TRAINING TEXT. Archive shelf 73:1 contains three folders.
73,2,SYNTHETIC TRAINING TEXT. Archive shelf 73:2 contains three folders.
73,3,SYNTHETIC TRAINING TEXT. Archive shelf 73:3 contains three folders.
73,4,SYNTHETIC TRAINING TEXT. Archive shelf 73:4 contains three folders.
73,5,SYNTHETIC TRAINING TEXT. Archive shelf 73:5 contains three folders.
73,6,SYNTHETIC TRAINING TEXT. Archive shelf 73:6 contains three folders.
73,7,SYNTHETIC TRAINING TEXT. Archive shelf 73:7 contains three folders.
73,8,SYNTHETIC TRAINING TEXT. Archive shelf 73:8 contains three folders.
73,9,SYNTHETIC TRAINING TEXT. Archive shelf 73:9 contains three folders.
73,10,SYNTHETIC TRAINING TEXT. Archive shelf 73:10 contains three folders.
73,11,SYNTHETIC TRAINING TEXT. Archive shelf 73:11 contains three folders.
73,12,SYNTHETIC TRAINING TEXT. Archive shelf 73:12 contains three folders.
73,13,SYNTHETIC TRAINING TEXT. Archive shelf 73:13 contains three folders.
73,14,SYNTHETIC TRAINING TEXT. Archive shelf 73:14 contains three folders.
73,15,SYNTHETIC TRAINING TEXT. Archive shelf 73:15 contains three folders.
73,16,SYNTHETIC TRAINING TEXT. Archive shelf 73:16 contains three folders.
73,17,SYNTHETIC TRAINING TEXT. Archive shelf 73:17 contains three folders.
73,18,SYNTHETIC TRAINING TEXT. Archive shelf 73:18 contains three folders.
73,19,SYNTHETIC TRAINING TEXT. Archive shelf 73:19 contains three folders.
73,20,SYNTHETIC TRAINING TEXT. Archive shelf 73:20 contains three folders.
74,1,SYNTHETIC TRAINING TEXT. Archive shelf 74:1 contains three folders.
74,2,SYNTHETIC TRAINING TEXT. Archive shelf 74:2 contains three folders.
74,3,SYNTHETIC TRAINING TEXT. Archive shelf 74:3 contains three folders.
74,4,SYNTHETIC TRAINING TEXT. Archive shelf 74:4 contains three folders.
74,5,SYNTHETIC TRAINING TEXT. Archive shelf 74:5 contains three folders.
74,6,SYNTHETIC TRAINING TEXT. Archive shelf 74:6 contains three folders.
74,7,SYNTHETIC TRAINING TEXT. Archive shelf 74:7 contains three folders.
74,8,SYNTHETIC TRAINING TEXT. Archive shelf 74:8 contains three folders.
74,9,SYNTHETIC TRAINING TEXT. Archive shelf 74:9 contains three folders.
74,10,SYNTHETIC TRAINING TEXT. Archive shelf 74:10 contains three folders.
74,11,SYNTHETIC TRAINING TEXT. Archive shelf 74:11 contains three folders.
74,12,SYNTHETIC TRAINING TEXT. Archive shelf 74:12 contains three folders.
74,13,SYNTHETIC TRAINING TEXT. Archive shelf 74:13 contains three folders.
74,14,SYNTHETIC TRAINING TEXT. Archive shelf 74:14 contains three folders.
74,15,SYNTHETIC TRAINING TEXT. Archive shelf 74:15 contains three folders.
74,16,SYNTHETIC TRAINING TEXT. Archive shelf 74:16 contains three folders.
74,17,SYNTHETIC TRAINING TEXT. Archive shelf 74:17 contains three folders.
74,18,SYNTHETIC TRAINING TEXT. Archive shelf 74:18 contains three folders.
74,19,SYNTHETIC TRAINING TEXT. Archive shelf 74:19 contains three folders.
74,20,SYNTHETIC TRAINING TEXT. Archive shelf 74:20 contains three folders.
74,21,SYNTHETIC TRAINING TEXT. Archive shelf 74:21 contains three folders.
74,22,SYNTHETIC TRAINING TEXT. Archive shelf 74:22 contains three folders.
74,23,SYNTHETIC TRAINING TEXT. Archive shelf 74:23 contains three folders.
74,24,SYNTHETIC TRAINING TEXT. Archive shelf 74:24 contains three folders.
74,25,SYNTHETIC TRAINING TEXT. Archive shelf 74:25 contains three folders.
74,26,SYNTHETIC TRAINING TEXT. Archive shelf 74:26 contains three folders.
74,27,SYNTHETIC TRAINING TEXT. Archive shelf 74:27 contains three folders.
74,28,SYNTHETIC TRAINING TEXT. Archive shelf 74:28 contains three folders.
74,29,SYNTHETIC TRAINING TEXT. Archive shelf 74:29 contains three folders.
74,30,SYNTHETIC TRAINING TEXT. Archive shelf 74:30 contains three folders.
74,31,SYNTHETIC TRAINING TEXT. Archive shelf 74:31 contains three folders.
74,32,SYNTHETIC TRAINING TEXT. Archive shelf 74:32 contains three folders.
74,33,SYNTHETIC TRAINING TEXT. Archive shelf 74:33 contains three folders.
74,34,SYNTHETIC TRAINING TEXT. Archive shelf 74:34 contains three folders.
74,35,SYNTHETIC TRAINING TEXT. Archive shelf 74:35 contains three folders.
74,36,SYNTHETIC TRAINING TEXT. Archive shelf 74:36 contains three folders.
74,37,SYNTHETIC TRAINING TEXT. Archive shelf 74:37 contains three folders.
74,38,SYNTHETIC TRAINING TEXT. Archive shelf 74:38 contains three folders.
74,39,SYNTHETIC TRAINING TEXT. Archive shelf 74:39 contains three folders.
74,40,SYNTHETIC TRAINING TEXT. Archive shelf 74:40 contains three folders.
74,41,SYNTHETIC TRAINING TEXT. Archive shelf 74:41 contains three folders.
74,42,SYNTHETIC TRAINING TEXT. Archive shelf 74:42 contains three folders.
74,43,SYNTHETIC TRAINING TEXT. Archive shelf 74:43 contains three folders.
74,44,SYNTHETIC TRAINING TEXT. Archive shelf 74:44 contains three folders.
74,45,SYNTHETIC TRAINING TEXT. Archive shelf 74:45 contains three folders.
74,46,SYNTHETIC TRAINING TEXT. Archive shelf 74:46 contains three folders.
74,47,SYNTHETIC TRAINING TEXT. Archive shelf 74:47 contains three folders.
74,48,SYNTHETIC TRAINING TEXT. Archive shelf 74:48 contains three folders.
74,49,SYNTHETIC TRAINING TEXT. Archive shelf 74:49 contains three folders.
74,50,SYNTHETIC TRAINING TEXT. Archive shelf 74:50 contains three folders.
74,51,SYNTHETIC TRAINING TEXT. Archive shelf 74:51 contains three folders.
74,52,SYNTHETIC TRAINING TEXT. Archive shelf 74:52 contains three folders.
74,53,SYNTHETIC TRAINING TEXT. Archive shelf 74:53 contains three folders.
74,54,SYNTHETIC TRAINING TEXT. Archive shelf 74:54 contains three folders.
74,55,SYNTHETIC TRAINING TEXT. Archive shelf 74:55 contains three folders.
74,56,SYNTHETIC TRAINING TEXT. Archive shelf 74:56 contains three folders.
75,1,SYNTHETIC TRAINING TEXT. Archive shelf 75:1 contains three folders.
75,2,SYNTHETIC TRAINING TEXT. Archive shelf 75:2 contains three folders.
75,3,SYNTHETIC TRAINING TEXT. Archive shelf 75:3 contains three folders.
75,4,SYNTHETIC TRAINING TEXT. Archive shelf 75:4 contains three folders.
75,5,SYNTHETIC TRAINING TEXT. Archive shelf 75:5 contains three folders.
75,6,SYNTHETIC TRAINING TEXT. Archive shelf 75:6 contains three folders.
75,7,SYNTHETIC TRAINING TEXT. Archive shelf 75:7 contains three folders.
75,8,SYNTHETIC TRAINING TEXT. Archive shelf 75:8 contains three folders.
75,9,SYNTHETIC TRAINING TEXT. Archive shelf 75:9 contains three folders.
75,10,SYNTHETIC TRAINING TEXT. Archive shelf 75:10 contains three folders.
75,11,SYNTHETIC TRAINING TEXT. Archive shelf 75:11 contains three folders.
75,12,SYNTHETIC TRAINING TEXT. Archive shelf 75:12 contains three folders.
75,13,SYNTHETIC TRAINING TEXT. Archive shelf 75:13 contains three folders.
75,14,SYNTHETIC TRAINING TEXT. Archive shelf 75:14 contains three folders.
75,15,SYNTHETIC TRAINING TEXT. Archive shelf 75:15 contains three folders.
75,16,SYNTHETIC TRAINING TEXT. Archive shelf 75:16 contains three folders.
75,17,SYNTHETIC TRAINING TEXT. Archive shelf 75:17 contains three folders.
75,18,SYNTHETIC TRAINING TEXT. Archive shelf 75:18 contains three folders.
75,19,SYNTHETIC TRAINING TEXT. Archive shelf 75:19 contains three folders.
75,20,SYNTHETIC TRAINING TEXT. Archive shelf 75:20 contains three folders.
75,21,SYNTHETIC TRAINING TEXT. Archive shelf 75:21 contains three folders.
75,22,SYNTHETIC TRAINING TEXT. Archive shelf 75:22 contains three folders.
75,23,SYNTHETIC TRAINING TEXT. Archive shelf 75:23 contains three folders.
75,24,SYNTHETIC TRAINING TEXT. Archive shelf 75:24 contains three folders.
75,25,SYNTHETIC TRAINING TEXT. Archive shelf 75:25 contains three folders.
75,26,SYNTHETIC TRAINING TEXT. Archive shelf 75:26 contains three folders.
75,27,SYNTHETIC TRAINING TEXT. Archive shelf 75:27 contains three folders.
75,28,SYNTHETIC TRAINING TEXT. Archive shelf 75:28 contains three folders.
75,29,SYNTHETIC TRAINING TEXT. Archive shelf 75:29 contains three folders.
75,30,SYNTHETIC TRAINING TEXT. Archive shelf 75:30 contains three folders.
75,31,SYNTHETIC TRAINING TEXT. Archive shelf 75:31 contains three folders.
75,32,SYNTHETIC TRAINING TEXT. Archive shelf 75:32 contains three folders.
75,33,SYNTHETIC TRAINING TEXT. Archive shelf 75:33 contains three folders.
75,34,SYNTHETIC TRAINING TEXT. Archive shelf 75:34 contains three folders.
75,35,SYNTHETIC TRAINING TEXT. Archive shelf 75:35 contains three folders.
75,36,SYNTHETIC TRAINING TEXT. Archive shelf 75:36 contains three folders.
75,37,SYNTHETIC TRAINING TEXT. Archive shelf 75:37 contains three folders.
75,38,SYNTHETIC TRAINING TEXT. Archive shelf 75:38 contains three folders.
75,39,SYNTHETIC TRAINING TEXT. Archive shelf 75:39 contains three folders.
75,40,SYNTHETIC TRAINING TEXT. Archive shelf 75:40 contains three folders.
76,1,SYNTHETIC TRAINING TEXT. Archive shelf 76:1 contains three folders.
76,2,SYNTHETIC TRAINING TEXT. Archive shelf 76:2 contains three folders.
76,3,SYNTHETIC TRAINING TEXT. Archive shelf 76:3 contains three folders.
76,4,SYNTHETIC TRAINING TEXT. Archive shelf 76:4 contains three folders.
76,5,SYNTHETIC TRAINING TEXT. Archive shelf 76:5 contains three folders.
76,6,SYNTHETIC TRAINING TEXT. Archive shelf 76:6 contains three folders.
76,7,SYNTHETIC TRAINING TEXT. Archive shelf 76:7 contains three folders.
76,8,SYNTHETIC TRAINING TEXT. Archive shelf 76:8 contains three folders.
76,9,SYNTHETIC TRAINING TEXT. Archive shelf 76:9 contains three folders.
76,10,SYNTHETIC TRAINING TEXT. Archive shelf 76:10 contains three folders.
76,11,SYNTHETIC TRAINING TEXT. Archive shelf 76:11 contains three folders.
76,12,SYNTHETIC TRAINING TEXT. Archive shelf 76:12 contains three folders.
76,13,SYNTHETIC TRAINING TEXT. Archive shelf 76:13 contains three folders.
76,14,SYNTHETIC TRAINING TEXT. Archive shelf 76:14 contains three folders.
76,15,SYNTHETIC TRAINING TEXT. Archive shelf 76:15 contains three folders.
76,16,SYNTHETIC TRAINING TEXT. Archive shelf 76:16 contains three folders.
76,17,SYNTHETIC TRAINING TEXT. Archive shelf 76:17 contains three folders.
76,18,SYNTHETIC TRAINING TEXT. Archive shelf 76:18 contains three folders.
76,19,SYNTHETIC TRAINING TEXT. Archive shelf 76:19 contains three folders.
76,20,SYNTHETIC TRAINING TEXT. Archive shelf 76:20 contains three folders.
76,21,SYNTHETIC TRAINING TEXT. Archive shelf 76:21 contains three folders.
76,22,SYNTHETIC TRAINING TEXT. Archive shelf 76:22 contains three folders.
76,23,SYNTHETIC TRAINING TEXT. Archive shelf 76:23 contains three folders.
76,24,SYNTHETIC TRAINING TEXT. Archive shelf 76:24 contains three folders.
76,25,SYNTHETIC TRAINING TEXT. Archive shelf 76:25 contains three folders.
76,26,SYNTHETIC TRAINING TEXT. Archive shelf 76:26 contains three folders.
76,27,SYNTHETIC TRAINING TEXT. Archive shelf 76:27 contains three folders.
76,28,SYNTHETIC TRAINING TEXT. Archive shelf 76:28 contains three folders.
76,29,SYNTHETIC TRAINING TEXT. Archive shelf 76:29 contains three folders.
76,30,SYNTHETIC TRAINING TEXT. Archive shelf 76:30 contains three folders.
76,31,SYNTHETIC TRAINING TEXT. Archive shelf 76:31 contains three folders.
77,1,SYNTHETIC TRAINING TEXT. Archive shelf 77:1 contains three folders.
77,2,SYNTHETIC TRAINING TEXT. Archive shelf 77:2 contains three folders.
77,3,SYNTHETIC TRAINING TEXT. Archive shelf 77:3 contains three folders.
77,4,SYNTHETIC TRAINING TEXT. Archive shelf 77:4 contains three folders.
77,5,SYNTHETIC TRAINING TEXT. Archive shelf 77:5 contains three folders.
77,6,SYNTHETIC TRAINING TEXT. Archive shelf 77:6 contains three folders.
77,7,SYNTHETIC TRAINING TEXT. Archive shelf 77:7 contains three folders.
77,8,SYNTHETIC TRAINING TEXT. Archive shelf 77:8 contains three folders.
77,9,SYNTHETIC TRAINING TEXT. Archive shelf 77:9 contains three folders.
77,10,SYNTHETIC TRAINING TEXT. Archive shelf 77:10 contains three folders.
77,11,SYNTHETIC TRAINING TEXT. Archive shelf 77:11 contains three folders.
77,12,SYNTHETIC TRAINING TEXT. Archive shelf 77:12 contains three folders.
77,13,SYNTHETIC TRAINING TEXT. Archive shelf 77:13 contains three folders.
77,14,SYNTHETIC TRAINING TEXT. Archive shelf 77:14 contains three folders.
77,15,SYNTHETIC TRAINING TEXT. Archive shelf 77:15 contains three folders.
77,16,SYNTHETIC TRAINING TEXT. Archive shelf 77:16 contains three folders.
77,17,SYNTHETIC TRAINING TEXT. Archive shelf 77:17 contains three folders.
77,18,SYNTHETIC TRAINING TEXT. Archive shelf 77:18 contains three folders.
77,19,SYNTHETIC TRAINING TEXT. Archive shelf 77:19 contains three folders.
77,20,SYNTHETIC TRAINING TEXT. Archive shelf 77:20 contains three folders.
77,21,SYNTHETIC TRAINING TEXT. Archive shelf 77:21 contains three folders.
77,22,SYNTHETIC TRAINING TEXT. Archive shelf 77:22 contains three folders.
77,23,SYNTHETIC TRAINING TEXT. Archive shelf 77:23 contains three folders.
77,24,SYNTHETIC TRAINING TEXT. Archive shelf 77:24 contains three folders.
77,25,SYNTHETIC TRAINING TEXT. Archive shelf 77:25 contains three folders.
77,26,SYNTHETIC TRAINING TEXT. Archive shelf 77:26 contains three folders.
77,27,SYNTHETIC TRAINING TEXT. Archive shelf 77:27 contains three folders.
77,28,SYNTHETIC TRAINING TEXT. Archive shelf 77:28 contains three folders.
77,29,SYNTHETIC TRAINING TEXT. Archive shelf 77:29 contains three folders.
77,30,SYNTHETIC TRAINING TEXT. Archive shelf 77:30 contains three folders.
77,31,SYNTHETIC TRAINING TEXT. Archive shelf 77:31 contains three folders.
77,32,SYNTHETIC TRAINING TEXT. Archive shelf 77:32 contains three folders.
77,33,SYNTHETIC TRAINING TEXT. Archive shelf 77:33 contains three folders.
77,34,SYNTHETIC TRAINING TEXT. Archive shelf 77:34 contains three folders.
77,35,SYNTHETIC TRAINING TEXT. Archive shelf 77:35 contains three folders.
77,36,SYNTHETIC TRAINING TEXT. Archive shelf 77:36 contains three folders.
77,37,SYNTHETIC TRAINING TEXT. Archive shelf 77:37 contains three folders.
77,38,SYNTHETIC TRAINING TEXT. Archive shelf 77:38 contains three folders.
77,39,SYNTHETIC TRAINING TEXT. Archive shelf 77:39 contains three folders.
77,40,SYNTHETIC TRAINING TEXT. Archive shelf 77:40 contains three folders.
77,41,SYNTHETIC TRAINING TEXT. Archive shelf 77:41 contains three folders.
77,42,SYNTHETIC TRAINING TEXT. Archive shelf 77:42 contains three folders.
77,43,SYNTHETIC TRAINING TEXT. Archive shelf 77:43 contains three folders.
77,44,SYNTHETIC TRAINING TEXT. Archive shelf 77:44 contains three folders.
77,45,SYNTHETIC TRAINING TEXT. Archive shelf 77:45 contains three folders.
77,46,SYNTHETIC TRAINING TEXT. Archive shelf 77:46 contains three folders.
77,47,SYNTHETIC TRAINING TEXT. Archive shelf 77:47 contains three folders.
77,48,SYNTHETIC TRAINING TEXT. Archive shelf 77:48 contains three folders.
77,49,SYNTHETIC TRAINING TEXT. Archive shelf 77:49 contains three folders.
77,50,SYNTHETIC TRAINING TEXT. Archive shelf 77:50 contains three folders.
78,1,SYNTHETIC TRAINING TEXT. Archive shelf 78:1 contains three folders.
78,2,SYNTHETIC TRAINING TEXT. Archive shelf 78:2 contains three folders.
78,3,SYNTHETIC TRAINING TEXT. Archive shelf 78:3 contains three folders.
78,4,SYNTHETIC TRAINING TEXT. Archive shelf 78:4 contains three folders.
78,5,SYNTHETIC TRAINING TEXT. Archive shelf 78:5 contains three folders.
78,6,SYNTHETIC TRAINING TEXT. Archive shelf 78:6 contains three folders.
78,7,SYNTHETIC TRAINING TEXT. Archive shelf 78:7 contains three folders.
78,8,SYNTHETIC TRAINING TEXT. Archive shelf 78:8 contains three folders.
78,9,SYNTHETIC TRAINING TEXT. Archive shelf 78:9 contains three folders.
78,10,SYNTHETIC TRAINING TEXT. Archive shelf 78:10 contains three folders.
78,11,SYNTHETIC TRAINING TEXT. Archive shelf 78:11 contains three folders.
78,12,SYNTHETIC TRAINING TEXT. Archive shelf 78:12 contains three folders.
78,13,SYNTHETIC TRAINING TEXT. Archive shelf 78:13 contains three folders.
78,14,SYNTHETIC TRAINING TEXT. Archive shelf 78:14 contains three folders.
78,15,SYNTHETIC TRAINING TEXT. Archive shelf 78:15 contains three folders.
78,16,SYNTHETIC TRAINING TEXT. Archive shelf 78:16 contains three folders.
78,17,SYNTHETIC TRAINING TEXT. Archive shelf 78:17 contains three folders.
78,18,SYNTHETIC TRAINING TEXT. Archive shelf 78:18 contains three folders.
78,19,SYNTHETIC TRAINING TEXT. Archive shelf 78:19 contains three folders.
78,20,SYNTHETIC TRAINING TEXT. Archive shelf 78:20 contains three folders.
78,21,SYNTHETIC TRAINING TEXT. Archive shelf 78:21 contains three folders.
78,22,SYNTHETIC TRAINING TEXT. Archive shelf 78:22 contains three folders.
78,23,SYNTHETIC TRAINING TEXT. Archive shelf 78:23 contains three folders.
78,24,SYNTHETIC TRAINING TEXT. Archive shelf 78:24 contains three folders.
78,25,SYNTHETIC TRAINING TEXT. Archive shelf 78:25 contains three folders.
78,26,SYNTHETIC TRAINING TEXT. Archive shelf 78:26 contains three folders.
78,27,SYNTHETIC TRAINING TEXT. Archive shelf 78:27 contains three folders.
78,28,SYNTHETIC TRAINING TEXT. Archive shelf 78:28 contains three folders.
78,29,SYNTHETIC TRAINING TEXT. Archive shelf 78:29 contains three folders.
78,30,SYNTHETIC TRAINING TEXT. Archive shelf 78:30 contains three folders.
78,31,SYNTHETIC TRAINING TEXT. Archive shelf 78:31 contains three folders.
78,32,SYNTHETIC TRAINING TEXT. Archive shelf 78:32 contains three folders.
78,33,SYNTHETIC TRAINING TEXT. Archive shelf 78:33 contains three folders.
78,34,SYNTHETIC TRAINING TEXT. Archive shelf 78:34 contains three folders.
78,35,SYNTHETIC TRAINING TEXT. Archive shelf 78:35 contains three folders.
78,36,SYNTHETIC TRAINING TEXT. Archive shelf 78:36 contains three folders.
78,37,SYNTHETIC TRAINING TEXT. Archive shelf 78:37 contains three folders.
78,38,SYNTHETIC TRAINING TEXT. Archive shelf 78:38 contains three folders.
78,39,SYNTHETIC TRAINING TEXT. Archive shelf 78:39 contains three folders.
78,40,SYNTHETIC TRAINING TEXT. Archive shelf 78:40 contains three folders.
79,1,SYNTHETIC TRAINING TEXT. Archive shelf 79:1 contains three folders.
79,2,SYNTHETIC TRAINING TEXT. Archive shelf 79:2 contains three folders.
79,3,SYNTHETIC TRAINING TEXT. Archive shelf 79:3 contains three folders.
79,4,SYNTHETIC TRAINING TEXT. Archive shelf 79:4 contains three folders.
79,5,SYNTHETIC TRAINING TEXT. Archive shelf 79:5 contains three folders.
79,6,SYNTHETIC TRAINING TEXT. Archive shelf 79:6 contains three folders.
79,7,SYNTHETIC TRAINING TEXT. Archive shelf 79:7 contains three folders.
79,8,SYNTHETIC TRAINING TEXT. Archive shelf 79:8 contains three folders.
79,9,SYNTHETIC TRAINING TEXT. Archive shelf 79:9 contains three folders.
79,10,SYNTHETIC TRAINING TEXT. Archive shelf 79:10 contains three folders.
79,11,SYNTHETIC TRAINING TEXT. Archive shelf 79:11 contains three folders.
79,12,SYNTHETIC TRAINING TEXT. Archive shelf 79:12 contains three folders.
79,13,SYNTHETIC TRAINING TEXT. Archive shelf 79:13 contains three folders.
79,14,SYNTHETIC TRAINING TEXT. Archive shelf 79:14 contains three folders.
79,15,SYNTHETIC TRAINING TEXT. Archive shelf 79:15 contains three folders.
79,16,SYNTHETIC TRAINING TEXT. Archive shelf 79:16 contains three folders.
79,17,SYNTHETIC TRAINING TEXT. Archive shelf 79:17 contains three folders.
79,18,SYNTHETIC TRAINING TEXT. Archive shelf 79:18 contains three folders.
79,19,SYNTHETIC TRAINING TEXT. Archive shelf 79:19 contains three folders.
79,20,SYNTHETIC TRAINING TEXT. Archive shelf 79:20 contains three folders.
79,21,SYNTHETIC TRAINING TEXT. Archive shelf 79:21 contains three folders.
79,22,SYNTHETIC TRAINING TEXT. Archive shelf 79:22 contains three folders.
79,23,SYNTHETIC TRAINING TEXT. Archive shelf 79:23 contains three folders.
79,24,SYNTHETIC TRAINING TEXT. Archive shelf 79:24 contains three folders.
79,25,SYNTHETIC TRAINING TEXT. Archive shelf 79:25 contains three folders.
79,26,SYNTHETIC TRAINING TEXT. Archive shelf 79:26 contains three folders.
79,27,SYNTHETIC TRAINING TEXT. Archive shelf 79:27 contains three folders.
79,28,SYNTHETIC TRAINING TEXT. Archive shelf 79:28 contains three folders.
79,29,SYNTHETIC TRAINING TEXT. Archive shelf 79:29 contains three folders.
79,30,SYNTHETIC TRAINING TEXT. Archive shelf 79:30 contains three folders.
79,31,SYNTHETIC TRAINING TEXT. Archive shelf 79:31 contains three folders.
79,32,SYNTHETIC TRAINING TEXT. Archive shelf 79:32 contains three folders.
79,33,SYNTHETIC TRAINING TEXT. Archive shelf 79:33 contains three folders.
79,34,SYNTHETIC TRAINING TEXT. Archive shelf 79:34 contains three folders.
79,35,SYNTHETIC TRAINING TEXT. Archive shelf 79:35 contains three folders.
79,36,SYNTHETIC TRAINING TEXT. Archive shelf 79:36 contains three folders.
79,37,SYNTHETIC TRAINING TEXT. Archive shelf 79:37 contains three folders.
79,38,SYNTHETIC TRAINING TEXT. Archive shelf 79:38 contains three folders.
79,39,SYNTHETIC TRAINING TEXT. Archive shelf 79:39 contains three folders.
79,40,SYNTHETIC TRAINING TEXT. Archive shelf 79:40 contains three folders.
79,41,SYNTHETIC TRAINING TEXT. Archive shelf 79:41 contains three folders.
79,42,SYNTHETIC TRAINING TEXT. Archive shelf 79:42 contains three folders.
79,43,SYNTHETIC TRAINING TEXT. Archive shelf 79:43 contains three folders.
79,44,SYNTHETIC TRAINING TEXT. Archive shelf 79:44 contains three folders.
79,45,SYNTHETIC TRAINING TEXT. Archive shelf 79:45 contains three folders.
79,46,SYNTHETIC TRAINING TEXT. Archive shelf 79:46 contains three folders.
80,1,SYNTHETIC TRAINING TEXT. Archive shelf 80:1 contains three folders.
80,2,SYNTHETIC TRAINING TEXT. Archive shelf 80:2 contains three folders.
80,3,SYNTHETIC TRAINING TEXT. Archive shelf 80:3 contains three folders.
80,4,SYNTHETIC TRAINING TEXT. Archive shelf 80:4 contains three folders.
80,5,SYNTHETIC TRAINING TEXT. Archive shelf 80:5 contains three folders.
80,6,SYNTHETIC TRAINING TEXT. Archive shelf 80:6 contains three folders.
80,7,SYNTHETIC TRAINING TEXT. Archive shelf 80:7 contains three folders.
80,8,SYNTHETIC TRAINING TEXT. Archive shelf 80:8 contains three folders.
80,9,SYNTHETIC TRAINING TEXT. Archive shelf 80:9 contains three folders.
80,10,SYNTHETIC TRAINING TEXT. Archive shelf 80:10 contains three folders.
80,11,SYNTHETIC TRAINING TEXT. Archive shelf 80:11 contains three folders.
80,12,SYNTHETIC TRAINING TEXT. Archive shelf 80:12 contains three folders.
80,13,SYNTHETIC TRAINING TEXT. Archive shelf 80:13 contains three folders.
80,14,SYNTHETIC TRAINING TEXT. Archive shelf 80:14 contains three folders.
80,15,SYNTHETIC TRAINING TEXT. Archive shelf 80:15 contains three folders.
80,16,SYNTHETIC TRAINING TEXT. Archive shelf 80:16 contains three folders.
80,17,SYNTHETIC TRAINING TEXT. Archive shelf 80:17 contains three folders.
80,18,SYNTHETIC TRAINING TEXT. Archive shelf 80:18 contains three folders.
80,19,SYNTHETIC TRAINING TEXT. Archive shelf 80:19 contains three folders.
80,20,SYNTHETIC TRAINING TEXT. Archive shelf 80:20 contains three folders.
80,21,SYNTHETIC TRAINING TEXT. Archive shelf 80:21 contains three folders.
80,22,SYNTHETIC TRAINING TEXT. Archive shelf 80:22 contains three folders.
80,23,SYNTHETIC TRAINING TEXT. Archive shelf 80:23 contains three folders.
80,24,SYNTHETIC TRAINING TEXT. Archive shelf 80:24 contains three folders.
80,25,SYNTHETIC TRAINING TEXT. Archive shelf 80:25 contains three folders.
80,26,SYNTHETIC TRAINING TEXT. Archive shelf 80:26 contains three folders.
80,27,SYNTHETIC TRAINING TEXT. Archive shelf 80:27 contains three folders.
80,28,SYNTHETIC TRAINING TEXT. Archive shelf 80:28 contains three folders.
80,29,SYNTHETIC TRAINING TEXT. Archive shelf 80:29 contains three folders.
80,30,SYNTHETIC TRAINING TEXT. Archive shelf 80:30 contains three folders.
80,31,SYNTHETIC TRAINING TEXT. Archive shelf 80:31 contains three folders.
80,32,SYNTHETIC TRAINING TEXT. Archive shelf 80:32 contains three folders.
80,33,SYNTHETIC TRAINING TEXT. Archive shelf 80:33 contains three folders.
80,34,SYNTHETIC TRAINING TEXT. Archive shelf 80:34 contains three folders.
80,35,SYNTHETIC TRAINING TEXT. Archive shelf 80:35 contains three folders.
80,36,SYNTHETIC TRAINING TEXT. Archive shelf 80:36 contains three folders.
80,37,SYNTHETIC TRAINING TEXT. Archive shelf 80:37 contains three folders.
80,38,SYNTHETIC TRAINING TEXT. Archive shelf 80:38 contains three folders.
80,39,SYNTHETIC TRAINING TEXT. Archive shelf 80:39 contains three folders.
80,40,SYNTHETIC TRAINING TEXT. Archive shelf 80:40 contains three folders.
80,41,SYNTHETIC TRAINING TEXT. Archive shelf 80:41 contains three folders.
80,42,SYNTHETIC TRAINING TEXT. Archive shelf 80:42 contains three folders.
81,1,SYNTHETIC TRAINING TEXT. Archive shelf 81:1 contains three folders.
81,2,SYNTHETIC TRAINING TEXT. Archive shelf 81:2 contains three folders.
81,3,SYNTHETIC TRAINING TEXT. Archive shelf 81:3 contains three folders.
81,4,SYNTHETIC TRAINING TEXT. Archive shelf 81:4 contains three folders.
81,5,SYNTHETIC TRAINING TEXT. Archive shelf 81:5 contains three folders.
81,6,SYNTHETIC TRAINING TEXT. Archive shelf 81:6 contains three folders.
81,7,SYNTHETIC TRAINING TEXT. Archive shelf 81:7 contains three folders.
81,8,SYNTHETIC TRAINING TEXT. Archive shelf 81:8 contains three folders.
81,9,SYNTHETIC TRAINING TEXT. Archive shelf 81:9 contains three folders.
81,10,SYNTHETIC TRAINING TEXT. Archive shelf 81:10 contains three folders.
81,11,SYNTHETIC TRAINING TEXT. Archive shelf 81:11 contains three folders.
81,12,SYNTHETIC TRAINING TEXT. Archive shelf 81:12 contains three folders.
81,13,SYNTHETIC TRAINING TEXT. Archive shelf 81:13 contains three folders.
81,14,SYNTHETIC TRAINING TEXT. Archive shelf 81:14 contains three folders.
81,15,SYNTHETIC TRAINING TEXT. Archive shelf 81:15 contains three folders.
81,16,SYNTHETIC TRAINING TEXT. Archive shelf 81:16 contains three folders.
81,17,SYNTHETIC TRAINING TEXT. Archive shelf 81:17 contains three folders.
81,18,SYNTHETIC TRAINING TEXT. Archive shelf 81:18 contains three folders.
81,19,SYNTHETIC TRAINING TEXT. Archive shelf 81:19 contains three folders.
81,20,SYNTHETIC TRAINING TEXT. Archive shelf 81:20 contains three folders.
81,21,SYNTHETIC TRAINING TEXT. Archive shelf 81:21 contains three folders.
81,22,SYNTHETIC TRAINING TEXT. Archive shelf 81:22 contains three folders.
81,23,SYNTHETIC TRAINING TEXT. Archive shelf 81:23 contains three folders.
81,24,SYNTHETIC TRAINING TEXT. Archive shelf 81:24 contains three folders.
81,25,SYNTHETIC TRAINING TEXT. Archive shelf 81:25 contains three folders.
81,26,SYNTHETIC TRAINING TEXT. Archive shelf 81:26 contains three folders.
81,27,SYNTHETIC TRAINING TEXT. Archive shelf 81:27 contains three folders.
81,28,SYNTHETIC TRAINING TEXT. Archive shelf 81:28 contains three folders.
81,29,SYNTHETIC TRAINING TEXT. Archive shelf 81:29 contains three folders.
82,1,SYNTHETIC TRAINING TEXT. Archive shelf 82:1 contains three folders.
82,2,SYNTHETIC TRAINING TEXT. Archive shelf 82:2 contains three folders.
82,3,SYNTHETIC TRAINING TEXT. Archive shelf 82:3 contains three folders.
82,4,SYNTHETIC TRAINING TEXT. Archive shelf 82:4 contains three folders.
82,5,SYNTHETIC TRAINING TEXT. Archive shelf 82:5 contains three folders.
82,6,SYNTHETIC TRAINING TEXT. Archive shelf 82:6 contains three folders.
82,7,SYNTHETIC TRAINING TEXT. Archive shelf 82:7 contains three folders.
82,8,SYNTHETIC TRAINING TEXT. Archive shelf 82:8 contains three folders.
82,9,SYNTHETIC TRAINING TEXT. Archive shelf 82:9 contains three folders.
82,10,SYNTHETIC TRAINING TEXT. Archive shelf 82:10 contains three folders.
82,11,SYNTHETIC TRAINING TEXT. Archive shelf 82:11 contains three folders.
82,12,SYNTHETIC TRAINING TEXT. Archive shelf 82:12 contains three folders.
82,13,SYNTHETIC TRAINING TEXT. Archive shelf 82:13 contains three folders.
82,14,SYNTHETIC TRAINING TEXT. Archive shelf 82:14 contains three folders.
82,15,SYNTHETIC TRAINING TEXT. Archive shelf 82:15 contains three folders.
82,16,SYNTHETIC TRAINING TEXT. Archive shelf 82:16 contains three folders.
82,17,SYNTHETIC TRAINING TEXT. Archive shelf 82:17 contains three folders.
82,18,SYNTHETIC TRAINING TEXT. Archive shelf 82:18 contains three folders.
82,19,SYNTHETIC TRAINING TEXT. Archive shelf 82:19 contains three folders.
83,1,SYNTHETIC TRAINING TEXT. Archive shelf 83:1 contains three folders.
83,2,SYNTHETIC TRAINING TEXT. Archive shelf 83:2 contains three folders.
83,3,SYNTHETIC TRAINING TEXT. Archive shelf 83:3 contains three folders.
83,4,SYNTHETIC TRAINING TEXT. Archive shelf 83:4 contains three folders.
83,5,SYNTHETIC TRAINING TEXT. Archive shelf 83:5 contains three folders.
83,6,SYNTHETIC TRAINING TEXT. Archive shelf 83:6 contains three folders.
83,7,SYNTHETIC TRAINING TEXT. Archive shelf 83:7 contains three folders.
83,8,SYNTHETIC TRAINING TEXT. Archive shelf 83:8 contains three folders.
83,9,SYNTHETIC TRAINING TEXT. Archive shelf 83:9 contains three folders.
83,10,SYNTHETIC TRAINING TEXT. Archive shelf 83:10 contains three folders.
83,11,SYNTHETIC TRAINING TEXT. Archive shelf 83:11 contains three folders.
83,12,SYNTHETIC TRAINING TEXT. Archive shelf 83:12 contains three folders.
83,13,SYNTHETIC TRAINING TEXT. Archive shelf 83:13 contains three folders.
83,14,SYNTHETIC TRAINING TEXT. Archive shelf 83:14 contains three folders.
83,15,SYNTHETIC TRAINING TEXT. Archive shelf 83:15 contains three folders.
83,16,SYNTHETIC TRAINING TEXT. Archive shelf 83:16 contains three folders.
83,17,SYNTHETIC TRAINING TEXT. Archive shelf 83:17 contains three folders.
83,18,SYNTHETIC TRAINING TEXT. Archive shelf 83:18 contains three folders.
83,19,SYNTHETIC TRAINING TEXT. Archive shelf 83:19 contains three folders.
83,20,SYNTHETIC TRAINING TEXT. Archive shelf 83:20 contains three folders.
83,21,SYNTHETIC TRAINING TEXT. Archive shelf 83:21 contains three folders.
83,22,SYNTHETIC TRAINING TEXT. Archive shelf 83:22 contains three folders.
83,23,SYNTHETIC TRAINING TEXT. Archive shelf 83:23 contains three folders.
83,24,SYNTHETIC TRAINING TEXT. Archive shelf 83:24 contains three folders.
83,25,SYNTHETIC TRAINING TEXT. Archive shelf 83:25 contains three folders.
83,26,SYNTHETIC TRAINING TEXT. Archive shelf 83:26 contains three folders.
83,27,SYNTHETIC TRAINING TEXT. Archive shelf 83:27 contains three folders.
83,28,SYNTHETIC TRAINING TEXT. Archive shelf 83:28 contains three folders.
83,29,SYNTHETIC TRAINING TEXT. Archive shelf 83:29 contains three folders.
83,30,SYNTHETIC TRAINING TEXT. Archive shelf 83:30 contains three folders.
83,31,SYNTHETIC TRAINING TEXT. Archive shelf 83:31 contains three folders.
83,32,SYNTHETIC TRAINING TEXT. Archive shelf 83:32 contains three folders.
83,33,SYNTHETIC TRAINING TEXT. Archive shelf 83:33 contains three folders.
83,34,SYNTHETIC TRAINING TEXT. Archive shelf 83:34 contains three folders.
83,35,SYNTHETIC TRAINING TEXT. Archive shelf 83:35 contains three folders.
83,36,SYNTHETIC TRAINING TEXT. Archive shelf 83:36 contains three folders.
84,1,SYNTHETIC TRAINING TEXT. Archive shelf 84:1 contains three folders.
84,2,SYNTHETIC TRAINING TEXT. Archive shelf 84:2 contains three folders.
84,3,SYNTHETIC TRAINING TEXT. Archive shelf 84:3 contains three folders.
84,4,SYNTHETIC TRAINING TEXT. Archive shelf 84:4 contains three folders.
84,5,SYNTHETIC TRAINING TEXT. Archive shelf 84:5 contains three folders.
84,6,SYNTHETIC TRAINING TEXT. Archive shelf 84:6 contains three folders.
84,7,SYNTHETIC TRAINING TEXT. Archive shelf 84:7 contains three folders.
84,8,SYNTHETIC TRAINING TEXT. Archive shelf 84:8 contains three folders.
84,9,SYNTHETIC TRAINING TEXT. Archive shelf 84:9 contains three folders.
84,10,SYNTHETIC TRAINING TEXT. Archive shelf 84:10 contains three folders.
84,11,SYNTHETIC TRAINING TEXT. Archive shelf 84:11 contains three folders.
84,12,SYNTHETIC TRAINING TEXT. Archive shelf 84:12 contains three folders.
84,13,SYNTHETIC TRAINING TEXT. Archive shelf 84:13 contains three folders.
84,14,SYNTHETIC TRAINING TEXT. Archive shelf 84:14 contains three folders.
84,15,SYNTHETIC TRAINING TEXT. Archive shelf 84:15 contains three folders.
84,16,SYNTHETIC TRAINING TEXT. Archive shelf 84:16 contains three folders.
84,17,SYNTHETIC TRAINING TEXT. Archive shelf 84:17 contains three folders.
84,18,SYNTHETIC TRAINING TEXT. Archive shelf 84:18 contains three folders.
84,19,SYNTHETIC TRAINING TEXT. Archive shelf 84:19 contains three folders.
84,20,SYNTHETIC TRAINING TEXT. Archive shelf 84:20 contains three folders.
84,21,SYNTHETIC TRAINING TEXT. Archive shelf 84:21 contains three folders.
84,22,SYNTHETIC TRAINING TEXT. Archive shelf 84:22 contains three folders.
84,23,SYNTHETIC TRAINING TEXT. Archive shelf 84:23 contains three folders.
84,24,SYNTHETIC TRAINING TEXT. Archive shelf 84:24 contains three folders.
84,25,SYNTHETIC TRAINING TEXT. Archive shelf 84:25 contains three folders.
85,1,SYNTHETIC TRAINING TEXT. Archive shelf 85:1 contains three folders.
85,2,SYNTHETIC TRAINING TEXT. Archive shelf 85:2 contains three folders.
85,3,SYNTHETIC TRAINING TEXT. Archive shelf 85:3 contains three folders.
85,4,SYNTHETIC TRAINING TEXT. Archive shelf 85:4 contains three folders.
85,5,SYNTHETIC TRAINING TEXT. Archive shelf 85:5 contains three folders.
85,6,SYNTHETIC TRAINING TEXT. Archive shelf 85:6 contains three folders.
85,7,SYNTHETIC TRAINING TEXT. Archive shelf 85:7 contains three folders.
85,8,SYNTHETIC TRAINING TEXT. Archive shelf 85:8 contains three folders.
85,9,SYNTHETIC TRAINING TEXT. Archive shelf 85:9 contains three folders.
85,10,SYNTHETIC TRAINING TEXT. Archive shelf 85:10 contains three folders.
85,11,SYNTHETIC TRAINING TEXT. Archive shelf 85:11 contains three folders.
85,12,SYNTHETIC TRAINING TEXT. Archive shelf 85:12 contains three folders.
85,13,SYNTHETIC TRAINING TEXT. Archive shelf 85:13 contains three folders.
85,14,SYNTHETIC TRAINING TEXT. Archive shelf 85:14 contains three folders.
85,15,SYNTHETIC TRAINING TEXT. Archive shelf 85:15 contains three folders.
85,16,SYNTHETIC TRAINING TEXT. Archive shelf 85:16 contains three folders.
85,17,SYNTHETIC TRAINING TEXT. Archive shelf 85:17 contains three folders.
85,18,SYNTHETIC TRAINING TEXT. Archive shelf 85:18 contains three folders.
85,19,SYNTHETIC TRAINING TEXT. Archive shelf 85:19 contains three folders.
85,20,SYNTHETIC TRAINING TEXT. Archive shelf 85:20 contains three folders.
85,21,SYNTHETIC TRAINING TEXT. Archive shelf 85:21 contains three folders.
85,22,SYNTHETIC TRAINING TEXT. Archive shelf 85:22 contains three folders.
86,1,SYNTHETIC TRAINING TEXT. Archive shelf 86:1 contains three folders.
86,2,SYNTHETIC TRAINING TEXT. Archive shelf 86:2 contains three folders.
86,3,SYNTHETIC TRAINING TEXT. Archive shelf 86:3 contains three folders.
86,4,SYNTHETIC TRAINING TEXT. Archive shelf 86:4 contains three folders.
86,5,SYNTHETIC TRAINING TEXT. Archive shelf 86:5 contains three folders.
86,6,SYNTHETIC TRAINING TEXT. Archive shelf 86:6 contains three folders.
86,7,SYNTHETIC TRAINING TEXT. Archive shelf 86:7 contains three folders.
86,8,SYNTHETIC TRAINING TEXT. Archive shelf 86:8 contains three folders.
86,9,SYNTHETIC TRAINING TEXT. Archive shelf 86:9 contains three folders.
86,10,SYNTHETIC TRAINING TEXT. Archive shelf 86:10 contains three folders.
86,11,SYNTHETIC TRAINING TEXT. Archive shelf 86:11 contains three folders.
86,12,SYNTHETIC TRAINING TEXT. Archive shelf 86:12 contains three folders.
86,13,SYNTHETIC TRAINING TEXT. Archive shelf 86:13 contains three folders.
86,14,SYNTHETIC TRAINING TEXT. Archive shelf 86:14 contains three folders.
86,15,SYNTHETIC TRAINING TEXT. Archive shelf 86:15 contains three folders.
86,16,SYNTHETIC TRAINING TEXT. Archive shelf 86:16 contains three folders.
86,17,SYNTHETIC TRAINING TEXT. Archive shelf 86:17 contains three folders.
87,1,SYNTHETIC TRAINING TEXT. Archive shelf 87:1 contains three folders.
87,2,SYNTHETIC TRAINING TEXT. Archive shelf 87:2 contains three folders.
87,3,SYNTHETIC TRAINING TEXT. Archive shelf 87:3 contains three folders.
87,4,SYNTHETIC TRAINING TEXT. Archive shelf 87:4 contains three folders.
87,5,SYNTHETIC TRAINING TEXT. Archive shelf 87:5 contains three folders.
87,6,SYNTHETIC TRAINING TEXT. Archive shelf 87:6 contains three folders.
87,7,SYNTHETIC TRAINING TEXT. Archive shelf 87:7 contains three folders.
87,8,SYNTHETIC TRAINING TEXT. Archive shelf 87:8 contains three folders.
87,9,SYNTHETIC TRAINING TEXT. Archive shelf 87:9 contains three folders.
87,10,SYNTHETIC TRAINING TEXT. Archive shelf 87:10 contains three folders.
87,11,SYNTHETIC TRAINING TEXT. Archive shelf 87:11 contains three folders.
87,12,SYNTHETIC TRAINING TEXT. Archive shelf 87:12 contains three folders.
87,13,SYNTHETIC TRAINING TEXT. Archive shelf 87:13 contains three folders.
87,14,SYNTHETIC TRAINING TEXT. Archive shelf 87:14 contains three folders.
87,15,SYNTHETIC TRAINING TEXT. Archive shelf 87:15 contains three folders.
87,16,SYNTHETIC TRAINING TEXT. Archive shelf 87:16 contains three folders.
87,17,SYNTHETIC TRAINING TEXT. Archive shelf 87:17 contains three folders.
87,18,SYNTHETIC TRAINING TEXT. Archive shelf 87:18 contains three folders.
87,19,SYNTHETIC TRAINING TEXT. Archive shelf 87:19 contains three folders.
88,1,SYNTHETIC TRAINING TEXT. Archive shelf 88:1 contains three folders.
88,2,SYNTHETIC TRAINING TEXT. Archive shelf 88:2 contains three folders.
88,3,SYNTHETIC TRAINING TEXT. Archive shelf 88:3 contains three folders.
88,4,SYNTHETIC TRAINING TEXT. Archive shelf 88:4 contains three folders.
88,5,SYNTHETIC TRAINING TEXT. Archive shelf 88:5 contains three folders.
88,6,SYNTHETIC TRAINING TEXT. Archive shelf 88:6 contains three folders.
88,7,SYNTHETIC TRAINING TEXT. Archive shelf 88:7 contains three folders.
88,8,SYNTHETIC TRAINING TEXT. Archive shelf 88:8 contains three folders.
88,9,SYNTHETIC TRAINING TEXT. Archive shelf 88:9 contains three folders.
88,10,SYNTHETIC TRAINING TEXT. Archive shelf 88:10 contains three folders.
88,11,SYNTHETIC TRAINING TEXT. Archive shelf 88:11 contains three folders.
88,12,SYNTHETIC TRAINING TEXT. Archive shelf 88:12 contains three folders.
88,13,SYNTHETIC TRAINING TEXT. Archive shelf 88:13 contains three folders.
88,14,SYNTHETIC TRAINING TEXT. Archive shelf 88:14 contains three folders.
88,15,SYNTHETIC TRAINING TEXT. Archive shelf 88:15 contains three folders.
88,16,SYNTHETIC TRAINING TEXT. Archive shelf 88:16 contains three folders.
88,17,SYNTHETIC TRAINING TEXT. Archive shelf 88:17 contains three folders.
88,18,SYNTHETIC TRAINING TEXT. Archive shelf 88:18 contains three folders.
88,19,SYNTHETIC TRAINING TEXT. Archive shelf 88:19 contains three folders.
88,20,SYNTHETIC TRAINING TEXT. Archive shelf 88:20 contains three folders.
88,21,SYNTHETIC TRAINING TEXT. Archive shelf 88:21 contains three folders.
88,22,SYNTHETIC TRAINING TEXT. Archive shelf 88:22 contains three folders.
88,23,SYNTHETIC TRAINING TEXT. Archive shelf 88:23 contains three folders.
88,24,SYNTHETIC TRAINING TEXT. Archive shelf 88:24 contains three folders.
88,25,SYNTHETIC TRAINING TEXT. Archive shelf 88:25 contains three folders.
88,26,SYNTHETIC TRAINING TEXT. Archive shelf 88:26 contains three folders.
89,1,SYNTHETIC TRAINING TEXT. Archive shelf 89:1 contains three folders.
89,2,SYNTHETIC TRAINING TEXT. Archive shelf 89:2 contains three folders.
89,3,SYNTHETIC TRAINING TEXT. Archive shelf 89:3 contains three folders.
89,4,SYNTHETIC TRAINING TEXT. Archive shelf 89:4 contains three folders.
89,5,SYNTHETIC TRAINING TEXT. Archive shelf 89:5 contains three folders.
89,6,SYNTHETIC TRAINING TEXT. Archive shelf 89:6 contains three folders.
89,7,SYNTHETIC TRAINING TEXT. Archive shelf 89:7 contains three folders.
89,8,SYNTHETIC TRAINING TEXT. Archive shelf 89:8 contains three folders.
89,9,SYNTHETIC TRAINING TEXT. Archive shelf 89:9 contains three folders.
89,10,SYNTHETIC TRAINING TEXT. Archive shelf 89:10 contains three folders.
89,11,SYNTHETIC TRAINING TEXT. Archive shelf 89:11 contains three folders.
89,12,SYNTHETIC TRAINING TEXT. Archive shelf 89:12 contains three folders.
89,13,SYNTHETIC TRAINING TEXT. Archive shelf 89:13 contains three folders.
89,14,SYNTHETIC TRAINING TEXT. Archive shelf 89:14 contains three folders.
89,15,SYNTHETIC TRAINING TEXT. Archive shelf 89:15 contains three folders.
89,16,SYNTHETIC TRAINING TEXT. Archive shelf 89:16 contains three folders.
89,17,SYNTHETIC TRAINING TEXT. Archive shelf 89:17 contains three folders.
89,18,SYNTHETIC TRAINING TEXT. Archive shelf 89:18 contains three folders.
89,19,SYNTHETIC TRAINING TEXT. Archive shelf 89:19 contains three folders.
89,20,SYNTHETIC TRAINING TEXT. Archive shelf 89:20 contains three folders.
89,21,SYNTHETIC TRAINING TEXT. Archive shelf 89:21 contains three folders.
89,22,SYNTHETIC TRAINING TEXT. Archive shelf 89:22 contains three folders.
89,23,SYNTHETIC TRAINING TEXT. Archive shelf 89:23 contains three folders.
89,24,SYNTHETIC TRAINING TEXT. Archive shelf 89:24 contains three folders.
89,25,SYNTHETIC TRAINING TEXT. Archive shelf 89:25 contains three folders.
89,26,SYNTHETIC TRAINING TEXT. Archive shelf 89:26 contains three folders.
89,27,SYNTHETIC TRAINING TEXT. Archive shelf 89:27 contains three folders.
89,28,SYNTHETIC TRAINING TEXT. Archive shelf 89:28 contains three folders.
89,29,SYNTHETIC TRAINING TEXT. Archive shelf 89:29 contains three folders.
89,30,SYNTHETIC TRAINING TEXT. Archive shelf 89:30 contains three folders.
90,1,SYNTHETIC TRAINING TEXT. Archive shelf 90:1 contains three folders.
90,2,SYNTHETIC TRAINING TEXT. Archive shelf 90:2 contains three folders.
90,3,SYNTHETIC TRAINING TEXT. Archive shelf 90:3 contains three folders.
90,4,SYNTHETIC TRAINING TEXT. Archive shelf 90:4 contains three folders.
90,5,SYNTHETIC TRAINING TEXT. Archive shelf 90:5 contains three folders.
90,6,SYNTHETIC TRAINING TEXT. Archive shelf 90:6 contains three folders.
90,7,SYNTHETIC TRAINING TEXT. Archive shelf 90:7 contains three folders.
90,8,SYNTHETIC TRAINING TEXT. Archive shelf 90:8 contains three folders.
90,9,SYNTHETIC TRAINING TEXT. Archive shelf 90:9 contains three folders.
90,10,SYNTHETIC TRAINING TEXT. Archive shelf 90:10 contains three folders.
90,11,SYNTHETIC TRAINING TEXT. Archive shelf 90:11 contains three folders.
90,12,SYNTHETIC TRAINING TEXT. Archive shelf 90:12 contains three folders.
90,13,SYNTHETIC TRAINING TEXT. Archive shelf 90:13 contains three folders.
90,14,SYNTHETIC TRAINING TEXT. Archive shelf 90:14 contains three folders.
90,15,SYNTHETIC TRAINING TEXT. Archive shelf 90:15 contains three folders.
90,16,SYNTHETIC TRAINING TEXT. Archive shelf 90:16 contains three folders.
90,17,SYNTHETIC TRAINING TEXT. Archive shelf 90:17 contains three folders.
90,18,SYNTHETIC TRAINING TEXT. Archive shelf 90:18 contains three folders.
90,19,SYNTHETIC TRAINING TEXT. Archive shelf 90:19 contains three folders.
90,20,SYNTHETIC TRAINING TEXT. Archive shelf 90:20 contains three folders.
91,1,SYNTHETIC TRAINING TEXT. Archive shelf 91:1 contains three folders.
91,2,SYNTHETIC TRAINING TEXT. Archive shelf 91:2 contains three folders.
91,3,SYNTHETIC TRAINING TEXT. Archive shelf 91:3 contains three folders.
91,4,SYNTHETIC TRAINING TEXT. Archive shelf 91:4 contains three folders.
91,5,SYNTHETIC TRAINING TEXT. Archive shelf 91:5 contains three folders.
91,6,SYNTHETIC TRAINING TEXT. Archive shelf 91:6 contains three folders.
91,7,SYNTHETIC TRAINING TEXT. Archive shelf 91:7 contains three folders.
91,8,SYNTHETIC TRAINING TEXT. Archive shelf 91:8 contains three folders.
91,9,SYNTHETIC TRAINING TEXT. Archive shelf 91:9 contains three folders.
91,10,SYNTHETIC TRAINING TEXT. Archive shelf 91:10 contains three folders.
91,11,SYNTHETIC TRAINING TEXT. Archive shelf 91:11 contains three folders.
91,12,SYNTHETIC TRAINING TEXT. Archive shelf 91:12 contains three folders.
91,13,SYNTHETIC TRAINING TEXT. Archive shelf 91:13 contains three folders.
91,14,SYNTHETIC TRAINING TEXT. Archive shelf 91:14 contains three folders.
91,15,SYNTHETIC TRAINING TEXT. Archive shelf 91:15 contains three folders.
92,1,SYNTHETIC TRAINING TEXT. Archive shelf 92:1 contains three folders.
92,2,SYNTHETIC TRAINING TEXT. Archive shelf 92:2 contains three folders.
92,3,SYNTHETIC TRAINING TEXT. Archive shelf 92:3 contains three folders.
92,4,SYNTHETIC TRAINING TEXT. Archive shelf 92:4 contains three folders.
92,5,SYNTHETIC TRAINING TEXT. Archive shelf 92:5 contains three folders.
92,6,SYNTHETIC TRAINING TEXT. Archive shelf 92:6 contains three folders.
92,7,SYNTHETIC TRAINING TEXT. Archive shelf 92:7 contains three folders.
92,8,SYNTHETIC TRAINING TEXT. Archive shelf 92:8 contains three folders.
92,9,SYNTHETIC TRAINING TEXT. Archive shelf 92:9 contains three folders.
92,10,SYNTHETIC TRAINING TEXT. Archive shelf 92:10 contains three folders.
92,11,SYNTHETIC TRAINING TEXT. Archive shelf 92:11 contains three folders.
92,12,SYNTHETIC TRAINING TEXT. Archive shelf 92:12 contains three folders.
92,13,SYNTHETIC TRAINING TEXT. Archive shelf 92:13 contains three folders.
92,14,SYNTHETIC TRAINING TEXT. Archive shelf 92:14 contains three folders.
92,15,SYNTHETIC TRAINING TEXT. Archive shelf 92:15 contains three folders.
92,16,SYNTHETIC TRAINING TEXT. Archive shelf 92:16 contains three folders.
92,17,SYNTHETIC TRAINING TEXT. Archive shelf 92:17 contains three folders.
92,18,SYNTHETIC TRAINING TEXT. Archive shelf 92:18 contains three folders.
92,19,SYNTHETIC TRAINING TEXT. Archive shelf 92:19 contains three folders.
92,20,SYNTHETIC TRAINING TEXT. Archive shelf 92:20 contains three folders.
92,21,SYNTHETIC TRAINING TEXT. Archive shelf 92:21 contains three folders.
93,1,SYNTHETIC TRAINING TEXT. Archive shelf 93:1 contains three folders.
93,2,SYNTHETIC TRAINING TEXT. Archive shelf 93:2 contains three folders.
93,3,SYNTHETIC TRAINING TEXT. Archive shelf 93:3 contains three folders.
93,4,SYNTHETIC TRAINING TEXT. Archive shelf 93:4 contains three folders.
93,5,SYNTHETIC TRAINING TEXT. Archive shelf 93:5 contains three folders.
93,6,SYNTHETIC TRAINING TEXT. Archive shelf 93:6 contains three folders.
93,7,SYNTHETIC TRAINING TEXT. Archive shelf 93:7 contains three folders.
93,8,SYNTHETIC TRAINING TEXT. Archive shelf 93:8 contains three folders.
93,9,SYNTHETIC TRAINING TEXT. Archive shelf 93:9 contains three folders.
93,10,SYNTHETIC TRAINING TEXT. Archive shelf 93:10 contains three folders.
93,11,SYNTHETIC TRAINING TEXT. Archive shelf 93:11 contains three folders.
94,1,SYNTHETIC TRAINING TEXT. Archive shelf 94:1 contains three folders.
94,2,SYNTHETIC TRAINING TEXT. Archive shelf 94:2 contains three folders.
94,3,SYNTHETIC TRAINING TEXT. Archive shelf 94:3 contains three folders.
94,4,SYNTHETIC TRAINING TEXT. Archive shelf 94:4 contains three folders.
94,5,SYNTHETIC TRAINING TEXT. Archive shelf 94:5 contains three folders.
94,6,SYNTHETIC TRAINING TEXT. Archive shelf 94:6 contains three folders.
94,7,SYNTHETIC TRAINING TEXT. Archive shelf 94:7 contains three folders.
94,8,SYNTHETIC TRAINING TEXT. Archive shelf 94:8 contains three folders.
95,1,SYNTHETIC TRAINING TEXT. Archive shelf 95:1 contains three folders.
95,2,SYNTHETIC TRAINING TEXT. Archive shelf 95:2 contains three folders.
95,3,SYNTHETIC TRAINING TEXT. Archive shelf 95:3 contains three folders.
95,4,SYNTHETIC TRAINING TEXT. Archive shelf 95:4 contains three folders.
95,5,SYNTHETIC TRAINING TEXT. Archive shelf 95:5 contains three folders.
95,6,SYNTHETIC TRAINING TEXT. Archive shelf 95:6 contains three folders.
95,7,SYNTHETIC TRAINING TEXT. Archive shelf 95:7 contains three folders.
95,8,SYNTHETIC TRAINING TEXT. Archive shelf 95:8 contains three folders.
96,1,SYNTHETIC TRAINING TEXT. Archive shelf 96:1 contains three folders.
96,2,SYNTHETIC TRAINING TEXT. Archive shelf 96:2 contains three folders.
96,3,SYNTHETIC TRAINING TEXT. Archive shelf 96:3 contains three folders.
96,4,SYNTHETIC TRAINING TEXT. Archive shelf 96:4 contains three folders.
96,5,SYNTHETIC TRAINING TEXT. Archive shelf 96:5 contains three folders.
96,6,SYNTHETIC TRAINING TEXT. Archive shelf 96:6 contains three folders.
96,7,SYNTHETIC TRAINING TEXT. Archive shelf 96:7 contains three folders.
96,8,SYNTHETIC TRAINING TEXT. Archive shelf 96:8 contains three folders.
96,9,SYNTHETIC TRAINING TEXT. Archive shelf 96:9 contains three folders.
96,10,SYNTHETIC TRAINING TEXT. Archive shelf 96:10 contains three folders.
96,11,SYNTHETIC TRAINING TEXT. Archive shelf 96:11 contains three folders.
96,12,SYNTHETIC TRAINING TEXT. Archive shelf 96:12 contains three folders.
96,13,SYNTHETIC TRAINING TEXT. Archive shelf 96:13 contains three folders.
96,14,SYNTHETIC TRAINING TEXT. Archive shelf 96:14 contains three folders.
96,15,SYNTHETIC TRAINING TEXT. Archive shelf 96:15 contains three folders.
96,16,SYNTHETIC TRAINING TEXT. Archive shelf 96:16 contains three folders.
96,17,SYNTHETIC TRAINING TEXT. Archive shelf 96:17 contains three folders.
96,18,SYNTHETIC TRAINING TEXT. Archive shelf 96:18 contains three folders.
96,19,SYNTHETIC TRAINING TEXT. Archive shelf 96:19 contains three folders.
97,1,SYNTHETIC TRAINING TEXT. Archive shelf 97:1 contains three folders.
97,2,SYNTHETIC TRAINING TEXT. Archive shelf 97:2 contains three folders.
97,3,SYNTHETIC TRAINING TEXT. Archive shelf 97:3 contains three folders.
97,4,SYNTHETIC TRAINING TEXT. Archive shelf 97:4 contains three folders.
97,5,SYNTHETIC TRAINING TEXT. Archive shelf 97:5 contains three folders.
98,1,SYNTHETIC TRAINING TEXT. Archive shelf 98:1 contains three folders.
98,2,SYNTHETIC TRAINING TEXT. Archive shelf 98:2 contains three folders.
98,3,SYNTHETIC TRAINING TEXT. Archive shelf 98:3 contains three folders.
98,4,SYNTHETIC TRAINING TEXT. Archive shelf 98:4 contains three folders.
98,5,SYNTHETIC TRAINING TEXT. Archive shelf 98:5 contains three folders.
98,6,SYNTHETIC TRAINING TEXT. Archive shelf 98:6 contains three folders.
98,7,SYNTHETIC TRAINING TEXT. Archive shelf 98:7 contains three folders.
98,8,SYNTHETIC TRAINING TEXT. Archive shelf 98:8 contains three folders.
99,1,SYNTHETIC TRAINING TEXT. Archive shelf 99:1 contains three folders.
99,2,SYNTHETIC TRAINING TEXT. Archive shelf 99:2 contains three folders.
99,3,SYNTHETIC TRAINING TEXT. Archive shelf 99:3 contains three folders.
99,4,SYNTHETIC TRAINING TEXT. Archive shelf 99:4 contains three folders.
99,5,SYNTHETIC TRAINING TEXT. Archive shelf 99:5 contains three folders.
99,6,SYNTHETIC TRAINING TEXT. Archive shelf 99:6 contains three folders.
99,7,SYNTHETIC TRAINING TEXT. Archive shelf 99:7 contains three folders.
99,8,SYNTHETIC TRAINING TEXT. Archive shelf 99:8 contains three folders.
100,1,SYNTHETIC TRAINING TEXT. Archive shelf 100:1 contains three folders.
100,2,SYNTHETIC TRAINING TEXT. Archive shelf 100:2 contains three folders.
100,3,SYNTHETIC TRAINING TEXT. Archive shelf 100:3 contains three folders.
100,4,SYNTHETIC TRAINING TEXT. Archive shelf 100:4 contains three folders.
100,5,SYNTHETIC TRAINING TEXT. Archive shelf 100:5 contains three folders.
100,6,SYNTHETIC TRAINING TEXT. Archive shelf 100:6 contains three folders.
100,7,SYNTHETIC TRAINING TEXT. Archive shelf 100:7 contains three folders.
100,8,SYNTHETIC TRAINING TEXT. Archive shelf 100:8 contains three folders.
100,9,SYNTHETIC TRAINING TEXT. Archive shelf 100:9 contains three folders.
100,10,SYNTHETIC TRAINING TEXT. Archive shelf 100:10 contains three folders.
100,11,SYNTHETIC TRAINING TEXT. Archive shelf 100:11 contains three folders.
101,1,SYNTHETIC TRAINING TEXT. Archive shelf 101:1 contains three folders.
101,2,SYNTHETIC TRAINING TEXT. Archive shelf 101:2 contains three folders.
101,3,SYNTHETIC TRAINING TEXT. Archive shelf 101:3 contains three folders.
101,4,SYNTHETIC TRAINING TEXT. Archive shelf 101:4 contains three folders.
101,5,SYNTHETIC TRAINING TEXT. Archive shelf 101:5 contains three folders.
101,6,SYNTHETIC TRAINING TEXT. Archive shelf 101:6 contains three folders.
101,7,SYNTHETIC TRAINING TEXT. Archive shelf 101:7 contains three folders.
101,8,SYNTHETIC TRAINING TEXT. Archive shelf 101:8 contains three folders.
101,9,SYNTHETIC TRAINING TEXT. Archive shelf 101:9 contains three folders.
101,10,SYNTHETIC TRAINING TEXT. Archive shelf 101:10 contains three folders.
101,11,SYNTHETIC TRAINING TEXT. Archive shelf 101:11 contains three folders.
102,1,SYNTHETIC TRAINING TEXT. Archive shelf 102:1 contains three folders.
102,2,SYNTHETIC TRAINING TEXT. Archive shelf 102:2 contains three folders.
102,3,SYNTHETIC TRAINING TEXT. Archive shelf 102:3 contains three folders.
102,4,SYNTHETIC TRAINING TEXT. Archive shelf 102:4 contains three folders.
102,5,SYNTHETIC TRAINING TEXT. Archive shelf 102:5 contains three folders.
102,6,SYNTHETIC TRAINING TEXT. Archive shelf 102:6 contains three folders.
102,7,SYNTHETIC TRAINING TEXT. Archive shelf 102:7 contains three folders.
102,8,SYNTHETIC TRAINING TEXT. Archive shelf 102:8 contains three folders.
103,1,SYNTHETIC TRAINING TEXT. Archive shelf 103:1 contains three folders.
103,2,SYNTHETIC TRAINING TEXT. Archive shelf 103:2 contains three folders.
103,3,SYNTHETIC TRAINING TEXT. Archive shelf 103:3 contains three folders.
104,1,SYNTHETIC TRAINING TEXT. Archive shelf 104:1 contains three folders.
104,2,SYNTHETIC TRAINING TEXT. Archive shelf 104:2 contains three folders.
104,3,SYNTHETIC TRAINING TEXT. Archive shelf 104:3 contains three folders.
104,4,SYNTHETIC TRAINING TEXT. Archive shelf 104:4 contains three folders.
104,5,SYNTHETIC TRAINING TEXT. Archive shelf 104:5 contains three folders.
104,6,SYNTHETIC TRAINING TEXT. Archive shelf 104:6 contains three folders.
104,7,SYNTHETIC TRAINING TEXT. Archive shelf 104:7 contains three folders.
104,8,SYNTHETIC TRAINING TEXT. Archive shelf 104:8 contains three folders.
104,9,SYNTHETIC TRAINING TEXT. Archive shelf 104:9 contains three folders.
105,1,SYNTHETIC TRAINING TEXT. Archive shelf 105:1 contains three folders.
105,2,SYNTHETIC TRAINING TEXT. Archive shelf 105:2 contains three folders.
105,3,SYNTHETIC TRAINING TEXT. Archive shelf 105:3 contains three folders.
105,4,SYNTHETIC TRAINING TEXT. Archive shelf 105:4 contains three folders.
105,5,SYNTHETIC TRAINING TEXT. Archive shelf 105:5 contains three folders.
106,1,SYNTHETIC TRAINING TEXT. Archive shelf 106:1 contains three folders.
106,2,SYNTHETIC TRAINING TEXT. Archive shelf 106:2 contains three folders.
106,3,SYNTHETIC TRAINING TEXT. Archive shelf 106:3 contains three folders.
106,4,SYNTHETIC TRAINING TEXT. Archive shelf 106:4 contains three folders.
107,1,SYNTHETIC TRAINING TEXT. Archive shelf 107:1 contains three folders.
107,2,SYNTHETIC TRAINING TEXT. Archive shelf 107:2 contains three folders.
107,3,SYNTHETIC TRAINING TEXT. Archive shelf 107:3 contains three folders.
107,4,SYNTHETIC TRAINING TEXT. Archive shelf 107:4 contains three folders.
107,5,SYNTHETIC TRAINING TEXT. Archive shelf 107:5 contains three folders.
107,6,SYNTHETIC TRAINING TEXT. Archive shelf 107:6 contains three folders.
107,7,SYNTHETIC TRAINING TEXT. Archive shelf 107:7 contains three folders.
108,1,SYNTHETIC TRAINING TEXT. Archive shelf 108:1 contains three folders.
108,2,SYNTHETIC TRAINING TEXT. Archive shelf 108:2 contains three folders.
108,3,SYNTHETIC TRAINING TEXT. Archive shelf 108:3 contains three folders.
109,1,SYNTHETIC TRAINING TEXT. Archive shelf 109:1 contains three folders.
109,2,SYNTHETIC TRAINING TEXT. Archive shelf 109:2 contains three folders.
109,3,SYNTHETIC TRAINING TEXT. Archive shelf 109:3 contains three folders.
109,4,SYNTHETIC TRAINING TEXT. Archive shelf 109:4 contains three folders.
109,5,SYNTHETIC TRAINING TEXT. Archive shelf 109:5 contains three folders.
109,6,SYNTHETIC TRAINING TEXT. Archive shelf 109:6 contains three folders.
110,1,SYNTHETIC TRAINING TEXT. Archive shelf 110:1 contains three folders.
110,2,SYNTHETIC TRAINING TEXT. Archive shelf 110:2 contains three folders.
110,3,SYNTHETIC TRAINING TEXT. Archive shelf 110:3 contains three folders.
111,1,SYNTHETIC TRAINING TEXT. Archive shelf 111:1 contains three folders.
111,2,SYNTHETIC TRAINING TEXT. Archive shelf 111:2 contains three folders.
111,3,SYNTHETIC TRAINING TEXT. Archive shelf 111:3 contains three folders.
111,4,SYNTHETIC TRAINING TEXT. Archive shelf 111:4 contains three folders.
111,5,SYNTHETIC TRAINING TEXT. Archive shelf 111:5 contains three folders.
112,1,SYNTHETIC TRAINING TEXT. Archive shelf 112:1 contains three folders.
112,2,SYNTHETIC TRAINING TEXT. Archive shelf 112:2 contains three folders.
112,2,SYNTHETIC TRAINING TEXT. Archive shelf 112:2 contains three folders.
112,3,SYNTHETIC TRAINING TEXT. Archive shelf 112:3 contains three folders.
112,4,SYNTHETIC TRAINING TEXT. Archive shelf 112:4 contains three folders.
113,1,SYNTHETIC TRAINING TEXT. Archive shelf 113:1 contains three folders.
113,2,SYNTHETIC TRAINING TEXT. Archive shelf 113:2 contains three folders.
113,3,SYNTHETIC TRAINING TEXT. Archive shelf 113:3 contains three folders.
113,4,SYNTHETIC TRAINING TEXT. Archive shelf 113:4 contains three folders.
113,5,SYNTHETIC TRAINING TEXT. Archive shelf 113:5 contains three folders.
114,1,SYNTHETIC TRAINING TEXT. Archive shelf 114:1 contains three folders.
114,2,SYNTHETIC TRAINING TEXT. Archive shelf 114:2 contains three folders.
114,3,SYNTHETIC TRAINING TEXT. Archive shelf 114:3 contains three folders.
114,4,SYNTHETIC TRAINING TEXT. Archive shelf 114:4 contains three folders.
114,5,SYNTHETIC TRAINING TEXT. Archive shelf 114:5 contains three folders.
114,6,SYNTHETIC TRAINING TEXT. Archive shelf 114:6 contains three folders.
115,1,SYNTHETIC TRAINING TEXT. This deliberately invalid identifier tests the bounds check.
